Prompt_Id,PI_A,PI_B,CSAT_A,CSAT_B,HL_A,HL_B,CMP_A,CMP_B,Delta_PI,Delta_CSAT,Delta_HL,Delta_CMP
P03,4.136,4.013,,,4.069,3.86,,,-0.12300000000000022,,-0.20900000000000007,
P04,4.159,3.907,,,4.129,4.16,4.137,4.049,-0.2519999999999998,,0.031000000000000583,-0.08799999999999919
P07,4.089,3.92,3.963,4.06,,,4.129,2.997,-0.16900000000000048,0.09699999999999953,,-1.1319999999999997
P08,4.129,3.771,4.043,3.92,3.797,4.26,,,-0.35799999999999965,-0.12300000000000022,0.46299999999999963,
P23,4.146,4.084,3.897,3.649,,,4.026,4.011,-0.06200000000000028,-0.24799999999999978,,-0.01499999999999968
