participant_id,pair_id,Prompt_Id,condition,construct,mean_score
R001,P1,P04,A,CMP,5.0
R001,P1,P04,A,HL,4.0
R001,P1,P04,A,PI,2.5
R001,P1,P04,B,CMP,2.0
R001,P1,P04,B,HL,5.0
R001,P1,P04,B,PI,4.0
R001,P2,P03,A,HL,1.0
R001,P2,P03,A,PI,3.5
R001,P2,P03,B,HL,4.0
R001,P2,P03,B,PI,3.5
R001,P3,P23,A,CMP,2.0
R001,P3,P23,A,CSAT,3.0
R001,P3,P23,A,PI,3.0
R001,P3,P23,B,CMP,2.0
R001,P3,P23,B,CSAT,4.0
R001,P3,P23,B,PI,4.0
R001,P4,P07,A,CMP,3.0
R001,P4,P07,A,CSAT,2.0
R001,P4,P07,A,PI,4.5
R001,P4,P07,B,CMP,2.0
R001,P4,P07,B,CSAT,5.0
R001,P4,P07,B,PI,3.5
R001,P5,P08,A,CSAT,4.0
R001,P5,P08,A,HL,3.0
R001,P5,P08,A,PI,3.0
R001,P5,P08,B,CSAT,4.0
R001,P5,P08,B,HL,3.0
R001,P5,P08,B,PI,4.0
R002,P1,P04,A,CMP,3.0
R002,P1,P04,A,HL,4.0
R002,P1,P04,A,PI,5.0
R002,P1,P04,B,CMP,5.0
R002,P1,P04,B,HL,3.0
R002,P1,P04,B,PI,4.0
R002,P2,P03,A,HL,3.0
R002,P2,P03,A,PI,5.0
R002,P2,P03,B,HL,5.0
R002,P2,P03,B,PI,4.5
R002,P3,P23,A,CMP,4.0
R002,P3,P23,A,CSAT,4.0
R002,P3,P23,A,PI,4.5
R002,P3,P23,B,CMP,3.0
R002,P3,P23,B,CSAT,4.0
R002,P3,P23,B,PI,4.0
R002,P4,P07,A,CMP,4.0
R002,P4,P07,A,CSAT,2.0
R002,P4,P07,A,PI,4.5
R002,P4,P07,B,CMP,3.0
R002,P4,P07,B,CSAT,3.0
R002,P4,P07,B,PI,4.0
R002,P5,P08,A,CSAT,5.0
R002,P5,P08,A,HL,5.0
R002,P5,P08,A,PI,4.5
R002,P5,P08,B,CSAT,5.0
R002,P5,P08,B,HL,4.0
R002,P5,P08,B,PI,3.5
R003,P1,P04,A,CMP,4.0
R003,P1,P04,A,HL,4.0
R003,P1,P04,A,PI,4.5
R003,P1,P04,B,CMP,2.0
R003,P1,P04,B,HL,5.0
R003,P1,P04,B,PI,3.5
R003,P2,P03,A,HL,4.0
R003,P2,P03,A,PI,4.0
R003,P2,P03,B,HL,5.0
R003,P2,P03,B,PI,2.5
R003,P3,P23,A,CMP,3.0
R003,P3,P23,A,CSAT,3.0
R003,P3,P23,A,PI,4.5
R003,P3,P23,B,CMP,4.0
R003,P3,P23,B,CSAT,3.0
R003,P3,P23,B,PI,4.5
R003,P4,P07,A,CMP,5.0
R003,P4,P07,A,CSAT,3.0
R003,P4,P07,A,PI,4.0
R003,P4,P07,B,CMP,2.0
R003,P4,P07,B,CSAT,3.0
R003,P4,P07,B,PI,3.5
R003,P5,P08,A,CSAT,5.0
R003,P5,P08,A,HL,3.0
R003,P5,P08,A,PI,4.0
R003,P5,P08,B,CSAT,4.0
R003,P5,P08,B,HL,2.0
R003,P5,P08,B,PI,4.0
R004,P1,P04,A,CMP,4.0
R004,P1,P04,A,HL,4.0
R004,P1,P04,A,PI,4.5
R004,P1,P04,B,CMP,5.0
R004,P1,P04,B,HL,5.0
R004,P1,P04,B,PI,4.5
R004,P2,P03,A,HL,3.0
R004,P2,P03,A,PI,4.0
R004,P2,P03,B,HL,2.0
R004,P2,P03,B,PI,5.0
R004,P3,P23,A,CMP,4.0
R004,P3,P23,A,CSAT,4.0
R004,P3,P23,A,PI,5.0
R004,P3,P23,B,CMP,5.0
R004,P3,P23,B,CSAT,3.0
R004,P3,P23,B,PI,3.5
R004,P4,P07,A,CMP,5.0
R004,P4,P07,A,CSAT,4.0
R004,P4,P07,A,PI,3.5
R004,P4,P07,B,CMP,2.0
R004,P4,P07,B,CSAT,5.0
R004,P4,P07,B,PI,4.5
R004,P5,P08,A,CSAT,2.0
R004,P5,P08,A,HL,4.0
R004,P5,P08,A,PI,4.0
R004,P5,P08,B,CSAT,3.0
R004,P5,P08,B,HL,5.0
R004,P5,P08,B,PI,5.0
R005,P1,P04,A,CMP,5.0
R005,P1,P04,A,HL,5.0
R005,P1,P04,A,PI,4.5
R005,P1,P04,B,CMP,4.0
R005,P1,P04,B,HL,3.0
R005,P1,P04,B,PI,4.0
R005,P2,P03,A,HL,4.0
R005,P2,P03,A,PI,5.0
R005,P2,P03,B,HL,4.0
R005,P2,P03,B,PI,4.0
R005,P3,P23,A,CMP,5.0
R005,P3,P23,A,CSAT,5.0
R005,P3,P23,A,PI,4.5
R005,P3,P23,B,CMP,2.0
R005,P3,P23,B,CSAT,3.0
R005,P3,P23,B,PI,3.0
R005,P4,P07,A,CMP,4.0
R005,P4,P07,A,CSAT,4.0
R005,P4,P07,A,PI,4.0
R005,P4,P07,B,CMP,4.0
R005,P4,P07,B,CSAT,3.0
R005,P4,P07,B,PI,4.0
R005,P5,P08,A,CSAT,4.0
R005,P5,P08,A,HL,4.0
R005,P5,P08,A,PI,4.0
R005,P5,P08,B,CSAT,3.0
R005,P5,P08,B,HL,4.0
R005,P5,P08,B,PI,3.0
R006,P1,P04,A,CMP,4.0
R006,P1,P04,A,HL,4.0
R006,P1,P04,A,PI,4.0
R006,P1,P04,B,CMP,3.0
R006,P1,P04,B,HL,4.0
R006,P1,P04,B,PI,2.5
R006,P2,P03,A,HL,4.0
R006,P2,P03,A,PI,4.0
R006,P2,P03,B,HL,3.0
R006,P2,P03,B,PI,2.0
R006,P3,P23,A,CMP,2.0
R006,P3,P23,A,CSAT,3.0
R006,P3,P23,A,PI,4.0
R006,P3,P23,B,CMP,4.0
R006,P3,P23,B,CSAT,4.0
R006,P3,P23,B,PI,3.0
R006,P4,P07,A,CMP,5.0
R006,P4,P07,A,CSAT,5.0
R006,P4,P07,A,PI,3.0
R006,P4,P07,B,CMP,4.0
R006,P4,P07,B,CSAT,5.0
R006,P4,P07,B,PI,5.0
R006,P5,P08,A,CSAT,3.0
R006,P5,P08,A,HL,1.0
R006,P5,P08,A,PI,3.0
R006,P5,P08,B,CSAT,4.0
R006,P5,P08,B,HL,4.0
R006,P5,P08,B,PI,4.0
R007,P1,P04,A,CMP,4.0
R007,P1,P04,A,HL,5.0
R007,P1,P04,A,PI,3.5
R007,P1,P04,B,CMP,5.0
R007,P1,P04,B,HL,3.0
R007,P1,P04,B,PI,2.5
R007,P2,P03,A,HL,4.0
R007,P2,P03,A,PI,4.5
R007,P2,P03,B,HL,4.0
R007,P2,P03,B,PI,2.0
R007,P3,P23,A,CMP,4.0
R007,P3,P23,A,CSAT,4.0
R007,P3,P23,A,PI,3.5
R007,P3,P23,B,CMP,4.0
R007,P3,P23,B,CSAT,3.0
R007,P3,P23,B,PI,4.5
R007,P4,P07,A,CMP,5.0
R007,P4,P07,A,CSAT,1.0
R007,P4,P07,A,PI,3.5
R007,P4,P07,B,CMP,4.0
R007,P4,P07,B,CSAT,1.0
R007,P4,P07,B,PI,4.5
R007,P5,P08,A,CSAT,3.0
R007,P5,P08,A,HL,1.0
R007,P5,P08,A,PI,4.5
R007,P5,P08,B,CSAT,5.0
R007,P5,P08,B,HL,4.0
R007,P5,P08,B,PI,1.5
R008,P1,P04,A,CMP,5.0
R008,P1,P04,A,HL,4.0
R008,P1,P04,A,PI,4.0
R008,P1,P04,B,CMP,2.0
R008,P1,P04,B,HL,5.0
R008,P1,P04,B,PI,3.5
R008,P2,P03,A,HL,4.0
R008,P2,P03,A,PI,4.0
R008,P2,P03,B,HL,2.0
R008,P2,P03,B,PI,4.5
R008,P3,P23,A,CMP,5.0
R008,P3,P23,A,CSAT,5.0
R008,P3,P23,A,PI,5.0
R008,P3,P23,B,CMP,4.0
R008,P3,P23,B,CSAT,5.0
R008,P3,P23,B,PI,4.0
R008,P4,P07,A,CMP,4.0
R008,P4,P07,A,CSAT,5.0
R008,P4,P07,A,PI,5.0
R008,P4,P07,B,CMP,4.0
R008,P4,P07,B,CSAT,3.0
R008,P4,P07,B,PI,3.5
R008,P5,P08,A,CSAT,5.0
R008,P5,P08,A,HL,4.0
R008,P5,P08,A,PI,4.0
R008,P5,P08,B,CSAT,4.0
R008,P5,P08,B,HL,4.0
R008,P5,P08,B,PI,3.0
R009,P1,P04,A,CMP,5.0
R009,P1,P04,A,HL,5.0
R009,P1,P04,A,PI,4.0
R009,P1,P04,B,CMP,4.0
R009,P1,P04,B,HL,4.0
R009,P1,P04,B,PI,1.0
R009,P2,P03,A,HL,4.0
R009,P2,P03,A,PI,3.5
R009,P2,P03,B,HL,3.0
R009,P2,P03,B,PI,4.5
R009,P3,P23,A,CMP,5.0
R009,P3,P23,A,CSAT,2.0
R009,P3,P23,A,PI,3.0
R009,P3,P23,B,CMP,4.0
R009,P3,P23,B,CSAT,5.0
R009,P3,P23,B,PI,4.0
R009,P4,P07,A,CMP,4.0
R009,P4,P07,A,CSAT,4.0
R009,P4,P07,A,PI,5.0
R009,P4,P07,B,CMP,4.0
R009,P4,P07,B,CSAT,4.0
R009,P4,P07,B,PI,3.5
R009,P5,P08,A,CSAT,4.0
R009,P5,P08,A,HL,4.0
R009,P5,P08,A,PI,3.5
R009,P5,P08,B,CSAT,2.0
R009,P5,P08,B,HL,5.0
R009,P5,P08,B,PI,3.5
R010,P1,P04,A,CMP,5.0
R010,P1,P04,A,HL,3.0
R010,P1,P04,A,PI,5.0
R010,P1,P04,B,CMP,3.0
R010,P1,P04,B,HL,2.0
R010,P1,P04,B,PI,5.0
R010,P2,P03,A,HL,2.0
R010,P2,P03,A,PI,4.5
R010,P2,P03,B,HL,4.0
R010,P2,P03,B,PI,5.0
R010,P3,P23,A,CMP,4.0
R010,P3,P23,A,CSAT,5.0
R010,P3,P23,A,PI,3.5
R010,P3,P23,B,CMP,4.0
R010,P3,P23,B,CSAT,2.0
R010,P3,P23,B,PI,4.5
R010,P4,P07,A,CMP,3.0
R010,P4,P07,A,CSAT,5.0
R010,P4,P07,A,PI,3.5
R010,P4,P07,B,CMP,2.0
R010,P4,P07,B,CSAT,3.0
R010,P4,P07,B,PI,5.0
R010,P5,P08,A,CSAT,4.0
R010,P5,P08,A,HL,4.0
R010,P5,P08,A,PI,4.0
R010,P5,P08,B,CSAT,4.0
R010,P5,P08,B,HL,5.0
R010,P5,P08,B,PI,3.5
R011,P1,P04,A,CMP,5.0
R011,P1,P04,A,HL,3.0
R011,P1,P04,A,PI,3.5
R011,P1,P04,B,CMP,1.0
R011,P1,P04,B,HL,5.0
R011,P1,P04,B,PI,3.0
R011,P2,P03,A,HL,5.0
R011,P2,P03,A,PI,5.0
R011,P2,P03,B,HL,5.0
R011,P2,P03,B,PI,3.5
R011,P3,P23,A,CMP,5.0
R011,P3,P23,A,CSAT,4.0
R011,P3,P23,A,PI,3.5
R011,P3,P23,B,CMP,4.0
R011,P3,P23,B,CSAT,3.0
R011,P3,P23,B,PI,4.5
R011,P4,P07,A,CMP,5.0
R011,P4,P07,A,CSAT,5.0
R011,P4,P07,A,PI,4.0
R011,P4,P07,B,CMP,3.0
R011,P4,P07,B,CSAT,4.0
R011,P4,P07,B,PI,5.0
R011,P5,P08,A,CSAT,3.0
R011,P5,P08,A,HL,4.0
R011,P5,P08,A,PI,5.0
R011,P5,P08,B,CSAT,4.0
R011,P5,P08,B,HL,3.0
R011,P5,P08,B,PI,3.5
R012,P1,P04,A,CMP,4.0
R012,P1,P04,A,HL,4.0
R012,P1,P04,A,PI,4.0
R012,P1,P04,B,CMP,5.0
R012,P1,P04,B,HL,3.0
R012,P1,P04,B,PI,5.0
R012,P2,P03,A,HL,5.0
R012,P2,P03,A,PI,2.5
R012,P2,P03,B,HL,4.0
R012,P2,P03,B,PI,5.0
R012,P3,P23,A,CMP,5.0
R012,P3,P23,A,CSAT,5.0
R012,P3,P23,A,PI,4.5
R012,P3,P23,B,CMP,4.0
R012,P3,P23,B,CSAT,3.0
R012,P3,P23,B,PI,4.5
R012,P4,P07,A,CMP,5.0
R012,P4,P07,A,CSAT,4.0
R012,P4,P07,A,PI,5.0
R012,P4,P07,B,CMP,4.0
R012,P4,P07,B,CSAT,5.0
R012,P4,P07,B,PI,3.0
R012,P5,P08,A,CSAT,3.0
R012,P5,P08,A,HL,4.0
R012,P5,P08,A,PI,4.5
R012,P5,P08,B,CSAT,5.0
R012,P5,P08,B,HL,4.0
R012,P5,P08,B,PI,3.0
R013,P1,P04,A,CMP,5.0
R013,P1,P04,A,HL,4.0
R013,P1,P04,A,PI,5.0
R013,P1,P04,B,CMP,3.0
R013,P1,P04,B,HL,3.0
R013,P1,P04,B,PI,3.0
R013,P2,P03,A,HL,3.0
R013,P2,P03,A,PI,4.0
R013,P2,P03,B,HL,4.0
R013,P2,P03,B,PI,4.5
R013,P3,P23,A,CMP,5.0
R013,P3,P23,A,CSAT,5.0
R013,P3,P23,A,PI,3.5
R013,P3,P23,B,CMP,3.0
R013,P3,P23,B,CSAT,4.0
R013,P3,P23,B,PI,3.5
R013,P4,P07,A,CMP,4.0
R013,P4,P07,A,CSAT,4.0
R013,P4,P07,A,PI,3.0
R013,P4,P07,B,CMP,3.0
R013,P4,P07,B,CSAT,5.0
R013,P4,P07,B,PI,4.5
R013,P5,P08,A,CSAT,4.0
R013,P5,P08,A,HL,4.0
R013,P5,P08,A,PI,4.0
R013,P5,P08,B,CSAT,5.0
R013,P5,P08,B,HL,5.0
R013,P5,P08,B,PI,4.0
R014,P1,P04,A,CMP,3.0
R014,P1,P04,A,HL,2.0
R014,P1,P04,A,PI,4.0
R014,P1,P04,B,CMP,2.0
R014,P1,P04,B,HL,5.0
R014,P1,P04,B,PI,3.0
R014,P2,P03,A,HL,4.0
R014,P2,P03,A,PI,4.5
R014,P2,P03,B,HL,4.0
R014,P2,P03,B,PI,4.5
R014,P3,P23,A,CMP,5.0
R014,P3,P23,A,CSAT,5.0
R014,P3,P23,A,PI,3.5
R014,P3,P23,B,CMP,3.0
R014,P3,P23,B,CSAT,4.0
R014,P3,P23,B,PI,3.5
R014,P4,P07,A,CMP,3.0
R014,P4,P07,A,CSAT,4.0
R014,P4,P07,A,PI,5.0
R014,P4,P07,B,CMP,4.0
R014,P4,P07,B,CSAT,4.0
R014,P4,P07,B,PI,4.0
R014,P5,P08,A,CSAT,5.0
R014,P5,P08,A,HL,4.0
R014,P5,P08,A,PI,4.0
R014,P5,P08,B,CSAT,3.0
R014,P5,P08,B,HL,4.0
R014,P5,P08,B,PI,4.0
R015,P1,P04,A,CMP,4.0
R015,P1,P04,A,HL,3.0
R015,P1,P04,A,PI,4.0
R015,P1,P04,B,CMP,5.0
R015,P1,P04,B,HL,3.0
R015,P1,P04,B,PI,4.0
R015,P2,P03,A,HL,3.0
R015,P2,P03,A,PI,4.5
R015,P2,P03,B,HL,4.0
R015,P2,P03,B,PI,3.5
R015,P3,P23,A,CMP,4.0
R015,P3,P23,A,CSAT,4.0
R015,P3,P23,A,PI,4.5
R015,P3,P23,B,CMP,2.0
R015,P3,P23,B,CSAT,3.0
R015,P3,P23,B,PI,4.0
R015,P4,P07,A,CMP,4.0
R015,P4,P07,A,CSAT,5.0
R015,P4,P07,A,PI,3.0
R015,P4,P07,B,CMP,3.0
R015,P4,P07,B,CSAT,5.0
R015,P4,P07,B,PI,4.0
R015,P5,P08,A,CSAT,4.0
R015,P5,P08,A,HL,2.0
R015,P5,P08,A,PI,4.5
R015,P5,P08,B,CSAT,4.0
R015,P5,P08,B,HL,4.0
R015,P5,P08,B,PI,4.0
R016,P1,P04,A,CMP,5.0
R016,P1,P04,A,HL,5.0
R016,P1,P04,A,PI,4.5
R016,P1,P04,B,CMP,4.0
R016,P1,P04,B,HL,2.0
R016,P1,P04,B,PI,4.0
R016,P2,P03,A,HL,4.0
R016,P2,P03,A,PI,3.5
R016,P2,P03,B,HL,3.0
R016,P2,P03,B,PI,4.0
R016,P3,P23,A,CMP,4.0
R016,P3,P23,A,CSAT,4.0
R016,P3,P23,A,PI,3.5
R016,P3,P23,B,CMP,4.0
R016,P3,P23,B,CSAT,3.0
R016,P3,P23,B,PI,3.5
R016,P4,P07,A,CMP,4.0
R016,P4,P07,A,CSAT,1.0
R016,P4,P07,A,PI,3.0
R016,P4,P07,B,CMP,4.0
R016,P4,P07,B,CSAT,4.0
R016,P4,P07,B,PI,2.5
R016,P5,P08,A,CSAT,4.0
R016,P5,P08,A,HL,4.0
R016,P5,P08,A,PI,5.0
R016,P5,P08,B,CSAT,3.0
R016,P5,P08,B,HL,5.0
R016,P5,P08,B,PI,4.0
R017,P1,P04,A,CMP,5.0
R017,P1,P04,A,HL,3.0
R017,P1,P04,A,PI,5.0
R017,P1,P04,B,CMP,3.0
R017,P1,P04,B,HL,4.0
R017,P1,P04,B,PI,4.5
R017,P2,P03,A,HL,5.0
R017,P2,P03,A,PI,4.0
R017,P2,P03,B,HL,5.0
R017,P2,P03,B,PI,2.5
R017,P3,P23,A,CMP,3.0
R017,P3,P23,A,CSAT,3.0
R017,P3,P23,A,PI,4.0
R017,P3,P23,B,CMP,4.0
R017,P3,P23,B,CSAT,4.0
R017,P3,P23,B,PI,4.5
R017,P4,P07,A,CMP,4.0
R017,P4,P07,A,CSAT,5.0
R017,P4,P07,A,PI,4.0
R017,P4,P07,B,CMP,3.0
R017,P4,P07,B,CSAT,5.0
R017,P4,P07,B,PI,4.0
R017,P5,P08,A,CSAT,3.0
R017,P5,P08,A,HL,4.0
R017,P5,P08,A,PI,4.5
R017,P5,P08,B,CSAT,3.0
R017,P5,P08,B,HL,4.0
R017,P5,P08,B,PI,4.0
R018,P1,P04,A,CMP,4.0
R018,P1,P04,A,HL,5.0
R018,P1,P04,A,PI,5.0
R018,P1,P04,B,CMP,5.0
R018,P1,P04,B,HL,2.0
R018,P1,P04,B,PI,2.5
R018,P2,P03,A,HL,4.0
R018,P2,P03,A,PI,5.0
R018,P2,P03,B,HL,5.0
R018,P2,P03,B,PI,3.5
R018,P3,P23,A,CMP,2.0
R018,P3,P23,A,CSAT,4.0
R018,P3,P23,A,PI,3.5
R018,P3,P23,B,CMP,3.0
R018,P3,P23,B,CSAT,3.0
R018,P3,P23,B,PI,4.5
R018,P4,P07,A,CMP,5.0
R018,P4,P07,A,CSAT,3.0
R018,P4,P07,A,PI,4.5
R018,P4,P07,B,CMP,3.0
R018,P4,P07,B,CSAT,4.0
R018,P4,P07,B,PI,4.0
R018,P5,P08,A,CSAT,5.0
R018,P5,P08,A,HL,5.0
R018,P5,P08,A,PI,4.0
R018,P5,P08,B,CSAT,4.0
R018,P5,P08,B,HL,3.0
R018,P5,P08,B,PI,4.0
R019,P1,P04,A,CMP,3.0
R019,P1,P04,A,HL,4.0
R019,P1,P04,A,PI,3.5
R019,P1,P04,B,CMP,4.0
R019,P1,P04,B,HL,4.0
R019,P1,P04,B,PI,3.0
R019,P2,P03,A,HL,4.0
R019,P2,P03,A,PI,4.5
R019,P2,P03,B,HL,4.0
R019,P2,P03,B,PI,3.0
R019,P3,P23,A,CMP,3.0
R019,P3,P23,A,CSAT,1.0
R019,P3,P23,A,PI,4.0
R019,P3,P23,B,CMP,3.0
R019,P3,P23,B,CSAT,3.0
R019,P3,P23,B,PI,4.0
R019,P4,P07,A,CMP,3.0
R019,P4,P07,A,CSAT,3.0
R019,P4,P07,A,PI,2.5
R019,P4,P07,B,CMP,2.0
R019,P4,P07,B,CSAT,4.0
R019,P4,P07,B,PI,4.0
R019,P5,P08,A,CSAT,5.0
R019,P5,P08,A,HL,4.0
R019,P5,P08,A,PI,4.0
R019,P5,P08,B,CSAT,4.0
R019,P5,P08,B,HL,5.0
R019,P5,P08,B,PI,4.0
R020,P1,P04,A,CMP,2.0
R020,P1,P04,A,HL,3.0
R020,P1,P04,A,PI,4.0
R020,P1,P04,B,CMP,4.0
R020,P1,P04,B,HL,4.0
R020,P1,P04,B,PI,4.5
R020,P2,P03,A,HL,5.0
R020,P2,P03,A,PI,5.0
R020,P2,P03,B,HL,4.0
R020,P2,P03,B,PI,2.5
R020,P3,P23,A,CMP,4.0
R020,P3,P23,A,CSAT,4.0
R020,P3,P23,A,PI,4.5
R020,P3,P23,B,CMP,4.0
R020,P3,P23,B,CSAT,4.0
R020,P3,P23,B,PI,4.0
R020,P4,P07,A,CMP,5.0
R020,P4,P07,A,CSAT,4.0
R020,P4,P07,A,PI,4.0
R020,P4,P07,B,CMP,2.0
R020,P4,P07,B,CSAT,4.0
R020,P4,P07,B,PI,4.0
R020,P5,P08,A,CSAT,3.0
R020,P5,P08,A,HL,2.0
R020,P5,P08,A,PI,3.5
R020,P5,P08,B,CSAT,3.0
R020,P5,P08,B,HL,5.0
R020,P5,P08,B,PI,4.0
R021,P1,P04,A,CMP,4.0
R021,P1,P04,A,HL,4.0
R021,P1,P04,A,PI,5.0
R021,P1,P04,B,CMP,3.0
R021,P1,P04,B,HL,4.0
R021,P1,P04,B,PI,4.0
R021,P2,P03,A,HL,5.0
R021,P2,P03,A,PI,4.5
R021,P2,P03,B,HL,3.0
R021,P2,P03,B,PI,5.0
R021,P3,P23,A,CMP,4.0
R021,P3,P23,A,CSAT,3.0
R021,P3,P23,A,PI,5.0
R021,P3,P23,B,CMP,4.0
R021,P3,P23,B,CSAT,4.0
R021,P3,P23,B,PI,3.0
R021,P4,P07,A,CMP,4.0
R021,P4,P07,A,CSAT,4.0
R021,P4,P07,A,PI,3.5
R021,P4,P07,B,CMP,4.0
R021,P4,P07,B,CSAT,5.0
R021,P4,P07,B,PI,4.5
R021,P5,P08,A,CSAT,4.0
R021,P5,P08,A,HL,3.0
R021,P5,P08,A,PI,4.5
R021,P5,P08,B,CSAT,3.0
R021,P5,P08,B,HL,5.0
R021,P5,P08,B,PI,4.5
R022,P1,P04,A,CMP,5.0
R022,P1,P04,A,HL,5.0
R022,P1,P04,A,PI,4.5
R022,P1,P04,B,CMP,5.0
R022,P1,P04,B,HL,3.0
R022,P1,P04,B,PI,4.5
R022,P2,P03,A,HL,5.0
R022,P2,P03,A,PI,4.0
R022,P2,P03,B,HL,4.0
R022,P2,P03,B,PI,4.0
R022,P3,P23,A,CMP,4.0
R022,P3,P23,A,CSAT,3.0
R022,P3,P23,A,PI,5.0
R022,P3,P23,B,CMP,4.0
R022,P3,P23,B,CSAT,3.0
R022,P3,P23,B,PI,3.5
R022,P4,P07,A,CMP,5.0
R022,P4,P07,A,CSAT,4.0
R022,P4,P07,A,PI,5.0
R022,P4,P07,B,CMP,4.0
R022,P4,P07,B,CSAT,3.0
R022,P4,P07,B,PI,4.5
R022,P5,P08,A,CSAT,5.0
R022,P5,P08,A,HL,3.0
R022,P5,P08,A,PI,5.0
R022,P5,P08,B,CSAT,3.0
R022,P5,P08,B,HL,4.0
R022,P5,P08,B,PI,2.0
R023,P1,P04,A,CMP,3.0
R023,P1,P04,A,HL,5.0
R023,P1,P04,A,PI,4.5
R023,P1,P04,B,CMP,4.0
R023,P1,P04,B,HL,5.0
R023,P1,P04,B,PI,4.0
R023,P2,P03,A,HL,4.0
R023,P2,P03,A,PI,4.5
R023,P2,P03,B,HL,5.0
R023,P2,P03,B,PI,4.0
R023,P3,P23,A,CMP,5.0
R023,P3,P23,A,CSAT,1.0
R023,P3,P23,A,PI,4.5
R023,P3,P23,B,CMP,5.0
R023,P3,P23,B,CSAT,5.0
R023,P3,P23,B,PI,5.0
R023,P4,P07,A,CMP,3.0
R023,P4,P07,A,CSAT,4.0
R023,P4,P07,A,PI,5.0
R023,P4,P07,B,CMP,3.0
R023,P4,P07,B,CSAT,5.0
R023,P4,P07,B,PI,4.5
R023,P5,P08,A,CSAT,4.0
R023,P5,P08,A,HL,3.0
R023,P5,P08,A,PI,4.5
R023,P5,P08,B,CSAT,5.0
R023,P5,P08,B,HL,4.0
R023,P5,P08,B,PI,3.5
R024,P1,P04,A,CMP,5.0
R024,P1,P04,A,HL,4.0
R024,P1,P04,A,PI,4.5
R024,P1,P04,B,CMP,4.0
R024,P1,P04,B,HL,4.0
R024,P1,P04,B,PI,4.0
R024,P2,P03,A,HL,4.0
R024,P2,P03,A,PI,3.5
R024,P2,P03,B,HL,2.0
R024,P2,P03,B,PI,5.0
R024,P3,P23,A,CMP,3.0
R024,P3,P23,A,CSAT,5.0
R024,P3,P23,A,PI,4.5
R024,P3,P23,B,CMP,5.0
R024,P3,P23,B,CSAT,2.0
R024,P3,P23,B,PI,4.5
R024,P4,P07,A,CMP,5.0
R024,P4,P07,A,CSAT,4.0
R024,P4,P07,A,PI,4.0
R024,P4,P07,B,CMP,2.0
R024,P4,P07,B,CSAT,4.0
R024,P4,P07,B,PI,3.5
R024,P5,P08,A,CSAT,3.0
R024,P5,P08,A,HL,2.0
R024,P5,P08,A,PI,5.0
R024,P5,P08,B,CSAT,4.0
R024,P5,P08,B,HL,5.0
R024,P5,P08,B,PI,3.0
R025,P1,P04,A,CMP,5.0
R025,P1,P04,A,HL,3.0
R025,P1,P04,A,PI,3.0
R025,P1,P04,B,CMP,4.0
R025,P1,P04,B,HL,5.0
R025,P1,P04,B,PI,3.5
R025,P2,P03,A,HL,5.0
R025,P2,P03,A,PI,5.0
R025,P2,P03,B,HL,4.0
R025,P2,P03,B,PI,3.5
R025,P3,P23,A,CMP,4.0
R025,P3,P23,A,CSAT,4.0
R025,P3,P23,A,PI,4.0
R025,P3,P23,B,CMP,5.0
R025,P3,P23,B,CSAT,3.0
R025,P3,P23,B,PI,4.0
R025,P4,P07,A,CMP,3.0
R025,P4,P07,A,CSAT,3.0
R025,P4,P07,A,PI,2.5
R025,P4,P07,B,CMP,3.0
R025,P4,P07,B,CSAT,5.0
R025,P4,P07,B,PI,3.0
R025,P5,P08,A,CSAT,2.0
R025,P5,P08,A,HL,5.0
R025,P5,P08,A,PI,4.5
R025,P5,P08,B,CSAT,3.0
R025,P5,P08,B,HL,3.0
R025,P5,P08,B,PI,4.0
R026,P1,P04,A,CMP,4.0
R026,P1,P04,A,HL,5.0
R026,P1,P04,A,PI,3.0
R026,P1,P04,B,CMP,4.0
R026,P1,P04,B,HL,3.0
R026,P1,P04,B,PI,2.5
R026,P2,P03,A,HL,5.0
R026,P2,P03,A,PI,4.0
R026,P2,P03,B,HL,3.0
R026,P2,P03,B,PI,4.0
R026,P3,P23,A,CMP,5.0
R026,P3,P23,A,CSAT,2.0
R026,P3,P23,A,PI,5.0
R026,P3,P23,B,CMP,5.0
R026,P3,P23,B,CSAT,3.0
R026,P3,P23,B,PI,5.0
R026,P4,P07,A,CMP,4.0
R026,P4,P07,A,CSAT,4.0
R026,P4,P07,A,PI,3.5
R026,P4,P07,B,CMP,2.0
R026,P4,P07,B,CSAT,5.0
R026,P4,P07,B,PI,4.0
R026,P5,P08,A,CSAT,4.0
R026,P5,P08,A,HL,3.0
R026,P5,P08,A,PI,4.0
R026,P5,P08,B,CSAT,4.0
R026,P5,P08,B,HL,4.0
R026,P5,P08,B,PI,3.5
R027,P1,P04,A,CMP,4.0
R027,P1,P04,A,HL,3.0
R027,P1,P04,A,PI,4.0
R027,P1,P04,B,CMP,5.0
R027,P1,P04,B,HL,3.0
R027,P1,P04,B,PI,4.5
R027,P2,P03,A,HL,4.0
R027,P2,P03,A,PI,3.5
R027,P2,P03,B,HL,2.0
R027,P2,P03,B,PI,4.0
R027,P3,P23,A,CMP,1.0
R027,P3,P23,A,CSAT,3.0
R027,P3,P23,A,PI,5.0
R027,P3,P23,B,CMP,3.0
R027,P3,P23,B,CSAT,3.0
R027,P3,P23,B,PI,3.5
R027,P4,P07,A,CMP,3.0
R027,P4,P07,A,CSAT,3.0
R027,P4,P07,A,PI,5.0
R027,P4,P07,B,CMP,2.0
R027,P4,P07,B,CSAT,4.0
R027,P4,P07,B,PI,5.0
R027,P5,P08,A,CSAT,4.0
R027,P5,P08,A,HL,5.0
R027,P5,P08,A,PI,4.5
R027,P5,P08,B,CSAT,5.0
R027,P5,P08,B,HL,5.0
R027,P5,P08,B,PI,4.5
R028,P1,P04,A,CMP,4.0
R028,P1,P04,A,HL,4.0
R028,P1,P04,A,PI,3.5
R028,P1,P04,B,CMP,5.0
R028,P1,P04,B,HL,5.0
R028,P1,P04,B,PI,4.0
R028,P2,P03,A,HL,4.0
R028,P2,P03,A,PI,4.5
R028,P2,P03,B,HL,4.0
R028,P2,P03,B,PI,4.5
R028,P3,P23,A,CMP,4.0
R028,P3,P23,A,CSAT,4.0
R028,P3,P23,A,PI,4.0
R028,P3,P23,B,CMP,5.0
R028,P3,P23,B,CSAT,5.0
R028,P3,P23,B,PI,4.0
R028,P4,P07,A,CMP,2.0
R028,P4,P07,A,CSAT,4.0
R028,P4,P07,A,PI,3.0
R028,P4,P07,B,CMP,4.0
R028,P4,P07,B,CSAT,3.0
R028,P4,P07,B,PI,3.5
R028,P5,P08,A,CSAT,5.0
R028,P5,P08,A,HL,5.0
R028,P5,P08,A,PI,3.5
R028,P5,P08,B,CSAT,1.0
R028,P5,P08,B,HL,5.0
R028,P5,P08,B,PI,3.0
R029,P1,P04,A,CMP,4.0
R029,P1,P04,A,HL,3.0
R029,P1,P04,A,PI,3.5
R029,P1,P04,B,CMP,5.0
R029,P1,P04,B,HL,5.0
R029,P1,P04,B,PI,4.0
R029,P2,P03,A,HL,2.0
R029,P2,P03,A,PI,3.0
R029,P2,P03,B,HL,4.0
R029,P2,P03,B,PI,5.0
R029,P3,P23,A,CMP,4.0
R029,P3,P23,A,CSAT,3.0
R029,P3,P23,A,PI,4.5
R029,P3,P23,B,CMP,5.0
R029,P3,P23,B,CSAT,5.0
R029,P3,P23,B,PI,4.5
R029,P4,P07,A,CMP,5.0
R029,P4,P07,A,CSAT,4.0
R029,P4,P07,A,PI,5.0
R029,P4,P07,B,CMP,3.0
R029,P4,P07,B,CSAT,5.0
R029,P4,P07,B,PI,4.0
R029,P5,P08,A,CSAT,4.0
R029,P5,P08,A,HL,5.0
R029,P5,P08,A,PI,5.0
R029,P5,P08,B,CSAT,4.0
R029,P5,P08,B,HL,5.0
R029,P5,P08,B,PI,3.5
R030,P1,P04,A,CMP,2.0
R030,P1,P04,A,HL,5.0
R030,P1,P04,A,PI,4.5
R030,P1,P04,B,CMP,4.0
R030,P1,P04,B,HL,5.0
R030,P1,P04,B,PI,3.5
R030,P2,P03,A,HL,5.0
R030,P2,P03,A,PI,4.0
R030,P2,P03,B,HL,4.0
R030,P2,P03,B,PI,3.5
R030,P3,P23,A,CMP,5.0
R030,P3,P23,A,CSAT,3.0
R030,P3,P23,A,PI,4.0
R030,P3,P23,B,CMP,5.0
R030,P3,P23,B,CSAT,4.0
R030,P3,P23,B,PI,4.0
R030,P4,P07,A,CMP,5.0
R030,P4,P07,A,CSAT,4.0
R030,P4,P07,A,PI,4.0
R030,P4,P07,B,CMP,3.0
R030,P4,P07,B,CSAT,3.0
R030,P4,P07,B,PI,3.5
R030,P5,P08,A,CSAT,4.0
R030,P5,P08,A,HL,2.0
R030,P5,P08,A,PI,4.0
R030,P5,P08,B,CSAT,4.0
R030,P5,P08,B,HL,4.0
R030,P5,P08,B,PI,4.0
R031,P1,P04,A,CMP,4.0
R031,P1,P04,A,HL,4.0
R031,P1,P04,A,PI,5.0
R031,P1,P04,B,CMP,2.0
R031,P1,P04,B,HL,4.0
R031,P1,P04,B,PI,3.0
R031,P2,P03,A,HL,5.0
R031,P2,P03,A,PI,4.0
R031,P2,P03,B,HL,4.0
R031,P2,P03,B,PI,4.0
R031,P3,P23,A,CMP,4.0
R031,P3,P23,A,CSAT,4.0
R031,P3,P23,A,PI,4.0
R031,P3,P23,B,CMP,5.0
R031,P3,P23,B,CSAT,4.0
R031,P3,P23,B,PI,3.5
R031,P4,P07,A,CMP,3.0
R031,P4,P07,A,CSAT,4.0
R031,P4,P07,A,PI,5.0
R031,P4,P07,B,CMP,4.0
R031,P4,P07,B,CSAT,2.0
R031,P4,P07,B,PI,2.5
R031,P5,P08,A,CSAT,4.0
R031,P5,P08,A,HL,2.0
R031,P5,P08,A,PI,4.5
R031,P5,P08,B,CSAT,5.0
R031,P5,P08,B,HL,3.0
R031,P5,P08,B,PI,3.5
R032,P1,P04,A,CMP,5.0
R032,P1,P04,A,HL,5.0
R032,P1,P04,A,PI,3.0
R032,P1,P04,B,CMP,3.0
R032,P1,P04,B,HL,5.0
R032,P1,P04,B,PI,3.0
R032,P2,P03,A,HL,5.0
R032,P2,P03,A,PI,4.0
R032,P2,P03,B,HL,4.0
R032,P2,P03,B,PI,3.5
R032,P3,P23,A,CMP,5.0
R032,P3,P23,A,CSAT,5.0
R032,P3,P23,A,PI,4.5
R032,P3,P23,B,CMP,3.0
R032,P3,P23,B,CSAT,5.0
R032,P3,P23,B,PI,4.0
R032,P4,P07,A,CMP,4.0
R032,P4,P07,A,CSAT,4.0
R032,P4,P07,A,PI,4.0
R032,P4,P07,B,CMP,2.0
R032,P4,P07,B,CSAT,4.0
R032,P4,P07,B,PI,4.0
R032,P5,P08,A,CSAT,5.0
R032,P5,P08,A,HL,5.0
R032,P5,P08,A,PI,3.5
R032,P5,P08,B,CSAT,4.0
R032,P5,P08,B,HL,5.0
R032,P5,P08,B,PI,3.5
R033,P1,P04,A,CMP,4.0
R033,P1,P04,A,HL,3.0
R033,P1,P04,A,PI,3.0
R033,P1,P04,B,CMP,4.0
R033,P1,P04,B,HL,4.0
R033,P1,P04,B,PI,4.5
R033,P2,P03,A,HL,2.0
R033,P2,P03,A,PI,5.0
R033,P2,P03,B,HL,4.0
R033,P2,P03,B,PI,2.5
R033,P3,P23,A,CMP,5.0
R033,P3,P23,A,CSAT,5.0
R033,P3,P23,A,PI,3.5
R033,P3,P23,B,CMP,5.0
R033,P3,P23,B,CSAT,4.0
R033,P3,P23,B,PI,3.0
R033,P4,P07,A,CMP,3.0
R033,P4,P07,A,CSAT,3.0
R033,P4,P07,A,PI,3.5
R033,P4,P07,B,CMP,2.0
R033,P4,P07,B,CSAT,4.0
R033,P4,P07,B,PI,4.5
R033,P5,P08,A,CSAT,1.0
R033,P5,P08,A,HL,3.0
R033,P5,P08,A,PI,4.5
R033,P5,P08,B,CSAT,4.0
R033,P5,P08,B,HL,5.0
R033,P5,P08,B,PI,4.0
R034,P1,P04,A,CMP,5.0
R034,P1,P04,A,HL,5.0
R034,P1,P04,A,PI,3.5
R034,P1,P04,B,CMP,4.0
R034,P1,P04,B,HL,4.0
R034,P1,P04,B,PI,3.5
R034,P2,P03,A,HL,4.0
R034,P2,P03,A,PI,4.5
R034,P2,P03,B,HL,4.0
R034,P2,P03,B,PI,4.0
R034,P3,P23,A,CMP,4.0
R034,P3,P23,A,CSAT,5.0
R034,P3,P23,A,PI,5.0
R034,P3,P23,B,CMP,3.0
R034,P3,P23,B,CSAT,3.0
R034,P3,P23,B,PI,3.5
R034,P4,P07,A,CMP,5.0
R034,P4,P07,A,CSAT,4.0
R034,P4,P07,A,PI,3.0
R034,P4,P07,B,CMP,2.0
R034,P4,P07,B,CSAT,2.0
R034,P4,P07,B,PI,4.5
R034,P5,P08,A,CSAT,4.0
R034,P5,P08,A,HL,5.0
R034,P5,P08,A,PI,5.0
R034,P5,P08,B,CSAT,4.0
R034,P5,P08,B,HL,5.0
R034,P5,P08,B,PI,4.5
R035,P1,P04,A,CMP,5.0
R035,P1,P04,A,HL,2.0
R035,P1,P04,A,PI,4.5
R035,P1,P04,B,CMP,4.0
R035,P1,P04,B,HL,4.0
R035,P1,P04,B,PI,5.0
R035,P2,P03,A,HL,4.0
R035,P2,P03,A,PI,3.0
R035,P2,P03,B,HL,3.0
R035,P2,P03,B,PI,4.0
R035,P3,P23,A,CMP,4.0
R035,P3,P23,A,CSAT,5.0
R035,P3,P23,A,PI,5.0
R035,P3,P23,B,CMP,5.0
R035,P3,P23,B,CSAT,3.0
R035,P3,P23,B,PI,4.0
R035,P4,P07,A,CMP,5.0
R035,P4,P07,A,CSAT,5.0
R035,P4,P07,A,PI,4.0
R035,P4,P07,B,CMP,2.0
R035,P4,P07,B,CSAT,4.0
R035,P4,P07,B,PI,4.0
R035,P5,P08,A,CSAT,4.0
R035,P5,P08,A,HL,1.0
R035,P5,P08,A,PI,4.0
R035,P5,P08,B,CSAT,4.0
R035,P5,P08,B,HL,5.0
R035,P5,P08,B,PI,4.0
R036,P1,P04,A,CMP,5.0
R036,P1,P04,A,HL,3.0
R036,P1,P04,A,PI,4.5
R036,P1,P04,B,CMP,3.0
R036,P1,P04,B,HL,3.0
R036,P1,P04,B,PI,5.0
R036,P2,P03,A,HL,4.0
R036,P2,P03,A,PI,5.0
R036,P2,P03,B,HL,5.0
R036,P2,P03,B,PI,4.0
R036,P3,P23,A,CMP,4.0
R036,P3,P23,A,CSAT,1.0
R036,P3,P23,A,PI,4.5
R036,P3,P23,B,CMP,4.0
R036,P3,P23,B,CSAT,5.0
R036,P3,P23,B,PI,4.5
R036,P4,P07,A,CMP,5.0
R036,P4,P07,A,CSAT,4.0
R036,P4,P07,A,PI,3.0
R036,P4,P07,B,CMP,4.0
R036,P4,P07,B,CSAT,4.0
R036,P4,P07,B,PI,4.5
R036,P5,P08,A,CSAT,3.0
R036,P5,P08,A,HL,3.0
R036,P5,P08,A,PI,4.0
R036,P5,P08,B,CSAT,5.0
R036,P5,P08,B,HL,4.0
R036,P5,P08,B,PI,4.5
R037,P1,P04,A,CMP,4.0
R037,P1,P04,A,HL,4.0
R037,P1,P04,A,PI,3.0
R037,P1,P04,B,CMP,4.0
R037,P1,P04,B,HL,5.0
R037,P1,P04,B,PI,4.5
R037,P2,P03,A,HL,5.0
R037,P2,P03,A,PI,4.0
R037,P2,P03,B,HL,4.0
R037,P2,P03,B,PI,5.0
R037,P3,P23,A,CMP,5.0
R037,P3,P23,A,CSAT,1.0
R037,P3,P23,A,PI,4.5
R037,P3,P23,B,CMP,3.0
R037,P3,P23,B,CSAT,3.0
R037,P3,P23,B,PI,3.5
R037,P4,P07,A,CMP,5.0
R037,P4,P07,A,CSAT,3.0
R037,P4,P07,A,PI,3.0
R037,P4,P07,B,CMP,2.0
R037,P4,P07,B,CSAT,2.0
R037,P4,P07,B,PI,4.5
R037,P5,P08,A,CSAT,4.0
R037,P5,P08,A,HL,5.0
R037,P5,P08,A,PI,4.0
R037,P5,P08,B,CSAT,4.0
R037,P5,P08,B,HL,5.0
R037,P5,P08,B,PI,4.0
R038,P1,P04,A,CMP,4.0
R038,P1,P04,A,HL,5.0
R038,P1,P04,A,PI,3.5
R038,P1,P04,B,CMP,5.0
R038,P1,P04,B,HL,5.0
R038,P1,P04,B,PI,3.5
R038,P2,P03,A,HL,3.0
R038,P2,P03,A,PI,2.0
R038,P2,P03,B,HL,5.0
R038,P2,P03,B,PI,2.0
R038,P3,P23,A,CMP,5.0
R038,P3,P23,A,CSAT,1.0
R038,P3,P23,A,PI,5.0
R038,P3,P23,B,CMP,3.0
R038,P3,P23,B,CSAT,4.0
R038,P3,P23,B,PI,4.5
R038,P4,P07,A,CMP,3.0
R038,P4,P07,A,CSAT,1.0
R038,P4,P07,A,PI,3.5
R038,P4,P07,B,CMP,4.0
R038,P4,P07,B,CSAT,3.0
R038,P4,P07,B,PI,4.0
R038,P5,P08,A,CSAT,2.0
R038,P5,P08,A,HL,3.0
R038,P5,P08,A,PI,3.5
R038,P5,P08,B,CSAT,3.0
R038,P5,P08,B,HL,4.0
R038,P5,P08,B,PI,4.0
R039,P1,P04,A,CMP,4.0
R039,P1,P04,A,HL,5.0
R039,P1,P04,A,PI,5.0
R039,P1,P04,B,CMP,5.0
R039,P1,P04,B,HL,5.0
R039,P1,P04,B,PI,4.0
R039,P2,P03,A,HL,3.0
R039,P2,P03,A,PI,4.5
R039,P2,P03,B,HL,5.0
R039,P2,P03,B,PI,3.0
R039,P3,P23,A,CMP,4.0
R039,P3,P23,A,CSAT,4.0
R039,P3,P23,A,PI,4.0
R039,P3,P23,B,CMP,4.0
R039,P3,P23,B,CSAT,3.0
R039,P3,P23,B,PI,4.0
R039,P4,P07,A,CMP,5.0
R039,P4,P07,A,CSAT,5.0
R039,P4,P07,A,PI,5.0
R039,P4,P07,B,CMP,4.0
R039,P4,P07,B,CSAT,5.0
R039,P4,P07,B,PI,4.0
R039,P5,P08,A,CSAT,4.0
R039,P5,P08,A,HL,3.0
R039,P5,P08,A,PI,4.5
R039,P5,P08,B,CSAT,5.0
R039,P5,P08,B,HL,3.0
R039,P5,P08,B,PI,5.0
R040,P1,P04,A,CMP,3.0
R040,P1,P04,A,HL,4.0
R040,P1,P04,A,PI,4.0
R040,P1,P04,B,CMP,4.0
R040,P1,P04,B,HL,3.0
R040,P1,P04,B,PI,3.5
R040,P2,P03,A,HL,4.0
R040,P2,P03,A,PI,4.0
R040,P2,P03,B,HL,5.0
R040,P2,P03,B,PI,5.0
R040,P3,P23,A,CMP,2.0
R040,P3,P23,A,CSAT,3.0
R040,P3,P23,A,PI,4.0
R040,P3,P23,B,CMP,4.0
R040,P3,P23,B,CSAT,3.0
R040,P3,P23,B,PI,4.5
R040,P4,P07,A,CMP,5.0
R040,P4,P07,A,CSAT,4.0
R040,P4,P07,A,PI,4.0
R040,P4,P07,B,CMP,4.0
R040,P4,P07,B,CSAT,4.0
R040,P4,P07,B,PI,2.5
R040,P5,P08,A,CSAT,5.0
R040,P5,P08,A,HL,5.0
R040,P5,P08,A,PI,4.5
R040,P5,P08,B,CSAT,3.0
R040,P5,P08,B,HL,5.0
R040,P5,P08,B,PI,4.5
R041,P1,P04,A,CMP,4.0
R041,P1,P04,A,HL,5.0
R041,P1,P04,A,PI,4.0
R041,P1,P04,B,CMP,5.0
R041,P1,P04,B,HL,3.0
R041,P1,P04,B,PI,5.0
R041,P2,P03,A,HL,4.0
R041,P2,P03,A,PI,5.0
R041,P2,P03,B,HL,4.0
R041,P2,P03,B,PI,4.0
R041,P3,P23,A,CMP,4.0
R041,P3,P23,A,CSAT,4.0
R041,P3,P23,A,PI,4.0
R041,P3,P23,B,CMP,5.0
R041,P3,P23,B,CSAT,3.0
R041,P3,P23,B,PI,2.5
R041,P4,P07,A,CMP,4.0
R041,P4,P07,A,CSAT,4.0
R041,P4,P07,A,PI,3.0
R041,P4,P07,B,CMP,4.0
R041,P4,P07,B,CSAT,4.0
R041,P4,P07,B,PI,4.5
R041,P5,P08,A,CSAT,3.0
R041,P5,P08,A,HL,2.0
R041,P5,P08,A,PI,4.0
R041,P5,P08,B,CSAT,5.0
R041,P5,P08,B,HL,5.0
R041,P5,P08,B,PI,3.5
R042,P1,P04,A,CMP,4.0
R042,P1,P04,A,HL,3.0
R042,P1,P04,A,PI,5.0
R042,P1,P04,B,CMP,5.0
R042,P1,P04,B,HL,5.0
R042,P1,P04,B,PI,4.0
R042,P2,P03,A,HL,4.0
R042,P2,P03,A,PI,1.5
R042,P2,P03,B,HL,3.0
R042,P2,P03,B,PI,4.5
R042,P3,P23,A,CMP,5.0
R042,P3,P23,A,CSAT,5.0
R042,P3,P23,A,PI,4.5
R042,P3,P23,B,CMP,4.0
R042,P3,P23,B,CSAT,3.0
R042,P3,P23,B,PI,4.5
R042,P4,P07,A,CMP,3.0
R042,P4,P07,A,CSAT,5.0
R042,P4,P07,A,PI,4.0
R042,P4,P07,B,CMP,3.0
R042,P4,P07,B,CSAT,4.0
R042,P4,P07,B,PI,4.5
R042,P5,P08,A,CSAT,5.0
R042,P5,P08,A,HL,4.0
R042,P5,P08,A,PI,4.0
R042,P5,P08,B,CSAT,4.0
R042,P5,P08,B,HL,4.0
R042,P5,P08,B,PI,4.0
R043,P1,P04,A,CMP,5.0
R043,P1,P04,A,HL,3.0
R043,P1,P04,A,PI,5.0
R043,P1,P04,B,CMP,3.0
R043,P1,P04,B,HL,5.0
R043,P1,P04,B,PI,4.5
R043,P2,P03,A,HL,5.0
R043,P2,P03,A,PI,4.0
R043,P2,P03,B,HL,3.0
R043,P2,P03,B,PI,4.0
R043,P3,P23,A,CMP,3.0
R043,P3,P23,A,CSAT,4.0
R043,P3,P23,A,PI,4.0
R043,P3,P23,B,CMP,4.0
R043,P3,P23,B,CSAT,3.0
R043,P3,P23,B,PI,4.0
R043,P4,P07,A,CMP,3.0
R043,P4,P07,A,CSAT,4.0
R043,P4,P07,A,PI,3.5
R043,P4,P07,B,CMP,2.0
R043,P4,P07,B,CSAT,3.0
R043,P4,P07,B,PI,3.5
R043,P5,P08,A,CSAT,3.0
R043,P5,P08,A,HL,1.0
R043,P5,P08,A,PI,4.0
R043,P5,P08,B,CSAT,4.0
R043,P5,P08,B,HL,2.0
R043,P5,P08,B,PI,4.5
R044,P1,P04,A,CMP,3.0
R044,P1,P04,A,HL,5.0
R044,P1,P04,A,PI,4.5
R044,P1,P04,B,CMP,3.0
R044,P1,P04,B,HL,5.0
R044,P1,P04,B,PI,3.5
R044,P2,P03,A,HL,5.0
R044,P2,P03,A,PI,1.5
R044,P2,P03,B,HL,3.0
R044,P2,P03,B,PI,3.5
R044,P3,P23,A,CMP,4.0
R044,P3,P23,A,CSAT,3.0
R044,P3,P23,A,PI,4.5
R044,P3,P23,B,CMP,4.0
R044,P3,P23,B,CSAT,3.0
R044,P3,P23,B,PI,3.5
R044,P4,P07,A,CMP,5.0
R044,P4,P07,A,CSAT,3.0
R044,P4,P07,A,PI,3.5
R044,P4,P07,B,CMP,3.0
R044,P4,P07,B,CSAT,3.0
R044,P4,P07,B,PI,3.0
R044,P5,P08,A,CSAT,3.0
R044,P5,P08,A,HL,4.0
R044,P5,P08,A,PI,4.5
R044,P5,P08,B,CSAT,3.0
R044,P5,P08,B,HL,4.0
R044,P5,P08,B,PI,5.0
R045,P1,P04,A,CMP,5.0
R045,P1,P04,A,HL,5.0
R045,P1,P04,A,PI,4.0
R045,P1,P04,B,CMP,5.0
R045,P1,P04,B,HL,5.0
R045,P1,P04,B,PI,4.0
R045,P2,P03,A,HL,5.0
R045,P2,P03,A,PI,4.0
R045,P2,P03,B,HL,5.0
R045,P2,P03,B,PI,5.0
R045,P3,P23,A,CMP,5.0
R045,P3,P23,A,CSAT,3.0
R045,P3,P23,A,PI,3.5
R045,P3,P23,B,CMP,5.0
R045,P3,P23,B,CSAT,4.0
R045,P3,P23,B,PI,5.0
R045,P4,P07,A,CMP,3.0
R045,P4,P07,A,CSAT,4.0
R045,P4,P07,A,PI,3.0
R045,P4,P07,B,CMP,3.0
R045,P4,P07,B,CSAT,3.0
R045,P4,P07,B,PI,4.5
R045,P5,P08,A,CSAT,3.0
R045,P5,P08,A,HL,3.0
R045,P5,P08,A,PI,4.5
R045,P5,P08,B,CSAT,5.0
R045,P5,P08,B,HL,5.0
R045,P5,P08,B,PI,4.5
R046,P1,P04,A,CMP,2.0
R046,P1,P04,A,HL,5.0
R046,P1,P04,A,PI,4.5
R046,P1,P04,B,CMP,5.0
R046,P1,P04,B,HL,5.0
R046,P1,P04,B,PI,3.5
R046,P2,P03,A,HL,3.0
R046,P2,P03,A,PI,4.5
R046,P2,P03,B,HL,3.0
R046,P2,P03,B,PI,4.0
R046,P3,P23,A,CMP,4.0
R046,P3,P23,A,CSAT,4.0
R046,P3,P23,A,PI,4.0
R046,P3,P23,B,CMP,5.0
R046,P3,P23,B,CSAT,3.0
R046,P3,P23,B,PI,4.0
R046,P4,P07,A,CMP,4.0
R046,P4,P07,A,CSAT,4.0
R046,P4,P07,A,PI,4.0
R046,P4,P07,B,CMP,2.0
R046,P4,P07,B,CSAT,3.0
R046,P4,P07,B,PI,3.5
R046,P5,P08,A,CSAT,3.0
R046,P5,P08,A,HL,5.0
R046,P5,P08,A,PI,3.0
R046,P5,P08,B,CSAT,4.0
R046,P5,P08,B,HL,4.0
R046,P5,P08,B,PI,4.0
R047,P1,P04,A,CMP,5.0
R047,P1,P04,A,HL,5.0
R047,P1,P04,A,PI,3.0
R047,P1,P04,B,CMP,5.0
R047,P1,P04,B,HL,5.0
R047,P1,P04,B,PI,3.0
R047,P2,P03,A,HL,5.0
R047,P2,P03,A,PI,4.5
R047,P2,P03,B,HL,4.0
R047,P2,P03,B,PI,4.5
R047,P3,P23,A,CMP,5.0
R047,P3,P23,A,CSAT,5.0
R047,P3,P23,A,PI,3.0
R047,P3,P23,B,CMP,4.0
R047,P3,P23,B,CSAT,4.0
R047,P3,P23,B,PI,4.5
R047,P4,P07,A,CMP,4.0
R047,P4,P07,A,CSAT,1.0
R047,P4,P07,A,PI,3.5
R047,P4,P07,B,CMP,3.0
R047,P4,P07,B,CSAT,3.0
R047,P4,P07,B,PI,4.5
R047,P5,P08,A,CSAT,5.0
R047,P5,P08,A,HL,3.0
R047,P5,P08,A,PI,4.5
R047,P5,P08,B,CSAT,5.0
R047,P5,P08,B,HL,3.0
R047,P5,P08,B,PI,3.5
R048,P1,P04,A,CMP,3.0
R048,P1,P04,A,HL,3.0
R048,P1,P04,A,PI,5.0
R048,P1,P04,B,CMP,5.0
R048,P1,P04,B,HL,4.0
R048,P1,P04,B,PI,4.5
R048,P2,P03,A,HL,4.0
R048,P2,P03,A,PI,3.0
R048,P2,P03,B,HL,5.0
R048,P2,P03,B,PI,3.0
R048,P3,P23,A,CMP,3.0
R048,P3,P23,A,CSAT,4.0
R048,P3,P23,A,PI,4.5
R048,P3,P23,B,CMP,4.0
R048,P3,P23,B,CSAT,4.0
R048,P3,P23,B,PI,4.0
R048,P4,P07,A,CMP,5.0
R048,P4,P07,A,CSAT,3.0
R048,P4,P07,A,PI,4.5
R048,P4,P07,B,CMP,2.0
R048,P4,P07,B,CSAT,5.0
R048,P4,P07,B,PI,3.5
R048,P5,P08,A,CSAT,5.0
R048,P5,P08,A,HL,4.0
R048,P5,P08,A,PI,2.5
R048,P5,P08,B,CSAT,3.0
R048,P5,P08,B,HL,5.0
R048,P5,P08,B,PI,4.0
R049,P1,P04,A,CMP,5.0
R049,P1,P04,A,HL,5.0
R049,P1,P04,A,PI,4.5
R049,P1,P04,B,CMP,1.0
R049,P1,P04,B,HL,2.0
R049,P1,P04,B,PI,5.0
R049,P2,P03,A,HL,5.0
R049,P2,P03,A,PI,3.0
R049,P2,P03,B,HL,4.0
R049,P2,P03,B,PI,5.0
R049,P3,P23,A,CMP,4.0
R049,P3,P23,A,CSAT,5.0
R049,P3,P23,A,PI,4.0
R049,P3,P23,B,CMP,3.0
R049,P3,P23,B,CSAT,4.0
R049,P3,P23,B,PI,3.5
R049,P4,P07,A,CMP,3.0
R049,P4,P07,A,CSAT,4.0
R049,P4,P07,A,PI,3.0
R049,P4,P07,B,CMP,2.0
R049,P4,P07,B,CSAT,4.0
R049,P4,P07,B,PI,4.5
R049,P5,P08,A,CSAT,4.0
R049,P5,P08,A,HL,3.0
R049,P5,P08,A,PI,4.0
R049,P5,P08,B,CSAT,4.0
R049,P5,P08,B,HL,4.0
R049,P5,P08,B,PI,3.5
R050,P1,P04,A,CMP,5.0
R050,P1,P04,A,HL,4.0
R050,P1,P04,A,PI,3.5
R050,P1,P04,B,CMP,3.0
R050,P1,P04,B,HL,3.0
R050,P1,P04,B,PI,2.5
R050,P2,P03,A,HL,5.0
R050,P2,P03,A,PI,4.0
R050,P2,P03,B,HL,2.0
R050,P2,P03,B,PI,3.5
R050,P3,P23,A,CMP,5.0
R050,P3,P23,A,CSAT,4.0
R050,P3,P23,A,PI,3.5
R050,P3,P23,B,CMP,4.0
R050,P3,P23,B,CSAT,3.0
R050,P3,P23,B,PI,4.0
R050,P4,P07,A,CMP,3.0
R050,P4,P07,A,CSAT,5.0
R050,P4,P07,A,PI,3.0
R050,P4,P07,B,CMP,3.0
R050,P4,P07,B,CSAT,5.0
R050,P4,P07,B,PI,4.5
R050,P5,P08,A,CSAT,5.0
R050,P5,P08,A,HL,3.0
R050,P5,P08,A,PI,4.5
R050,P5,P08,B,CSAT,3.0
R050,P5,P08,B,HL,5.0
R050,P5,P08,B,PI,2.5
R051,P1,P04,A,CMP,5.0
R051,P1,P04,A,HL,4.0
R051,P1,P04,A,PI,3.0
R051,P1,P04,B,CMP,4.0
R051,P1,P04,B,HL,4.0
R051,P1,P04,B,PI,4.0
R051,P2,P03,A,HL,4.0
R051,P2,P03,A,PI,3.5
R051,P2,P03,B,HL,5.0
R051,P2,P03,B,PI,3.5
R051,P3,P23,A,CMP,2.0
R051,P3,P23,A,CSAT,3.0
R051,P3,P23,A,PI,4.0
R051,P3,P23,B,CMP,4.0
R051,P3,P23,B,CSAT,3.0
R051,P3,P23,B,PI,4.0
R051,P4,P07,A,CMP,2.0
R051,P4,P07,A,CSAT,3.0
R051,P4,P07,A,PI,4.5
R051,P4,P07,B,CMP,5.0
R051,P4,P07,B,CSAT,4.0
R051,P4,P07,B,PI,4.0
R051,P5,P08,A,CSAT,5.0
R051,P5,P08,A,HL,5.0
R051,P5,P08,A,PI,4.0
R051,P5,P08,B,CSAT,4.0
R051,P5,P08,B,HL,4.0
R051,P5,P08,B,PI,4.0
R052,P1,P04,A,CMP,5.0
R052,P1,P04,A,HL,3.0
R052,P1,P04,A,PI,3.5
R052,P1,P04,B,CMP,5.0
R052,P1,P04,B,HL,3.0
R052,P1,P04,B,PI,3.0
R052,P2,P03,A,HL,3.0
R052,P2,P03,A,PI,4.0
R052,P2,P03,B,HL,5.0
R052,P2,P03,B,PI,4.0
R052,P3,P23,A,CMP,5.0
R052,P3,P23,A,CSAT,5.0
R052,P3,P23,A,PI,4.5
R052,P3,P23,B,CMP,4.0
R052,P3,P23,B,CSAT,4.0
R052,P3,P23,B,PI,4.5
R052,P4,P07,A,CMP,4.0
R052,P4,P07,A,CSAT,5.0
R052,P4,P07,A,PI,4.0
R052,P4,P07,B,CMP,4.0
R052,P4,P07,B,CSAT,4.0
R052,P4,P07,B,PI,4.0
R052,P5,P08,A,CSAT,5.0
R052,P5,P08,A,HL,5.0
R052,P5,P08,A,PI,4.0
R052,P5,P08,B,CSAT,3.0
R052,P5,P08,B,HL,3.0
R052,P5,P08,B,PI,3.0
R053,P1,P04,A,CMP,5.0
R053,P1,P04,A,HL,4.0
R053,P1,P04,A,PI,3.0
R053,P1,P04,B,CMP,4.0
R053,P1,P04,B,HL,5.0
R053,P1,P04,B,PI,2.0
R053,P2,P03,A,HL,5.0
R053,P2,P03,A,PI,3.0
R053,P2,P03,B,HL,3.0
R053,P2,P03,B,PI,3.5
R053,P3,P23,A,CMP,3.0
R053,P3,P23,A,CSAT,5.0
R053,P3,P23,A,PI,3.5
R053,P3,P23,B,CMP,5.0
R053,P3,P23,B,CSAT,5.0
R053,P3,P23,B,PI,3.5
R053,P4,P07,A,CMP,4.0
R053,P4,P07,A,CSAT,3.0
R053,P4,P07,A,PI,5.0
R053,P4,P07,B,CMP,2.0
R053,P4,P07,B,CSAT,4.0
R053,P4,P07,B,PI,3.5
R053,P5,P08,A,CSAT,4.0
R053,P5,P08,A,HL,5.0
R053,P5,P08,A,PI,4.0
R053,P5,P08,B,CSAT,3.0
R053,P5,P08,B,HL,3.0
R053,P5,P08,B,PI,5.0
R054,P1,P04,A,CMP,5.0
R054,P1,P04,A,HL,4.0
R054,P1,P04,A,PI,5.0
R054,P1,P04,B,CMP,4.0
R054,P1,P04,B,HL,5.0
R054,P1,P04,B,PI,2.0
R054,P2,P03,A,HL,4.0
R054,P2,P03,A,PI,4.0
R054,P2,P03,B,HL,5.0
R054,P2,P03,B,PI,5.0
R054,P3,P23,A,CMP,4.0
R054,P3,P23,A,CSAT,5.0
R054,P3,P23,A,PI,4.0
R054,P3,P23,B,CMP,4.0
R054,P3,P23,B,CSAT,5.0
R054,P3,P23,B,PI,5.0
R054,P4,P07,A,CMP,2.0
R054,P4,P07,A,CSAT,3.0
R054,P4,P07,A,PI,4.5
R054,P4,P07,B,CMP,4.0
R054,P4,P07,B,CSAT,5.0
R054,P4,P07,B,PI,5.0
R054,P5,P08,A,CSAT,2.0
R054,P5,P08,A,HL,5.0
R054,P5,P08,A,PI,4.5
R054,P5,P08,B,CSAT,3.0
R054,P5,P08,B,HL,5.0
R054,P5,P08,B,PI,4.0
R055,P1,P04,A,CMP,3.0
R055,P1,P04,A,HL,4.0
R055,P1,P04,A,PI,5.0
R055,P1,P04,B,CMP,5.0
R055,P1,P04,B,HL,3.0
R055,P1,P04,B,PI,3.5
R055,P2,P03,A,HL,4.0
R055,P2,P03,A,PI,4.5
R055,P2,P03,B,HL,4.0
R055,P2,P03,B,PI,4.0
R055,P3,P23,A,CMP,4.0
R055,P3,P23,A,CSAT,4.0
R055,P3,P23,A,PI,5.0
R055,P3,P23,B,CMP,1.0
R055,P3,P23,B,CSAT,3.0
R055,P3,P23,B,PI,4.5
R055,P4,P07,A,CMP,4.0
R055,P4,P07,A,CSAT,3.0
R055,P4,P07,A,PI,5.0
R055,P4,P07,B,CMP,3.0
R055,P4,P07,B,CSAT,5.0
R055,P4,P07,B,PI,3.5
R055,P5,P08,A,CSAT,5.0
R055,P5,P08,A,HL,5.0
R055,P5,P08,A,PI,3.5
R055,P5,P08,B,CSAT,3.0
R055,P5,P08,B,HL,5.0
R055,P5,P08,B,PI,4.5
R056,P1,P04,A,CMP,4.0
R056,P1,P04,A,HL,4.0
R056,P1,P04,A,PI,5.0
R056,P1,P04,B,CMP,4.0
R056,P1,P04,B,HL,5.0
R056,P1,P04,B,PI,4.5
R056,P2,P03,A,HL,5.0
R056,P2,P03,A,PI,4.5
R056,P2,P03,B,HL,3.0
R056,P2,P03,B,PI,4.5
R056,P3,P23,A,CMP,4.0
R056,P3,P23,A,CSAT,3.0
R056,P3,P23,A,PI,4.5
R056,P3,P23,B,CMP,4.0
R056,P3,P23,B,CSAT,3.0
R056,P3,P23,B,PI,4.5
R056,P4,P07,A,CMP,4.0
R056,P4,P07,A,CSAT,5.0
R056,P4,P07,A,PI,4.0
R056,P4,P07,B,CMP,2.0
R056,P4,P07,B,CSAT,4.0
R056,P4,P07,B,PI,5.0
R056,P5,P08,A,CSAT,4.0
R056,P5,P08,A,HL,4.0
R056,P5,P08,A,PI,4.0
R056,P5,P08,B,CSAT,2.0
R056,P5,P08,B,HL,5.0
R056,P5,P08,B,PI,4.5
R057,P1,P04,A,CMP,5.0
R057,P1,P04,A,HL,5.0
R057,P1,P04,A,PI,3.0
R057,P1,P04,B,CMP,3.0
R057,P1,P04,B,HL,4.0
R057,P1,P04,B,PI,4.5
R057,P2,P03,A,HL,5.0
R057,P2,P03,A,PI,3.5
R057,P2,P03,B,HL,3.0
R057,P2,P03,B,PI,4.5
R057,P3,P23,A,CMP,3.0
R057,P3,P23,A,CSAT,5.0
R057,P3,P23,A,PI,3.5
R057,P3,P23,B,CMP,2.0
R057,P3,P23,B,CSAT,4.0
R057,P3,P23,B,PI,4.5
R057,P4,P07,A,CMP,3.0
R057,P4,P07,A,CSAT,4.0
R057,P4,P07,A,PI,4.5
R057,P4,P07,B,CMP,3.0
R057,P4,P07,B,CSAT,4.0
R057,P4,P07,B,PI,4.5
R057,P5,P08,A,CSAT,5.0
R057,P5,P08,A,HL,5.0
R057,P5,P08,A,PI,4.5
R057,P5,P08,B,CSAT,5.0
R057,P5,P08,B,HL,4.0
R057,P5,P08,B,PI,5.0
R058,P1,P04,A,CMP,2.0
R058,P1,P04,A,HL,5.0
R058,P1,P04,A,PI,3.5
R058,P1,P04,B,CMP,5.0
R058,P1,P04,B,HL,4.0
R058,P1,P04,B,PI,3.5
R058,P2,P03,A,HL,4.0
R058,P2,P03,A,PI,4.5
R058,P2,P03,B,HL,3.0
R058,P2,P03,B,PI,4.5
R058,P3,P23,A,CMP,4.0
R058,P3,P23,A,CSAT,4.0
R058,P3,P23,A,PI,5.0
R058,P3,P23,B,CMP,5.0
R058,P3,P23,B,CSAT,4.0
R058,P3,P23,B,PI,3.5
R058,P4,P07,A,CMP,4.0
R058,P4,P07,A,CSAT,3.0
R058,P4,P07,A,PI,4.0
R058,P4,P07,B,CMP,1.0
R058,P4,P07,B,CSAT,4.0
R058,P4,P07,B,PI,4.0
R058,P5,P08,A,CSAT,2.0
R058,P5,P08,A,HL,5.0
R058,P5,P08,A,PI,4.0
R058,P5,P08,B,CSAT,5.0
R058,P5,P08,B,HL,4.0
R058,P5,P08,B,PI,5.0
R059,P1,P04,A,CMP,4.0
R059,P1,P04,A,HL,4.0
R059,P1,P04,A,PI,4.0
R059,P1,P04,B,CMP,4.0
R059,P1,P04,B,HL,5.0
R059,P1,P04,B,PI,5.0
R059,P2,P03,A,HL,5.0
R059,P2,P03,A,PI,5.0
R059,P2,P03,B,HL,4.0
R059,P2,P03,B,PI,3.5
R059,P3,P23,A,CMP,5.0
R059,P3,P23,A,CSAT,4.0
R059,P3,P23,A,PI,4.5
R059,P3,P23,B,CMP,5.0
R059,P3,P23,B,CSAT,4.0
R059,P3,P23,B,PI,3.0
R059,P4,P07,A,CMP,5.0
R059,P4,P07,A,CSAT,4.0
R059,P4,P07,A,PI,3.5
R059,P4,P07,B,CMP,4.0
R059,P4,P07,B,CSAT,4.0
R059,P4,P07,B,PI,4.0
R059,P5,P08,A,CSAT,4.0
R059,P5,P08,A,HL,5.0
R059,P5,P08,A,PI,3.5
R059,P5,P08,B,CSAT,5.0
R059,P5,P08,B,HL,4.0
R059,P5,P08,B,PI,4.5
R060,P1,P04,A,CMP,5.0
R060,P1,P04,A,HL,5.0
R060,P1,P04,A,PI,4.5
R060,P1,P04,B,CMP,3.0
R060,P1,P04,B,HL,2.0
R060,P1,P04,B,PI,3.5
R060,P2,P03,A,HL,5.0
R060,P2,P03,A,PI,5.0
R060,P2,P03,B,HL,3.0
R060,P2,P03,B,PI,5.0
R060,P3,P23,A,CMP,1.0
R060,P3,P23,A,CSAT,3.0
R060,P3,P23,A,PI,4.5
R060,P3,P23,B,CMP,3.0
R060,P3,P23,B,CSAT,4.0
R060,P3,P23,B,PI,5.0
R060,P4,P07,A,CMP,5.0
R060,P4,P07,A,CSAT,5.0
R060,P4,P07,A,PI,3.0
R060,P4,P07,B,CMP,2.0
R060,P4,P07,B,CSAT,4.0
R060,P4,P07,B,PI,2.5
R060,P5,P08,A,CSAT,3.0
R060,P5,P08,A,HL,3.0
R060,P5,P08,A,PI,4.0
R060,P5,P08,B,CSAT,4.0
R060,P5,P08,B,HL,5.0
R060,P5,P08,B,PI,4.0
R061,P1,P04,A,CMP,5.0
R061,P1,P04,A,HL,5.0
R061,P1,P04,A,PI,4.5
R061,P1,P04,B,CMP,3.0
R061,P1,P04,B,HL,3.0
R061,P1,P04,B,PI,4.0
R061,P2,P03,A,HL,5.0
R061,P2,P03,A,PI,4.0
R061,P2,P03,B,HL,5.0
R061,P2,P03,B,PI,3.5
R061,P3,P23,A,CMP,5.0
R061,P3,P23,A,CSAT,5.0
R061,P3,P23,A,PI,4.5
R061,P3,P23,B,CMP,5.0
R061,P3,P23,B,CSAT,3.0
R061,P3,P23,B,PI,4.5
R061,P4,P07,A,CMP,5.0
R061,P4,P07,A,CSAT,4.0
R061,P4,P07,A,PI,4.5
R061,P4,P07,B,CMP,2.0
R061,P4,P07,B,CSAT,3.0
R061,P4,P07,B,PI,4.0
R061,P5,P08,A,CSAT,5.0
R061,P5,P08,A,HL,4.0
R061,P5,P08,A,PI,4.5
R061,P5,P08,B,CSAT,5.0
R061,P5,P08,B,HL,3.0
R061,P5,P08,B,PI,2.5
R062,P1,P04,A,CMP,3.0
R062,P1,P04,A,HL,5.0
R062,P1,P04,A,PI,3.0
R062,P1,P04,B,CMP,4.0
R062,P1,P04,B,HL,4.0
R062,P1,P04,B,PI,4.0
R062,P2,P03,A,HL,5.0
R062,P2,P03,A,PI,5.0
R062,P2,P03,B,HL,4.0
R062,P2,P03,B,PI,4.0
R062,P3,P23,A,CMP,4.0
R062,P3,P23,A,CSAT,3.0
R062,P3,P23,A,PI,4.5
R062,P3,P23,B,CMP,5.0
R062,P3,P23,B,CSAT,4.0
R062,P3,P23,B,PI,3.5
R062,P4,P07,A,CMP,5.0
R062,P4,P07,A,CSAT,2.0
R062,P4,P07,A,PI,4.5
R062,P4,P07,B,CMP,3.0
R062,P4,P07,B,CSAT,5.0
R062,P4,P07,B,PI,4.5
R062,P5,P08,A,CSAT,4.0
R062,P5,P08,A,HL,4.0
R062,P5,P08,A,PI,3.5
R062,P5,P08,B,CSAT,4.0
R062,P5,P08,B,HL,3.0
R062,P5,P08,B,PI,4.5
R063,P1,P04,A,CMP,5.0
R063,P1,P04,A,HL,4.0
R063,P1,P04,A,PI,5.0
R063,P1,P04,B,CMP,5.0
R063,P1,P04,B,HL,5.0
R063,P1,P04,B,PI,5.0
R063,P2,P03,A,HL,3.0
R063,P2,P03,A,PI,5.0
R063,P2,P03,B,HL,5.0
R063,P2,P03,B,PI,3.5
R063,P3,P23,A,CMP,5.0
R063,P3,P23,A,CSAT,5.0
R063,P3,P23,A,PI,4.5
R063,P3,P23,B,CMP,2.0
R063,P3,P23,B,CSAT,3.0
R063,P3,P23,B,PI,4.5
R063,P4,P07,A,CMP,5.0
R063,P4,P07,A,CSAT,3.0
R063,P4,P07,A,PI,3.5
R063,P4,P07,B,CMP,2.0
R063,P4,P07,B,CSAT,5.0
R063,P4,P07,B,PI,5.0
R063,P5,P08,A,CSAT,4.0
R063,P5,P08,A,HL,4.0
R063,P5,P08,A,PI,5.0
R063,P5,P08,B,CSAT,4.0
R063,P5,P08,B,HL,3.0
R063,P5,P08,B,PI,4.0
R064,P1,P04,A,CMP,1.0
R064,P1,P04,A,HL,5.0
R064,P1,P04,A,PI,4.5
R064,P1,P04,B,CMP,4.0
R064,P1,P04,B,HL,4.0
R064,P1,P04,B,PI,3.5
R064,P2,P03,A,HL,5.0
R064,P2,P03,A,PI,4.0
R064,P2,P03,B,HL,4.0
R064,P2,P03,B,PI,4.5
R064,P3,P23,A,CMP,5.0
R064,P3,P23,A,CSAT,4.0
R064,P3,P23,A,PI,4.5
R064,P3,P23,B,CMP,3.0
R064,P3,P23,B,CSAT,1.0
R064,P3,P23,B,PI,4.0
R064,P4,P07,A,CMP,5.0
R064,P4,P07,A,CSAT,3.0
R064,P4,P07,A,PI,4.5
R064,P4,P07,B,CMP,3.0
R064,P4,P07,B,CSAT,5.0
R064,P4,P07,B,PI,2.5
R064,P5,P08,A,CSAT,4.0
R064,P5,P08,A,HL,4.0
R064,P5,P08,A,PI,4.0
R064,P5,P08,B,CSAT,5.0
R064,P5,P08,B,HL,4.0
R064,P5,P08,B,PI,3.5
R065,P1,P04,A,CMP,5.0
R065,P1,P04,A,HL,3.0
R065,P1,P04,A,PI,4.5
R065,P1,P04,B,CMP,3.0
R065,P1,P04,B,HL,5.0
R065,P1,P04,B,PI,3.5
R065,P2,P03,A,HL,4.0
R065,P2,P03,A,PI,3.5
R065,P2,P03,B,HL,4.0
R065,P2,P03,B,PI,4.5
R065,P3,P23,A,CMP,5.0
R065,P3,P23,A,CSAT,1.0
R065,P3,P23,A,PI,4.5
R065,P3,P23,B,CMP,5.0
R065,P3,P23,B,CSAT,5.0
R065,P3,P23,B,PI,3.5
R065,P4,P07,A,CMP,4.0
R065,P4,P07,A,CSAT,4.0
R065,P4,P07,A,PI,4.5
R065,P4,P07,B,CMP,4.0
R065,P4,P07,B,CSAT,1.0
R065,P4,P07,B,PI,3.5
R065,P5,P08,A,CSAT,5.0
R065,P5,P08,A,HL,4.0
R065,P5,P08,A,PI,3.5
R065,P5,P08,B,CSAT,3.0
R065,P5,P08,B,HL,5.0
R065,P5,P08,B,PI,4.5
R066,P1,P04,A,CMP,5.0
R066,P1,P04,A,HL,5.0
R066,P1,P04,A,PI,3.5
R066,P1,P04,B,CMP,1.0
R066,P1,P04,B,HL,5.0
R066,P1,P04,B,PI,3.5
R066,P2,P03,A,HL,5.0
R066,P2,P03,A,PI,5.0
R066,P2,P03,B,HL,1.0
R066,P2,P03,B,PI,4.5
R066,P3,P23,A,CMP,4.0
R066,P3,P23,A,CSAT,5.0
R066,P3,P23,A,PI,5.0
R066,P3,P23,B,CMP,5.0
R066,P3,P23,B,CSAT,4.0
R066,P3,P23,B,PI,4.0
R066,P4,P07,A,CMP,5.0
R066,P4,P07,A,CSAT,3.0
R066,P4,P07,A,PI,4.0
R066,P4,P07,B,CMP,5.0
R066,P4,P07,B,CSAT,4.0
R066,P4,P07,B,PI,4.5
R066,P5,P08,A,CSAT,4.0
R066,P5,P08,A,HL,5.0
R066,P5,P08,A,PI,4.5
R066,P5,P08,B,CSAT,5.0
R066,P5,P08,B,HL,4.0
R066,P5,P08,B,PI,3.5
R067,P1,P04,A,CMP,5.0
R067,P1,P04,A,HL,5.0
R067,P1,P04,A,PI,3.5
R067,P1,P04,B,CMP,5.0
R067,P1,P04,B,HL,5.0
R067,P1,P04,B,PI,4.5
R067,P2,P03,A,HL,4.0
R067,P2,P03,A,PI,3.5
R067,P2,P03,B,HL,5.0
R067,P2,P03,B,PI,4.5
R067,P3,P23,A,CMP,2.0
R067,P3,P23,A,CSAT,3.0
R067,P3,P23,A,PI,4.0
R067,P3,P23,B,CMP,3.0
R067,P3,P23,B,CSAT,3.0
R067,P3,P23,B,PI,4.0
R067,P4,P07,A,CMP,5.0
R067,P4,P07,A,CSAT,5.0
R067,P4,P07,A,PI,4.0
R067,P4,P07,B,CMP,4.0
R067,P4,P07,B,CSAT,5.0
R067,P4,P07,B,PI,5.0
R067,P5,P08,A,CSAT,4.0
R067,P5,P08,A,HL,5.0
R067,P5,P08,A,PI,4.5
R067,P5,P08,B,CSAT,5.0
R067,P5,P08,B,HL,5.0
R067,P5,P08,B,PI,4.5
R068,P1,P04,A,CMP,2.0
R068,P1,P04,A,HL,4.0
R068,P1,P04,A,PI,4.0
R068,P1,P04,B,CMP,4.0
R068,P1,P04,B,HL,4.0
R068,P1,P04,B,PI,3.0
R068,P2,P03,A,HL,4.0
R068,P2,P03,A,PI,4.5
R068,P2,P03,B,HL,4.0
R068,P2,P03,B,PI,5.0
R068,P3,P23,A,CMP,4.0
R068,P3,P23,A,CSAT,5.0
R068,P3,P23,A,PI,3.5
R068,P3,P23,B,CMP,4.0
R068,P3,P23,B,CSAT,3.0
R068,P3,P23,B,PI,5.0
R068,P4,P07,A,CMP,5.0
R068,P4,P07,A,CSAT,4.0
R068,P4,P07,A,PI,4.0
R068,P4,P07,B,CMP,4.0
R068,P4,P07,B,CSAT,5.0
R068,P4,P07,B,PI,3.5
R068,P5,P08,A,CSAT,5.0
R068,P5,P08,A,HL,5.0
R068,P5,P08,A,PI,3.5
R068,P5,P08,B,CSAT,5.0
R068,P5,P08,B,HL,4.0
R068,P5,P08,B,PI,3.0
R069,P1,P04,A,CMP,3.0
R069,P1,P04,A,HL,3.0
R069,P1,P04,A,PI,4.0
R069,P1,P04,B,CMP,5.0
R069,P1,P04,B,HL,5.0
R069,P1,P04,B,PI,4.0
R069,P2,P03,A,HL,4.0
R069,P2,P03,A,PI,4.0
R069,P2,P03,B,HL,4.0
R069,P2,P03,B,PI,4.0
R069,P3,P23,A,CMP,4.0
R069,P3,P23,A,CSAT,5.0
R069,P3,P23,A,PI,5.0
R069,P3,P23,B,CMP,5.0
R069,P3,P23,B,CSAT,3.0
R069,P3,P23,B,PI,5.0
R069,P4,P07,A,CMP,5.0
R069,P4,P07,A,CSAT,5.0
R069,P4,P07,A,PI,5.0
R069,P4,P07,B,CMP,4.0
R069,P4,P07,B,CSAT,2.0
R069,P4,P07,B,PI,2.5
R069,P5,P08,A,CSAT,4.0
R069,P5,P08,A,HL,4.0
R069,P5,P08,A,PI,3.5
R069,P5,P08,B,CSAT,4.0
R069,P5,P08,B,HL,4.0
R069,P5,P08,B,PI,4.0
R070,P1,P04,A,CMP,4.0
R070,P1,P04,A,HL,3.0
R070,P1,P04,A,PI,3.5
R070,P1,P04,B,CMP,5.0
R070,P1,P04,B,HL,4.0
R070,P1,P04,B,PI,4.5
R070,P2,P03,A,HL,5.0
R070,P2,P03,A,PI,4.0
R070,P2,P03,B,HL,5.0
R070,P2,P03,B,PI,4.5
R070,P3,P23,A,CMP,5.0
R070,P3,P23,A,CSAT,5.0
R070,P3,P23,A,PI,4.0
R070,P3,P23,B,CMP,5.0
R070,P3,P23,B,CSAT,4.0
R070,P3,P23,B,PI,5.0
R070,P4,P07,A,CMP,4.0
R070,P4,P07,A,CSAT,5.0
R070,P4,P07,A,PI,4.0
R070,P4,P07,B,CMP,4.0
R070,P4,P07,B,CSAT,5.0
R070,P4,P07,B,PI,4.0
R070,P5,P08,A,CSAT,4.0
R070,P5,P08,A,HL,4.0
R070,P5,P08,A,PI,3.0
R070,P5,P08,B,CSAT,4.0
R070,P5,P08,B,HL,3.0
R070,P5,P08,B,PI,3.0
R071,P1,P04,A,CMP,3.0
R071,P1,P04,A,HL,5.0
R071,P1,P04,A,PI,3.5
R071,P1,P04,B,CMP,4.0
R071,P1,P04,B,HL,4.0
R071,P1,P04,B,PI,4.0
R071,P2,P03,A,HL,5.0
R071,P2,P03,A,PI,4.5
R071,P2,P03,B,HL,4.0
R071,P2,P03,B,PI,4.0
R071,P3,P23,A,CMP,5.0
R071,P3,P23,A,CSAT,5.0
R071,P3,P23,A,PI,3.0
R071,P3,P23,B,CMP,4.0
R071,P3,P23,B,CSAT,3.0
R071,P3,P23,B,PI,4.0
R071,P4,P07,A,CMP,5.0
R071,P4,P07,A,CSAT,3.0
R071,P4,P07,A,PI,4.5
R071,P4,P07,B,CMP,2.0
R071,P4,P07,B,CSAT,4.0
R071,P4,P07,B,PI,4.0
R071,P5,P08,A,CSAT,3.0
R071,P5,P08,A,HL,5.0
R071,P5,P08,A,PI,3.5
R071,P5,P08,B,CSAT,5.0
R071,P5,P08,B,HL,5.0
R071,P5,P08,B,PI,4.0
R072,P1,P04,A,CMP,3.0
R072,P1,P04,A,HL,5.0
R072,P1,P04,A,PI,4.0
R072,P1,P04,B,CMP,2.0
R072,P1,P04,B,HL,5.0
R072,P1,P04,B,PI,4.0
R072,P2,P03,A,HL,3.0
R072,P2,P03,A,PI,4.5
R072,P2,P03,B,HL,5.0
R072,P2,P03,B,PI,4.5
R072,P3,P23,A,CMP,4.0
R072,P3,P23,A,CSAT,2.0
R072,P3,P23,A,PI,3.0
R072,P3,P23,B,CMP,1.0
R072,P3,P23,B,CSAT,3.0
R072,P3,P23,B,PI,4.5
R072,P4,P07,A,CMP,4.0
R072,P4,P07,A,CSAT,5.0
R072,P4,P07,A,PI,3.5
R072,P4,P07,B,CMP,2.0
R072,P4,P07,B,CSAT,1.0
R072,P4,P07,B,PI,4.5
R072,P5,P08,A,CSAT,4.0
R072,P5,P08,A,HL,5.0
R072,P5,P08,A,PI,3.0
R072,P5,P08,B,CSAT,3.0
R072,P5,P08,B,HL,4.0
R072,P5,P08,B,PI,3.5
R073,P1,P04,A,CMP,4.0
R073,P1,P04,A,HL,5.0
R073,P1,P04,A,PI,4.0
R073,P1,P04,B,CMP,5.0
R073,P1,P04,B,HL,4.0
R073,P1,P04,B,PI,4.0
R073,P2,P03,A,HL,5.0
R073,P2,P03,A,PI,4.0
R073,P2,P03,B,HL,4.0
R073,P2,P03,B,PI,5.0
R073,P3,P23,A,CMP,4.0
R073,P3,P23,A,CSAT,3.0
R073,P3,P23,A,PI,4.0
R073,P3,P23,B,CMP,4.0
R073,P3,P23,B,CSAT,3.0
R073,P3,P23,B,PI,4.5
R073,P4,P07,A,CMP,5.0
R073,P4,P07,A,CSAT,5.0
R073,P4,P07,A,PI,3.5
R073,P4,P07,B,CMP,4.0
R073,P4,P07,B,CSAT,4.0
R073,P4,P07,B,PI,4.0
R073,P5,P08,A,CSAT,3.0
R073,P5,P08,A,HL,5.0
R073,P5,P08,A,PI,2.5
R073,P5,P08,B,CSAT,5.0
R073,P5,P08,B,HL,4.0
R073,P5,P08,B,PI,3.5
R074,P1,P04,A,CMP,4.0
R074,P1,P04,A,HL,5.0
R074,P1,P04,A,PI,4.5
R074,P1,P04,B,CMP,3.0
R074,P1,P04,B,HL,2.0
R074,P1,P04,B,PI,4.5
R074,P2,P03,A,HL,5.0
R074,P2,P03,A,PI,4.5
R074,P2,P03,B,HL,3.0
R074,P2,P03,B,PI,4.5
R074,P3,P23,A,CMP,3.0
R074,P3,P23,A,CSAT,5.0
R074,P3,P23,A,PI,4.0
R074,P3,P23,B,CMP,4.0
R074,P3,P23,B,CSAT,3.0
R074,P3,P23,B,PI,4.5
R074,P4,P07,A,CMP,4.0
R074,P4,P07,A,CSAT,1.0
R074,P4,P07,A,PI,4.0
R074,P4,P07,B,CMP,3.0
R074,P4,P07,B,CSAT,3.0
R074,P4,P07,B,PI,5.0
R074,P5,P08,A,CSAT,5.0
R074,P5,P08,A,HL,4.0
R074,P5,P08,A,PI,4.5
R074,P5,P08,B,CSAT,4.0
R074,P5,P08,B,HL,5.0
R074,P5,P08,B,PI,3.5
R075,P1,P04,A,CMP,4.0
R075,P1,P04,A,HL,4.0
R075,P1,P04,A,PI,5.0
R075,P1,P04,B,CMP,5.0
R075,P1,P04,B,HL,5.0
R075,P1,P04,B,PI,3.5
R075,P2,P03,A,HL,4.0
R075,P2,P03,A,PI,3.5
R075,P2,P03,B,HL,5.0
R075,P2,P03,B,PI,5.0
R075,P3,P23,A,CMP,4.0
R075,P3,P23,A,CSAT,5.0
R075,P3,P23,A,PI,3.5
R075,P3,P23,B,CMP,5.0
R075,P3,P23,B,CSAT,4.0
R075,P3,P23,B,PI,4.5
R075,P4,P07,A,CMP,5.0
R075,P4,P07,A,CSAT,5.0
R075,P4,P07,A,PI,4.5
R075,P4,P07,B,CMP,2.0
R075,P4,P07,B,CSAT,4.0
R075,P4,P07,B,PI,3.5
R075,P5,P08,A,CSAT,4.0
R075,P5,P08,A,HL,2.0
R075,P5,P08,A,PI,3.5
R075,P5,P08,B,CSAT,5.0
R075,P5,P08,B,HL,5.0
R075,P5,P08,B,PI,4.0
R076,P1,P04,A,CMP,5.0
R076,P1,P04,A,HL,3.0
R076,P1,P04,A,PI,4.5
R076,P1,P04,B,CMP,4.0
R076,P1,P04,B,HL,5.0
R076,P1,P04,B,PI,4.0
R076,P2,P03,A,HL,1.0
R076,P2,P03,A,PI,4.5
R076,P2,P03,B,HL,5.0
R076,P2,P03,B,PI,4.0
R076,P3,P23,A,CMP,3.0
R076,P3,P23,A,CSAT,5.0
R076,P3,P23,A,PI,5.0
R076,P3,P23,B,CMP,5.0
R076,P3,P23,B,CSAT,4.0
R076,P3,P23,B,PI,3.5
R076,P4,P07,A,CMP,4.0
R076,P4,P07,A,CSAT,4.0
R076,P4,P07,A,PI,3.5
R076,P4,P07,B,CMP,3.0
R076,P4,P07,B,CSAT,4.0
R076,P4,P07,B,PI,4.0
R076,P5,P08,A,CSAT,5.0
R076,P5,P08,A,HL,5.0
R076,P5,P08,A,PI,3.0
R076,P5,P08,B,CSAT,3.0
R076,P5,P08,B,HL,5.0
R076,P5,P08,B,PI,3.0
R077,P1,P04,A,CMP,3.0
R077,P1,P04,A,HL,4.0
R077,P1,P04,A,PI,4.5
R077,P1,P04,B,CMP,4.0
R077,P1,P04,B,HL,5.0
R077,P1,P04,B,PI,4.0
R077,P2,P03,A,HL,4.0
R077,P2,P03,A,PI,4.5
R077,P2,P03,B,HL,5.0
R077,P2,P03,B,PI,4.0
R077,P3,P23,A,CMP,3.0
R077,P3,P23,A,CSAT,5.0
R077,P3,P23,A,PI,4.0
R077,P3,P23,B,CMP,5.0
R077,P3,P23,B,CSAT,3.0
R077,P3,P23,B,PI,4.5
R077,P4,P07,A,CMP,5.0
R077,P4,P07,A,CSAT,4.0
R077,P4,P07,A,PI,4.5
R077,P4,P07,B,CMP,3.0
R077,P4,P07,B,CSAT,4.0
R077,P4,P07,B,PI,4.5
R077,P5,P08,A,CSAT,5.0
R077,P5,P08,A,HL,3.0
R077,P5,P08,A,PI,4.5
R077,P5,P08,B,CSAT,2.0
R077,P5,P08,B,HL,3.0
R077,P5,P08,B,PI,3.5
R078,P1,P04,A,CMP,5.0
R078,P1,P04,A,HL,5.0
R078,P1,P04,A,PI,4.0
R078,P1,P04,B,CMP,4.0
R078,P1,P04,B,HL,5.0
R078,P1,P04,B,PI,4.0
R078,P2,P03,A,HL,4.0
R078,P2,P03,A,PI,4.0
R078,P2,P03,B,HL,4.0
R078,P2,P03,B,PI,4.0
R078,P3,P23,A,CMP,5.0
R078,P3,P23,A,CSAT,2.0
R078,P3,P23,A,PI,4.0
R078,P3,P23,B,CMP,5.0
R078,P3,P23,B,CSAT,3.0
R078,P3,P23,B,PI,4.5
R078,P4,P07,A,CMP,5.0
R078,P4,P07,A,CSAT,3.0
R078,P4,P07,A,PI,4.0
R078,P4,P07,B,CMP,4.0
R078,P4,P07,B,CSAT,4.0
R078,P4,P07,B,PI,3.0
R078,P5,P08,A,CSAT,4.0
R078,P5,P08,A,HL,3.0
R078,P5,P08,A,PI,3.0
R078,P5,P08,B,CSAT,4.0
R078,P5,P08,B,HL,4.0
R078,P5,P08,B,PI,4.5
R079,P1,P04,A,CMP,5.0
R079,P1,P04,A,HL,5.0
R079,P1,P04,A,PI,4.5
R079,P1,P04,B,CMP,4.0
R079,P1,P04,B,HL,5.0
R079,P1,P04,B,PI,2.5
R079,P2,P03,A,HL,3.0
R079,P2,P03,A,PI,3.5
R079,P2,P03,B,HL,4.0
R079,P2,P03,B,PI,4.0
R079,P3,P23,A,CMP,5.0
R079,P3,P23,A,CSAT,5.0
R079,P3,P23,A,PI,5.0
R079,P3,P23,B,CMP,3.0
R079,P3,P23,B,CSAT,3.0
R079,P3,P23,B,PI,3.0
R079,P4,P07,A,CMP,4.0
R079,P4,P07,A,CSAT,5.0
R079,P4,P07,A,PI,4.5
R079,P4,P07,B,CMP,3.0
R079,P4,P07,B,CSAT,5.0
R079,P4,P07,B,PI,4.0
R079,P5,P08,A,CSAT,4.0
R079,P5,P08,A,HL,3.0
R079,P5,P08,A,PI,4.0
R079,P5,P08,B,CSAT,2.0
R079,P5,P08,B,HL,5.0
R079,P5,P08,B,PI,3.5
R080,P1,P04,A,CMP,5.0
R080,P1,P04,A,HL,3.0
R080,P1,P04,A,PI,4.5
R080,P1,P04,B,CMP,4.0
R080,P1,P04,B,HL,3.0
R080,P1,P04,B,PI,3.0
R080,P2,P03,A,HL,3.0
R080,P2,P03,A,PI,5.0
R080,P2,P03,B,HL,5.0
R080,P2,P03,B,PI,3.5
R080,P3,P23,A,CMP,4.0
R080,P3,P23,A,CSAT,2.0
R080,P3,P23,A,PI,4.0
R080,P3,P23,B,CMP,3.0
R080,P3,P23,B,CSAT,5.0
R080,P3,P23,B,PI,5.0
R080,P4,P07,A,CMP,5.0
R080,P4,P07,A,CSAT,5.0
R080,P4,P07,A,PI,3.5
R080,P4,P07,B,CMP,3.0
R080,P4,P07,B,CSAT,5.0
R080,P4,P07,B,PI,4.5
R080,P5,P08,A,CSAT,3.0
R080,P5,P08,A,HL,4.0
R080,P5,P08,A,PI,4.0
R080,P5,P08,B,CSAT,4.0
R080,P5,P08,B,HL,5.0
R080,P5,P08,B,PI,4.5
R081,P1,P04,A,CMP,5.0
R081,P1,P04,A,HL,3.0
R081,P1,P04,A,PI,3.0
R081,P1,P04,B,CMP,4.0
R081,P1,P04,B,HL,4.0
R081,P1,P04,B,PI,3.0
R081,P2,P03,A,HL,5.0
R081,P2,P03,A,PI,4.5
R081,P2,P03,B,HL,3.0
R081,P2,P03,B,PI,4.5
R081,P3,P23,A,CMP,2.0
R081,P3,P23,A,CSAT,3.0
R081,P3,P23,A,PI,4.5
R081,P3,P23,B,CMP,4.0
R081,P3,P23,B,CSAT,3.0
R081,P3,P23,B,PI,4.5
R081,P4,P07,A,CMP,4.0
R081,P4,P07,A,CSAT,4.0
R081,P4,P07,A,PI,3.0
R081,P4,P07,B,CMP,2.0
R081,P4,P07,B,CSAT,5.0
R081,P4,P07,B,PI,5.0
R081,P5,P08,A,CSAT,5.0
R081,P5,P08,A,HL,3.0
R081,P5,P08,A,PI,4.5
R081,P5,P08,B,CSAT,4.0
R081,P5,P08,B,HL,5.0
R081,P5,P08,B,PI,4.0
R082,P1,P04,A,CMP,5.0
R082,P1,P04,A,HL,3.0
R082,P1,P04,A,PI,4.0
R082,P1,P04,B,CMP,5.0
R082,P1,P04,B,HL,4.0
R082,P1,P04,B,PI,3.5
R082,P2,P03,A,HL,2.0
R082,P2,P03,A,PI,4.5
R082,P2,P03,B,HL,1.0
R082,P2,P03,B,PI,4.0
R082,P3,P23,A,CMP,4.0
R082,P3,P23,A,CSAT,4.0
R082,P3,P23,A,PI,5.0
R082,P3,P23,B,CMP,3.0
R082,P3,P23,B,CSAT,4.0
R082,P3,P23,B,PI,4.0
R082,P4,P07,A,CMP,3.0
R082,P4,P07,A,CSAT,5.0
R082,P4,P07,A,PI,3.5
R082,P4,P07,B,CMP,2.0
R082,P4,P07,B,CSAT,5.0
R082,P4,P07,B,PI,4.0
R082,P5,P08,A,CSAT,5.0
R082,P5,P08,A,HL,3.0
R082,P5,P08,A,PI,4.5
R082,P5,P08,B,CSAT,4.0
R082,P5,P08,B,HL,4.0
R082,P5,P08,B,PI,4.5
R083,P1,P04,A,CMP,3.0
R083,P1,P04,A,HL,5.0
R083,P1,P04,A,PI,4.0
R083,P1,P04,B,CMP,5.0
R083,P1,P04,B,HL,5.0
R083,P1,P04,B,PI,4.5
R083,P2,P03,A,HL,4.0
R083,P2,P03,A,PI,4.0
R083,P2,P03,B,HL,4.0
R083,P2,P03,B,PI,4.0
R083,P3,P23,A,CMP,4.0
R083,P3,P23,A,CSAT,4.0
R083,P3,P23,A,PI,4.5
R083,P3,P23,B,CMP,5.0
R083,P3,P23,B,CSAT,3.0
R083,P3,P23,B,PI,3.5
R083,P4,P07,A,CMP,3.0
R083,P4,P07,A,CSAT,5.0
R083,P4,P07,A,PI,4.5
R083,P4,P07,B,CMP,2.0
R083,P4,P07,B,CSAT,4.0
R083,P4,P07,B,PI,5.0
R083,P5,P08,A,CSAT,3.0
R083,P5,P08,A,HL,3.0
R083,P5,P08,A,PI,3.0
R083,P5,P08,B,CSAT,3.0
R083,P5,P08,B,HL,5.0
R083,P5,P08,B,PI,4.0
R084,P1,P04,A,CMP,4.0
R084,P1,P04,A,HL,5.0
R084,P1,P04,A,PI,4.5
R084,P1,P04,B,CMP,5.0
R084,P1,P04,B,HL,2.0
R084,P1,P04,B,PI,3.5
R084,P2,P03,A,HL,4.0
R084,P2,P03,A,PI,4.0
R084,P2,P03,B,HL,5.0
R084,P2,P03,B,PI,4.0
R084,P3,P23,A,CMP,4.0
R084,P3,P23,A,CSAT,5.0
R084,P3,P23,A,PI,4.0
R084,P3,P23,B,CMP,5.0
R084,P3,P23,B,CSAT,3.0
R084,P3,P23,B,PI,4.0
R084,P4,P07,A,CMP,3.0
R084,P4,P07,A,CSAT,4.0
R084,P4,P07,A,PI,5.0
R084,P4,P07,B,CMP,2.0
R084,P4,P07,B,CSAT,1.0
R084,P4,P07,B,PI,4.0
R084,P5,P08,A,CSAT,5.0
R084,P5,P08,A,HL,4.0
R084,P5,P08,A,PI,4.5
R084,P5,P08,B,CSAT,5.0
R084,P5,P08,B,HL,5.0
R084,P5,P08,B,PI,4.0
R085,P1,P04,A,CMP,5.0
R085,P1,P04,A,HL,5.0
R085,P1,P04,A,PI,3.5
R085,P1,P04,B,CMP,5.0
R085,P1,P04,B,HL,3.0
R085,P1,P04,B,PI,3.5
R085,P2,P03,A,HL,3.0
R085,P2,P03,A,PI,4.0
R085,P2,P03,B,HL,4.0
R085,P2,P03,B,PI,4.0
R085,P3,P23,A,CMP,4.0
R085,P3,P23,A,CSAT,4.0
R085,P3,P23,A,PI,3.5
R085,P3,P23,B,CMP,5.0
R085,P3,P23,B,CSAT,4.0
R085,P3,P23,B,PI,4.0
R085,P4,P07,A,CMP,2.0
R085,P4,P07,A,CSAT,5.0
R085,P4,P07,A,PI,4.5
R085,P4,P07,B,CMP,2.0
R085,P4,P07,B,CSAT,5.0
R085,P4,P07,B,PI,4.5
R085,P5,P08,A,CSAT,4.0
R085,P5,P08,A,HL,4.0
R085,P5,P08,A,PI,4.0
R085,P5,P08,B,CSAT,5.0
R085,P5,P08,B,HL,5.0
R085,P5,P08,B,PI,4.5
R086,P1,P04,A,CMP,3.0
R086,P1,P04,A,HL,5.0
R086,P1,P04,A,PI,4.5
R086,P1,P04,B,CMP,5.0
R086,P1,P04,B,HL,5.0
R086,P1,P04,B,PI,4.0
R086,P2,P03,A,HL,3.0
R086,P2,P03,A,PI,4.5
R086,P2,P03,B,HL,4.0
R086,P2,P03,B,PI,4.0
R086,P3,P23,A,CMP,1.0
R086,P3,P23,A,CSAT,5.0
R086,P3,P23,A,PI,4.0
R086,P3,P23,B,CMP,4.0
R086,P3,P23,B,CSAT,4.0
R086,P3,P23,B,PI,4.5
R086,P4,P07,A,CMP,3.0
R086,P4,P07,A,CSAT,4.0
R086,P4,P07,A,PI,5.0
R086,P4,P07,B,CMP,4.0
R086,P4,P07,B,CSAT,4.0
R086,P4,P07,B,PI,3.0
R086,P5,P08,A,CSAT,4.0
R086,P5,P08,A,HL,5.0
R086,P5,P08,A,PI,3.0
R086,P5,P08,B,CSAT,3.0
R086,P5,P08,B,HL,3.0
R086,P5,P08,B,PI,5.0
R087,P1,P04,A,CMP,5.0
R087,P1,P04,A,HL,4.0
R087,P1,P04,A,PI,4.0
R087,P1,P04,B,CMP,4.0
R087,P1,P04,B,HL,4.0
R087,P1,P04,B,PI,4.5
R087,P2,P03,A,HL,5.0
R087,P2,P03,A,PI,4.0
R087,P2,P03,B,HL,5.0
R087,P2,P03,B,PI,4.5
R087,P3,P23,A,CMP,5.0
R087,P3,P23,A,CSAT,5.0
R087,P3,P23,A,PI,5.0
R087,P3,P23,B,CMP,3.0
R087,P3,P23,B,CSAT,4.0
R087,P3,P23,B,PI,4.0
R087,P4,P07,A,CMP,4.0
R087,P4,P07,A,CSAT,5.0
R087,P4,P07,A,PI,5.0
R087,P4,P07,B,CMP,4.0
R087,P4,P07,B,CSAT,5.0
R087,P4,P07,B,PI,5.0
R087,P5,P08,A,CSAT,3.0
R087,P5,P08,A,HL,4.0
R087,P5,P08,A,PI,3.5
R087,P5,P08,B,CSAT,4.0
R087,P5,P08,B,HL,4.0
R087,P5,P08,B,PI,3.5
R088,P1,P04,A,CMP,4.0
R088,P1,P04,A,HL,5.0
R088,P1,P04,A,PI,5.0
R088,P1,P04,B,CMP,1.0
R088,P1,P04,B,HL,5.0
R088,P1,P04,B,PI,3.5
R088,P2,P03,A,HL,5.0
R088,P2,P03,A,PI,4.5
R088,P2,P03,B,HL,4.0
R088,P2,P03,B,PI,3.0
R088,P3,P23,A,CMP,3.0
R088,P3,P23,A,CSAT,5.0
R088,P3,P23,A,PI,3.0
R088,P3,P23,B,CMP,3.0
R088,P3,P23,B,CSAT,3.0
R088,P3,P23,B,PI,5.0
R088,P4,P07,A,CMP,5.0
R088,P4,P07,A,CSAT,3.0
R088,P4,P07,A,PI,4.5
R088,P4,P07,B,CMP,2.0
R088,P4,P07,B,CSAT,5.0
R088,P4,P07,B,PI,4.0
R088,P5,P08,A,CSAT,5.0
R088,P5,P08,A,HL,4.0
R088,P5,P08,A,PI,4.0
R088,P5,P08,B,CSAT,5.0
R088,P5,P08,B,HL,4.0
R088,P5,P08,B,PI,3.5
R089,P1,P04,A,CMP,5.0
R089,P1,P04,A,HL,3.0
R089,P1,P04,A,PI,4.0
R089,P1,P04,B,CMP,2.0
R089,P1,P04,B,HL,5.0
R089,P1,P04,B,PI,5.0
R089,P2,P03,A,HL,4.0
R089,P2,P03,A,PI,3.5
R089,P2,P03,B,HL,3.0
R089,P2,P03,B,PI,2.5
R089,P3,P23,A,CMP,3.0
R089,P3,P23,A,CSAT,4.0
R089,P3,P23,A,PI,3.5
R089,P3,P23,B,CMP,5.0
R089,P3,P23,B,CSAT,3.0
R089,P3,P23,B,PI,4.0
R089,P4,P07,A,CMP,4.0
R089,P4,P07,A,CSAT,4.0
R089,P4,P07,A,PI,5.0
R089,P4,P07,B,CMP,2.0
R089,P4,P07,B,CSAT,5.0
R089,P4,P07,B,PI,3.0
R089,P5,P08,A,CSAT,3.0
R089,P5,P08,A,HL,4.0
R089,P5,P08,A,PI,4.0
R089,P5,P08,B,CSAT,4.0
R089,P5,P08,B,HL,5.0
R089,P5,P08,B,PI,4.0
R090,P1,P04,A,CMP,3.0
R090,P1,P04,A,HL,3.0
R090,P1,P04,A,PI,2.5
R090,P1,P04,B,CMP,5.0
R090,P1,P04,B,HL,3.0
R090,P1,P04,B,PI,4.0
R090,P2,P03,A,HL,5.0
R090,P2,P03,A,PI,4.0
R090,P2,P03,B,HL,4.0
R090,P2,P03,B,PI,3.5
R090,P3,P23,A,CMP,5.0
R090,P3,P23,A,CSAT,5.0
R090,P3,P23,A,PI,5.0
R090,P3,P23,B,CMP,5.0
R090,P3,P23,B,CSAT,5.0
R090,P3,P23,B,PI,3.0
R090,P4,P07,A,CMP,5.0
R090,P4,P07,A,CSAT,3.0
R090,P4,P07,A,PI,4.0
R090,P4,P07,B,CMP,2.0
R090,P4,P07,B,CSAT,4.0
R090,P4,P07,B,PI,4.0
R090,P5,P08,A,CSAT,3.0
R090,P5,P08,A,HL,4.0
R090,P5,P08,A,PI,4.5
R090,P5,P08,B,CSAT,3.0
R090,P5,P08,B,HL,4.0
R090,P5,P08,B,PI,3.5
R091,P1,P04,A,CMP,3.0
R091,P1,P04,A,HL,4.0
R091,P1,P04,A,PI,4.5
R091,P1,P04,B,CMP,3.0
R091,P1,P04,B,HL,2.0
R091,P1,P04,B,PI,3.5
R091,P2,P03,A,HL,3.0
R091,P2,P03,A,PI,4.0
R091,P2,P03,B,HL,4.0
R091,P2,P03,B,PI,3.0
R091,P3,P23,A,CMP,5.0
R091,P3,P23,A,CSAT,3.0
R091,P3,P23,A,PI,4.0
R091,P3,P23,B,CMP,5.0
R091,P3,P23,B,CSAT,3.0
R091,P3,P23,B,PI,4.0
R091,P4,P07,A,CMP,4.0
R091,P4,P07,A,CSAT,3.0
R091,P4,P07,A,PI,5.0
R091,P4,P07,B,CMP,4.0
R091,P4,P07,B,CSAT,5.0
R091,P4,P07,B,PI,3.5
R091,P5,P08,A,CSAT,5.0
R091,P5,P08,A,HL,4.0
R091,P5,P08,A,PI,4.5
R091,P5,P08,B,CSAT,2.0
R091,P5,P08,B,HL,3.0
R091,P5,P08,B,PI,2.5
R092,P1,P04,A,CMP,5.0
R092,P1,P04,A,HL,3.0
R092,P1,P04,A,PI,4.5
R092,P1,P04,B,CMP,2.0
R092,P1,P04,B,HL,5.0
R092,P1,P04,B,PI,3.5
R092,P2,P03,A,HL,5.0
R092,P2,P03,A,PI,5.0
R092,P2,P03,B,HL,5.0
R092,P2,P03,B,PI,3.0
R092,P3,P23,A,CMP,2.0
R092,P3,P23,A,CSAT,4.0
R092,P3,P23,A,PI,3.0
R092,P3,P23,B,CMP,5.0
R092,P3,P23,B,CSAT,4.0
R092,P3,P23,B,PI,4.5
R092,P4,P07,A,CMP,4.0
R092,P4,P07,A,CSAT,4.0
R092,P4,P07,A,PI,4.5
R092,P4,P07,B,CMP,2.0
R092,P4,P07,B,CSAT,2.0
R092,P4,P07,B,PI,4.5
R092,P5,P08,A,CSAT,5.0
R092,P5,P08,A,HL,3.0
R092,P5,P08,A,PI,4.5
R092,P5,P08,B,CSAT,3.0
R092,P5,P08,B,HL,2.0
R092,P5,P08,B,PI,3.5
R093,P1,P04,A,CMP,5.0
R093,P1,P04,A,HL,5.0
R093,P1,P04,A,PI,5.0
R093,P1,P04,B,CMP,5.0
R093,P1,P04,B,HL,5.0
R093,P1,P04,B,PI,5.0
R093,P2,P03,A,HL,5.0
R093,P2,P03,A,PI,3.0
R093,P2,P03,B,HL,5.0
R093,P2,P03,B,PI,4.5
R093,P3,P23,A,CMP,4.0
R093,P3,P23,A,CSAT,5.0
R093,P3,P23,A,PI,4.0
R093,P3,P23,B,CMP,4.0
R093,P3,P23,B,CSAT,5.0
R093,P3,P23,B,PI,4.0
R093,P4,P07,A,CMP,4.0
R093,P4,P07,A,CSAT,4.0
R093,P4,P07,A,PI,5.0
R093,P4,P07,B,CMP,4.0
R093,P4,P07,B,CSAT,5.0
R093,P4,P07,B,PI,4.5
R093,P5,P08,A,CSAT,3.0
R093,P5,P08,A,HL,3.0
R093,P5,P08,A,PI,4.5
R093,P5,P08,B,CSAT,4.0
R093,P5,P08,B,HL,4.0
R093,P5,P08,B,PI,4.0
R094,P1,P04,A,CMP,3.0
R094,P1,P04,A,HL,3.0
R094,P1,P04,A,PI,4.5
R094,P1,P04,B,CMP,3.0
R094,P1,P04,B,HL,3.0
R094,P1,P04,B,PI,4.5
R094,P2,P03,A,HL,4.0
R094,P2,P03,A,PI,5.0
R094,P2,P03,B,HL,4.0
R094,P2,P03,B,PI,2.5
R094,P3,P23,A,CMP,5.0
R094,P3,P23,A,CSAT,1.0
R094,P3,P23,A,PI,5.0
R094,P3,P23,B,CMP,5.0
R094,P3,P23,B,CSAT,3.0
R094,P3,P23,B,PI,5.0
R094,P4,P07,A,CMP,5.0
R094,P4,P07,A,CSAT,1.0
R094,P4,P07,A,PI,4.0
R094,P4,P07,B,CMP,4.0
R094,P4,P07,B,CSAT,3.0
R094,P4,P07,B,PI,5.0
R094,P5,P08,A,CSAT,5.0
R094,P5,P08,A,HL,1.0
R094,P5,P08,A,PI,3.5
R094,P5,P08,B,CSAT,4.0
R094,P5,P08,B,HL,5.0
R094,P5,P08,B,PI,3.0
R095,P1,P04,A,CMP,5.0
R095,P1,P04,A,HL,2.0
R095,P1,P04,A,PI,4.0
R095,P1,P04,B,CMP,5.0
R095,P1,P04,B,HL,4.0
R095,P1,P04,B,PI,3.0
R095,P2,P03,A,HL,5.0
R095,P2,P03,A,PI,5.0
R095,P2,P03,B,HL,4.0
R095,P2,P03,B,PI,4.0
R095,P3,P23,A,CMP,1.0
R095,P3,P23,A,CSAT,5.0
R095,P3,P23,A,PI,4.0
R095,P3,P23,B,CMP,5.0
R095,P3,P23,B,CSAT,3.0
R095,P3,P23,B,PI,3.0
R095,P4,P07,A,CMP,4.0
R095,P4,P07,A,CSAT,3.0
R095,P4,P07,A,PI,4.0
R095,P4,P07,B,CMP,2.0
R095,P4,P07,B,CSAT,5.0
R095,P4,P07,B,PI,4.0
R095,P5,P08,A,CSAT,4.0
R095,P5,P08,A,HL,1.0
R095,P5,P08,A,PI,4.0
R095,P5,P08,B,CSAT,4.0
R095,P5,P08,B,HL,5.0
R095,P5,P08,B,PI,3.5
R096,P1,P04,A,CMP,4.0
R096,P1,P04,A,HL,4.0
R096,P1,P04,A,PI,5.0
R096,P1,P04,B,CMP,4.0
R096,P1,P04,B,HL,5.0
R096,P1,P04,B,PI,4.0
R096,P2,P03,A,HL,3.0
R096,P2,P03,A,PI,4.0
R096,P2,P03,B,HL,3.0
R096,P2,P03,B,PI,3.5
R096,P3,P23,A,CMP,5.0
R096,P3,P23,A,CSAT,3.0
R096,P3,P23,A,PI,4.5
R096,P3,P23,B,CMP,3.0
R096,P3,P23,B,CSAT,3.0
R096,P3,P23,B,PI,4.0
R096,P4,P07,A,CMP,5.0
R096,P4,P07,A,CSAT,4.0
R096,P4,P07,A,PI,4.5
R096,P4,P07,B,CMP,2.0
R096,P4,P07,B,CSAT,4.0
R096,P4,P07,B,PI,3.5
R096,P5,P08,A,CSAT,3.0
R096,P5,P08,A,HL,3.0
R096,P5,P08,A,PI,5.0
R096,P5,P08,B,CSAT,4.0
R096,P5,P08,B,HL,5.0
R096,P5,P08,B,PI,4.5
R097,P1,P04,A,CMP,4.0
R097,P1,P04,A,HL,3.0
R097,P1,P04,A,PI,4.0
R097,P1,P04,B,CMP,4.0
R097,P1,P04,B,HL,5.0
R097,P1,P04,B,PI,4.5
R097,P2,P03,A,HL,4.0
R097,P2,P03,A,PI,3.0
R097,P2,P03,B,HL,4.0
R097,P2,P03,B,PI,4.5
R097,P3,P23,A,CMP,4.0
R097,P3,P23,A,CSAT,3.0
R097,P3,P23,A,PI,4.5
R097,P3,P23,B,CMP,4.0
R097,P3,P23,B,CSAT,4.0
R097,P3,P23,B,PI,3.5
R097,P4,P07,A,CMP,5.0
R097,P4,P07,A,CSAT,2.0
R097,P4,P07,A,PI,4.0
R097,P4,P07,B,CMP,4.0
R097,P4,P07,B,CSAT,3.0
R097,P4,P07,B,PI,4.5
R097,P5,P08,A,CSAT,4.0
R097,P5,P08,A,HL,1.0
R097,P5,P08,A,PI,3.5
R097,P5,P08,B,CSAT,5.0
R097,P5,P08,B,HL,4.0
R097,P5,P08,B,PI,2.5
R098,P1,P04,A,CMP,5.0
R098,P1,P04,A,HL,3.0
R098,P1,P04,A,PI,3.0
R098,P1,P04,B,CMP,3.0
R098,P1,P04,B,HL,5.0
R098,P1,P04,B,PI,2.5
R098,P2,P03,A,HL,4.0
R098,P2,P03,A,PI,4.0
R098,P2,P03,B,HL,3.0
R098,P2,P03,B,PI,4.5
R098,P3,P23,A,CMP,4.0
R098,P3,P23,A,CSAT,5.0
R098,P3,P23,A,PI,3.5
R098,P3,P23,B,CMP,4.0
R098,P3,P23,B,CSAT,4.0
R098,P3,P23,B,PI,4.5
R098,P4,P07,A,CMP,5.0
R098,P4,P07,A,CSAT,5.0
R098,P4,P07,A,PI,3.5
R098,P4,P07,B,CMP,2.0
R098,P4,P07,B,CSAT,3.0
R098,P4,P07,B,PI,3.5
R098,P5,P08,A,CSAT,5.0
R098,P5,P08,A,HL,4.0
R098,P5,P08,A,PI,4.0
R098,P5,P08,B,CSAT,4.0
R098,P5,P08,B,HL,5.0
R098,P5,P08,B,PI,4.0
R099,P1,P04,A,CMP,5.0
R099,P1,P04,A,HL,3.0
R099,P1,P04,A,PI,4.5
R099,P1,P04,B,CMP,5.0
R099,P1,P04,B,HL,5.0
R099,P1,P04,B,PI,3.0
R099,P2,P03,A,HL,4.0
R099,P2,P03,A,PI,4.0
R099,P2,P03,B,HL,4.0
R099,P2,P03,B,PI,4.5
R099,P3,P23,A,CMP,3.0
R099,P3,P23,A,CSAT,5.0
R099,P3,P23,A,PI,4.5
R099,P3,P23,B,CMP,3.0
R099,P3,P23,B,CSAT,4.0
R099,P3,P23,B,PI,3.5
R099,P4,P07,A,CMP,3.0
R099,P4,P07,A,CSAT,5.0
R099,P4,P07,A,PI,3.0
R099,P4,P07,B,CMP,4.0
R099,P4,P07,B,CSAT,4.0
R099,P4,P07,B,PI,2.5
R099,P5,P08,A,CSAT,3.0
R099,P5,P08,A,HL,4.0
R099,P5,P08,A,PI,4.5
R099,P5,P08,B,CSAT,4.0
R099,P5,P08,B,HL,4.0
R099,P5,P08,B,PI,4.0
R100,P1,P04,A,CMP,5.0
R100,P1,P04,A,HL,2.0
R100,P1,P04,A,PI,4.0
R100,P1,P04,B,CMP,5.0
R100,P1,P04,B,HL,5.0
R100,P1,P04,B,PI,4.5
R100,P2,P03,A,HL,5.0
R100,P2,P03,A,PI,3.0
R100,P2,P03,B,HL,5.0
R100,P2,P03,B,PI,4.0
R100,P3,P23,A,CMP,4.0
R100,P3,P23,A,CSAT,5.0
R100,P3,P23,A,PI,3.0
R100,P3,P23,B,CMP,3.0
R100,P3,P23,B,CSAT,3.0
R100,P3,P23,B,PI,5.0
R100,P4,P07,A,CMP,3.0
R100,P4,P07,A,CSAT,4.0
R100,P4,P07,A,PI,4.5
R100,P4,P07,B,CMP,4.0
R100,P4,P07,B,CSAT,4.0
R100,P4,P07,B,PI,2.5
R100,P5,P08,A,CSAT,5.0
R100,P5,P08,A,HL,3.0
R100,P5,P08,A,PI,4.5
R100,P5,P08,B,CSAT,3.0
R100,P5,P08,B,HL,5.0
R100,P5,P08,B,PI,4.0
R101,P1,P04,A,CMP,3.0
R101,P1,P04,A,HL,4.0
R101,P1,P04,A,PI,2.5
R101,P1,P04,B,CMP,4.0
R101,P1,P04,B,HL,3.0
R101,P1,P04,B,PI,4.5
R101,P2,P03,A,HL,3.0
R101,P2,P03,A,PI,4.5
R101,P2,P03,B,HL,4.0
R101,P2,P03,B,PI,4.0
R101,P3,P23,A,CMP,4.0
R101,P3,P23,A,CSAT,5.0
R101,P3,P23,A,PI,4.0
R101,P3,P23,B,CMP,5.0
R101,P3,P23,B,CSAT,1.0
R101,P3,P23,B,PI,4.0
R101,P4,P07,A,CMP,4.0
R101,P4,P07,A,CSAT,3.0
R101,P4,P07,A,PI,4.5
R101,P4,P07,B,CMP,4.0
R101,P4,P07,B,CSAT,4.0
R101,P4,P07,B,PI,4.0
R101,P5,P08,A,CSAT,4.0
R101,P5,P08,A,HL,4.0
R101,P5,P08,A,PI,4.0
R101,P5,P08,B,CSAT,4.0
R101,P5,P08,B,HL,4.0
R101,P5,P08,B,PI,4.5
R102,P1,P04,A,CMP,4.0
R102,P1,P04,A,HL,3.0
R102,P1,P04,A,PI,4.0
R102,P1,P04,B,CMP,3.0
R102,P1,P04,B,HL,4.0
R102,P1,P04,B,PI,4.0
R102,P2,P03,A,HL,2.0
R102,P2,P03,A,PI,4.0
R102,P2,P03,B,HL,1.0
R102,P2,P03,B,PI,4.5
R102,P3,P23,A,CMP,4.0
R102,P3,P23,A,CSAT,5.0
R102,P3,P23,A,PI,4.5
R102,P3,P23,B,CMP,4.0
R102,P3,P23,B,CSAT,4.0
R102,P3,P23,B,PI,3.5
R102,P4,P07,A,CMP,3.0
R102,P4,P07,A,CSAT,5.0
R102,P4,P07,A,PI,4.5
R102,P4,P07,B,CMP,4.0
R102,P4,P07,B,CSAT,4.0
R102,P4,P07,B,PI,4.5
R102,P5,P08,A,CSAT,5.0
R102,P5,P08,A,HL,5.0
R102,P5,P08,A,PI,4.0
R102,P5,P08,B,CSAT,4.0
R102,P5,P08,B,HL,5.0
R102,P5,P08,B,PI,3.5
R103,P1,P04,A,CMP,5.0
R103,P1,P04,A,HL,3.0
R103,P1,P04,A,PI,4.0
R103,P1,P04,B,CMP,5.0
R103,P1,P04,B,HL,5.0
R103,P1,P04,B,PI,3.5
R103,P2,P03,A,HL,3.0
R103,P2,P03,A,PI,3.5
R103,P2,P03,B,HL,5.0
R103,P2,P03,B,PI,4.5
R103,P3,P23,A,CMP,4.0
R103,P3,P23,A,CSAT,2.0
R103,P3,P23,A,PI,5.0
R103,P3,P23,B,CMP,4.0
R103,P3,P23,B,CSAT,3.0
R103,P3,P23,B,PI,4.0
R103,P4,P07,A,CMP,4.0
R103,P4,P07,A,CSAT,5.0
R103,P4,P07,A,PI,3.5
R103,P4,P07,B,CMP,4.0
R103,P4,P07,B,CSAT,3.0
R103,P4,P07,B,PI,3.5
R103,P5,P08,A,CSAT,5.0
R103,P5,P08,A,HL,4.0
R103,P5,P08,A,PI,3.5
R103,P5,P08,B,CSAT,1.0
R103,P5,P08,B,HL,4.0
R103,P5,P08,B,PI,3.5
R104,P1,P04,A,CMP,5.0
R104,P1,P04,A,HL,5.0
R104,P1,P04,A,PI,4.5
R104,P1,P04,B,CMP,3.0
R104,P1,P04,B,HL,3.0
R104,P1,P04,B,PI,4.5
R104,P2,P03,A,HL,3.0
R104,P2,P03,A,PI,4.5
R104,P2,P03,B,HL,2.0
R104,P2,P03,B,PI,4.0
R104,P3,P23,A,CMP,5.0
R104,P3,P23,A,CSAT,5.0
R104,P3,P23,A,PI,5.0
R104,P3,P23,B,CMP,5.0
R104,P3,P23,B,CSAT,5.0
R104,P3,P23,B,PI,3.5
R104,P4,P07,A,CMP,4.0
R104,P4,P07,A,CSAT,5.0
R104,P4,P07,A,PI,4.0
R104,P4,P07,B,CMP,3.0
R104,P4,P07,B,CSAT,5.0
R104,P4,P07,B,PI,3.5
R104,P5,P08,A,CSAT,5.0
R104,P5,P08,A,HL,5.0
R104,P5,P08,A,PI,5.0
R104,P5,P08,B,CSAT,4.0
R104,P5,P08,B,HL,5.0
R104,P5,P08,B,PI,2.5
R105,P1,P04,A,CMP,1.0
R105,P1,P04,A,HL,3.0
R105,P1,P04,A,PI,4.0
R105,P1,P04,B,CMP,3.0
R105,P1,P04,B,HL,5.0
R105,P1,P04,B,PI,3.5
R105,P2,P03,A,HL,5.0
R105,P2,P03,A,PI,4.0
R105,P2,P03,B,HL,3.0
R105,P2,P03,B,PI,3.5
R105,P3,P23,A,CMP,5.0
R105,P3,P23,A,CSAT,3.0
R105,P3,P23,A,PI,4.0
R105,P3,P23,B,CMP,5.0
R105,P3,P23,B,CSAT,3.0
R105,P3,P23,B,PI,3.5
R105,P4,P07,A,CMP,4.0
R105,P4,P07,A,CSAT,5.0
R105,P4,P07,A,PI,4.0
R105,P4,P07,B,CMP,5.0
R105,P4,P07,B,CSAT,5.0
R105,P4,P07,B,PI,4.5
R105,P5,P08,A,CSAT,3.0
R105,P5,P08,A,HL,3.0
R105,P5,P08,A,PI,4.5
R105,P5,P08,B,CSAT,3.0
R105,P5,P08,B,HL,4.0
R105,P5,P08,B,PI,4.0
R106,P1,P04,A,CMP,5.0
R106,P1,P04,A,HL,4.0
R106,P1,P04,A,PI,4.0
R106,P1,P04,B,CMP,4.0
R106,P1,P04,B,HL,5.0
R106,P1,P04,B,PI,4.0
R106,P2,P03,A,HL,5.0
R106,P2,P03,A,PI,4.5
R106,P2,P03,B,HL,4.0
R106,P2,P03,B,PI,4.5
R106,P3,P23,A,CMP,3.0
R106,P3,P23,A,CSAT,2.0
R106,P3,P23,A,PI,4.0
R106,P3,P23,B,CMP,4.0
R106,P3,P23,B,CSAT,3.0
R106,P3,P23,B,PI,3.5
R106,P4,P07,A,CMP,3.0
R106,P4,P07,A,CSAT,4.0
R106,P4,P07,A,PI,3.5
R106,P4,P07,B,CMP,4.0
R106,P4,P07,B,CSAT,4.0
R106,P4,P07,B,PI,4.5
R106,P5,P08,A,CSAT,5.0
R106,P5,P08,A,HL,2.0
R106,P5,P08,A,PI,3.0
R106,P5,P08,B,CSAT,4.0
R106,P5,P08,B,HL,5.0
R106,P5,P08,B,PI,3.0
R107,P1,P04,A,CMP,4.0
R107,P1,P04,A,HL,5.0
R107,P1,P04,A,PI,4.0
R107,P1,P04,B,CMP,4.0
R107,P1,P04,B,HL,4.0
R107,P1,P04,B,PI,3.5
R107,P2,P03,A,HL,2.0
R107,P2,P03,A,PI,3.5
R107,P2,P03,B,HL,3.0
R107,P2,P03,B,PI,4.5
R107,P3,P23,A,CMP,1.0
R107,P3,P23,A,CSAT,2.0
R107,P3,P23,A,PI,4.0
R107,P3,P23,B,CMP,3.0
R107,P3,P23,B,CSAT,3.0
R107,P3,P23,B,PI,3.0
R107,P4,P07,A,CMP,5.0
R107,P4,P07,A,CSAT,4.0
R107,P4,P07,A,PI,4.0
R107,P4,P07,B,CMP,4.0
R107,P4,P07,B,CSAT,5.0
R107,P4,P07,B,PI,4.5
R107,P5,P08,A,CSAT,4.0
R107,P5,P08,A,HL,3.0
R107,P5,P08,A,PI,2.5
R107,P5,P08,B,CSAT,3.0
R107,P5,P08,B,HL,5.0
R107,P5,P08,B,PI,3.5
R108,P1,P04,A,CMP,5.0
R108,P1,P04,A,HL,5.0
R108,P1,P04,A,PI,4.0
R108,P1,P04,B,CMP,2.0
R108,P1,P04,B,HL,3.0
R108,P1,P04,B,PI,4.5
R108,P2,P03,A,HL,4.0
R108,P2,P03,A,PI,3.5
R108,P2,P03,B,HL,5.0
R108,P2,P03,B,PI,4.5
R108,P3,P23,A,CMP,2.0
R108,P3,P23,A,CSAT,5.0
R108,P3,P23,A,PI,3.5
R108,P3,P23,B,CMP,3.0
R108,P3,P23,B,CSAT,4.0
R108,P3,P23,B,PI,4.5
R108,P4,P07,A,CMP,4.0
R108,P4,P07,A,CSAT,5.0
R108,P4,P07,A,PI,4.5
R108,P4,P07,B,CMP,3.0
R108,P4,P07,B,CSAT,5.0
R108,P4,P07,B,PI,4.5
R108,P5,P08,A,CSAT,4.0
R108,P5,P08,A,HL,2.0
R108,P5,P08,A,PI,4.0
R108,P5,P08,B,CSAT,3.0
R108,P5,P08,B,HL,4.0
R108,P5,P08,B,PI,3.0
R109,P1,P04,A,CMP,3.0
R109,P1,P04,A,HL,4.0
R109,P1,P04,A,PI,3.5
R109,P1,P04,B,CMP,3.0
R109,P1,P04,B,HL,4.0
R109,P1,P04,B,PI,4.5
R109,P2,P03,A,HL,5.0
R109,P2,P03,A,PI,4.5
R109,P2,P03,B,HL,4.0
R109,P2,P03,B,PI,3.5
R109,P3,P23,A,CMP,4.0
R109,P3,P23,A,CSAT,4.0
R109,P3,P23,A,PI,4.0
R109,P3,P23,B,CMP,4.0
R109,P3,P23,B,CSAT,5.0
R109,P3,P23,B,PI,5.0
R109,P4,P07,A,CMP,5.0
R109,P4,P07,A,CSAT,5.0
R109,P4,P07,A,PI,3.0
R109,P4,P07,B,CMP,2.0
R109,P4,P07,B,CSAT,4.0
R109,P4,P07,B,PI,3.0
R109,P5,P08,A,CSAT,4.0
R109,P5,P08,A,HL,4.0
R109,P5,P08,A,PI,4.0
R109,P5,P08,B,CSAT,2.0
R109,P5,P08,B,HL,5.0
R109,P5,P08,B,PI,4.5
R110,P1,P04,A,CMP,4.0
R110,P1,P04,A,HL,5.0
R110,P1,P04,A,PI,5.0
R110,P1,P04,B,CMP,4.0
R110,P1,P04,B,HL,3.0
R110,P1,P04,B,PI,4.0
R110,P2,P03,A,HL,5.0
R110,P2,P03,A,PI,4.0
R110,P2,P03,B,HL,5.0
R110,P2,P03,B,PI,4.0
R110,P3,P23,A,CMP,5.0
R110,P3,P23,A,CSAT,3.0
R110,P3,P23,A,PI,3.5
R110,P3,P23,B,CMP,3.0
R110,P3,P23,B,CSAT,3.0
R110,P3,P23,B,PI,3.5
R110,P4,P07,A,CMP,3.0
R110,P4,P07,A,CSAT,5.0
R110,P4,P07,A,PI,4.0
R110,P4,P07,B,CMP,4.0
R110,P4,P07,B,CSAT,3.0
R110,P4,P07,B,PI,2.0
R110,P5,P08,A,CSAT,4.0
R110,P5,P08,A,HL,5.0
R110,P5,P08,A,PI,3.5
R110,P5,P08,B,CSAT,5.0
R110,P5,P08,B,HL,5.0
R110,P5,P08,B,PI,3.5
R111,P1,P04,A,CMP,4.0
R111,P1,P04,A,HL,5.0
R111,P1,P04,A,PI,4.5
R111,P1,P04,B,CMP,2.0
R111,P1,P04,B,HL,4.0
R111,P1,P04,B,PI,4.0
R111,P2,P03,A,HL,5.0
R111,P2,P03,A,PI,3.5
R111,P2,P03,B,HL,5.0
R111,P2,P03,B,PI,4.5
R111,P3,P23,A,CMP,2.0
R111,P3,P23,A,CSAT,5.0
R111,P3,P23,A,PI,4.0
R111,P3,P23,B,CMP,5.0
R111,P3,P23,B,CSAT,3.0
R111,P3,P23,B,PI,4.5
R111,P4,P07,A,CMP,5.0
R111,P4,P07,A,CSAT,4.0
R111,P4,P07,A,PI,4.5
R111,P4,P07,B,CMP,3.0
R111,P4,P07,B,CSAT,5.0
R111,P4,P07,B,PI,4.5
R111,P5,P08,A,CSAT,4.0
R111,P5,P08,A,HL,4.0
R111,P5,P08,A,PI,3.5
R111,P5,P08,B,CSAT,5.0
R111,P5,P08,B,HL,5.0
R111,P5,P08,B,PI,3.5
R112,P1,P04,A,CMP,1.0
R112,P1,P04,A,HL,5.0
R112,P1,P04,A,PI,4.5
R112,P1,P04,B,CMP,5.0
R112,P1,P04,B,HL,5.0
R112,P1,P04,B,PI,5.0
R112,P2,P03,A,HL,3.0
R112,P2,P03,A,PI,5.0
R112,P2,P03,B,HL,5.0
R112,P2,P03,B,PI,3.0
R112,P3,P23,A,CMP,4.0
R112,P3,P23,A,CSAT,4.0
R112,P3,P23,A,PI,4.0
R112,P3,P23,B,CMP,5.0
R112,P3,P23,B,CSAT,3.0
R112,P3,P23,B,PI,3.5
R112,P4,P07,A,CMP,3.0
R112,P4,P07,A,CSAT,4.0
R112,P4,P07,A,PI,4.5
R112,P4,P07,B,CMP,4.0
R112,P4,P07,B,CSAT,4.0
R112,P4,P07,B,PI,3.5
R112,P5,P08,A,CSAT,4.0
R112,P5,P08,A,HL,5.0
R112,P5,P08,A,PI,4.5
R112,P5,P08,B,CSAT,4.0
R112,P5,P08,B,HL,4.0
R112,P5,P08,B,PI,4.0
R113,P1,P04,A,CMP,4.0
R113,P1,P04,A,HL,4.0
R113,P1,P04,A,PI,4.5
R113,P1,P04,B,CMP,4.0
R113,P1,P04,B,HL,5.0
R113,P1,P04,B,PI,4.0
R113,P2,P03,A,HL,5.0
R113,P2,P03,A,PI,4.0
R113,P2,P03,B,HL,3.0
R113,P2,P03,B,PI,3.0
R113,P3,P23,A,CMP,5.0
R113,P3,P23,A,CSAT,3.0
R113,P3,P23,A,PI,4.5
R113,P3,P23,B,CMP,5.0
R113,P3,P23,B,CSAT,3.0
R113,P3,P23,B,PI,3.5
R113,P4,P07,A,CMP,5.0
R113,P4,P07,A,CSAT,4.0
R113,P4,P07,A,PI,3.0
R113,P4,P07,B,CMP,2.0
R113,P4,P07,B,CSAT,3.0
R113,P4,P07,B,PI,4.0
R113,P5,P08,A,CSAT,3.0
R113,P5,P08,A,HL,3.0
R113,P5,P08,A,PI,3.5
R113,P5,P08,B,CSAT,4.0
R113,P5,P08,B,HL,4.0
R113,P5,P08,B,PI,4.0
R114,P1,P04,A,CMP,1.0
R114,P1,P04,A,HL,5.0
R114,P1,P04,A,PI,4.5
R114,P1,P04,B,CMP,3.0
R114,P1,P04,B,HL,3.0
R114,P1,P04,B,PI,3.5
R114,P2,P03,A,HL,4.0
R114,P2,P03,A,PI,5.0
R114,P2,P03,B,HL,4.0
R114,P2,P03,B,PI,2.5
R114,P3,P23,A,CMP,1.0
R114,P3,P23,A,CSAT,4.0
R114,P3,P23,A,PI,4.5
R114,P3,P23,B,CMP,3.0
R114,P3,P23,B,CSAT,3.0
R114,P3,P23,B,PI,4.5
R114,P4,P07,A,CMP,4.0
R114,P4,P07,A,CSAT,4.0
R114,P4,P07,A,PI,4.0
R114,P4,P07,B,CMP,4.0
R114,P4,P07,B,CSAT,5.0
R114,P4,P07,B,PI,3.5
R114,P5,P08,A,CSAT,4.0
R114,P5,P08,A,HL,3.0
R114,P5,P08,A,PI,4.5
R114,P5,P08,B,CSAT,4.0
R114,P5,P08,B,HL,5.0
R114,P5,P08,B,PI,4.0
R115,P1,P04,A,CMP,2.0
R115,P1,P04,A,HL,4.0
R115,P1,P04,A,PI,4.5
R115,P1,P04,B,CMP,4.0
R115,P1,P04,B,HL,5.0
R115,P1,P04,B,PI,5.0
R115,P2,P03,A,HL,3.0
R115,P2,P03,A,PI,4.5
R115,P2,P03,B,HL,5.0
R115,P2,P03,B,PI,4.0
R115,P3,P23,A,CMP,3.0
R115,P3,P23,A,CSAT,3.0
R115,P3,P23,A,PI,5.0
R115,P3,P23,B,CMP,2.0
R115,P3,P23,B,CSAT,3.0
R115,P3,P23,B,PI,5.0
R115,P4,P07,A,CMP,4.0
R115,P4,P07,A,CSAT,4.0
R115,P4,P07,A,PI,3.5
R115,P4,P07,B,CMP,2.0
R115,P4,P07,B,CSAT,4.0
R115,P4,P07,B,PI,4.0
R115,P5,P08,A,CSAT,4.0
R115,P5,P08,A,HL,4.0
R115,P5,P08,A,PI,5.0
R115,P5,P08,B,CSAT,5.0
R115,P5,P08,B,HL,4.0
R115,P5,P08,B,PI,3.0
R116,P1,P04,A,CMP,3.0
R116,P1,P04,A,HL,2.0
R116,P1,P04,A,PI,4.0
R116,P1,P04,B,CMP,5.0
R116,P1,P04,B,HL,4.0
R116,P1,P04,B,PI,5.0
R116,P2,P03,A,HL,4.0
R116,P2,P03,A,PI,4.0
R116,P2,P03,B,HL,4.0
R116,P2,P03,B,PI,4.0
R116,P3,P23,A,CMP,4.0
R116,P3,P23,A,CSAT,2.0
R116,P3,P23,A,PI,3.0
R116,P3,P23,B,CMP,4.0
R116,P3,P23,B,CSAT,3.0
R116,P3,P23,B,PI,4.5
R116,P4,P07,A,CMP,4.0
R116,P4,P07,A,CSAT,3.0
R116,P4,P07,A,PI,3.5
R116,P4,P07,B,CMP,3.0
R116,P4,P07,B,CSAT,3.0
R116,P4,P07,B,PI,4.5
R116,P5,P08,A,CSAT,5.0
R116,P5,P08,A,HL,4.0
R116,P5,P08,A,PI,3.0
R116,P5,P08,B,CSAT,4.0
R116,P5,P08,B,HL,3.0
R116,P5,P08,B,PI,3.5
R117,P1,P04,A,CMP,5.0
R117,P1,P04,A,HL,5.0
R117,P1,P04,A,PI,4.5
R117,P1,P04,B,CMP,5.0
R117,P1,P04,B,HL,4.0
R117,P1,P04,B,PI,4.0
R117,P2,P03,A,HL,5.0
R117,P2,P03,A,PI,3.0
R117,P2,P03,B,HL,4.0
R117,P2,P03,B,PI,3.0
R117,P3,P23,A,CMP,3.0
R117,P3,P23,A,CSAT,5.0
R117,P3,P23,A,PI,5.0
R117,P3,P23,B,CMP,3.0
R117,P3,P23,B,CSAT,3.0
R117,P3,P23,B,PI,4.0
R117,P4,P07,A,CMP,3.0
R117,P4,P07,A,CSAT,4.0
R117,P4,P07,A,PI,4.5
R117,P4,P07,B,CMP,2.0
R117,P4,P07,B,CSAT,4.0
R117,P4,P07,B,PI,4.0
R117,P5,P08,A,CSAT,4.0
R117,P5,P08,A,HL,3.0
R117,P5,P08,A,PI,4.5
R117,P5,P08,B,CSAT,3.0
R117,P5,P08,B,HL,4.0
R117,P5,P08,B,PI,4.0
R118,P1,P04,A,CMP,3.0
R118,P1,P04,A,HL,5.0
R118,P1,P04,A,PI,4.5
R118,P1,P04,B,CMP,5.0
R118,P1,P04,B,HL,4.0
R118,P1,P04,B,PI,4.0
R118,P2,P03,A,HL,2.0
R118,P2,P03,A,PI,4.5
R118,P2,P03,B,HL,5.0
R118,P2,P03,B,PI,4.0
R118,P3,P23,A,CMP,5.0
R118,P3,P23,A,CSAT,4.0
R118,P3,P23,A,PI,5.0
R118,P3,P23,B,CMP,4.0
R118,P3,P23,B,CSAT,3.0
R118,P3,P23,B,PI,4.5
R118,P4,P07,A,CMP,5.0
R118,P4,P07,A,CSAT,3.0
R118,P4,P07,A,PI,5.0
R118,P4,P07,B,CMP,4.0
R118,P4,P07,B,CSAT,4.0
R118,P4,P07,B,PI,4.0
R118,P5,P08,A,CSAT,5.0
R118,P5,P08,A,HL,5.0
R118,P5,P08,A,PI,4.0
R118,P5,P08,B,CSAT,1.0
R118,P5,P08,B,HL,5.0
R118,P5,P08,B,PI,4.0
R119,P1,P04,A,CMP,3.0
R119,P1,P04,A,HL,5.0
R119,P1,P04,A,PI,4.0
R119,P1,P04,B,CMP,5.0
R119,P1,P04,B,HL,4.0
R119,P1,P04,B,PI,4.5
R119,P2,P03,A,HL,4.0
R119,P2,P03,A,PI,4.0
R119,P2,P03,B,HL,4.0
R119,P2,P03,B,PI,5.0
R119,P3,P23,A,CMP,4.0
R119,P3,P23,A,CSAT,4.0
R119,P3,P23,A,PI,2.5
R119,P3,P23,B,CMP,4.0
R119,P3,P23,B,CSAT,4.0
R119,P3,P23,B,PI,4.5
R119,P4,P07,A,CMP,5.0
R119,P4,P07,A,CSAT,4.0
R119,P4,P07,A,PI,4.5
R119,P4,P07,B,CMP,2.0
R119,P4,P07,B,CSAT,5.0
R119,P4,P07,B,PI,4.0
R119,P5,P08,A,CSAT,4.0
R119,P5,P08,A,HL,5.0
R119,P5,P08,A,PI,4.5
R119,P5,P08,B,CSAT,4.0
R119,P5,P08,B,HL,5.0
R119,P5,P08,B,PI,4.0
R120,P1,P04,A,CMP,3.0
R120,P1,P04,A,HL,5.0
R120,P1,P04,A,PI,3.5
R120,P1,P04,B,CMP,4.0
R120,P1,P04,B,HL,4.0
R120,P1,P04,B,PI,3.5
R120,P2,P03,A,HL,4.0
R120,P2,P03,A,PI,4.5
R120,P2,P03,B,HL,3.0
R120,P2,P03,B,PI,4.5
R120,P3,P23,A,CMP,4.0
R120,P3,P23,A,CSAT,5.0
R120,P3,P23,A,PI,4.5
R120,P3,P23,B,CMP,4.0
R120,P3,P23,B,CSAT,3.0
R120,P3,P23,B,PI,3.5
R120,P4,P07,A,CMP,5.0
R120,P4,P07,A,CSAT,3.0
R120,P4,P07,A,PI,4.0
R120,P4,P07,B,CMP,1.0
R120,P4,P07,B,CSAT,5.0
R120,P4,P07,B,PI,4.5
R120,P5,P08,A,CSAT,3.0
R120,P5,P08,A,HL,4.0
R120,P5,P08,A,PI,4.0
R120,P5,P08,B,CSAT,3.0
R120,P5,P08,B,HL,4.0
R120,P5,P08,B,PI,3.0
R121,P1,P04,A,CMP,4.0
R121,P1,P04,A,HL,4.0
R121,P1,P04,A,PI,4.0
R121,P1,P04,B,CMP,5.0
R121,P1,P04,B,HL,5.0
R121,P1,P04,B,PI,4.0
R121,P2,P03,A,HL,4.0
R121,P2,P03,A,PI,4.5
R121,P2,P03,B,HL,3.0
R121,P2,P03,B,PI,4.0
R121,P3,P23,A,CMP,5.0
R121,P3,P23,A,CSAT,3.0
R121,P3,P23,A,PI,2.5
R121,P3,P23,B,CMP,1.0
R121,P3,P23,B,CSAT,3.0
R121,P3,P23,B,PI,3.0
R121,P4,P07,A,CMP,5.0
R121,P4,P07,A,CSAT,4.0
R121,P4,P07,A,PI,3.5
R121,P4,P07,B,CMP,3.0
R121,P4,P07,B,CSAT,3.0
R121,P4,P07,B,PI,4.5
R121,P5,P08,A,CSAT,4.0
R121,P5,P08,A,HL,1.0
R121,P5,P08,A,PI,4.0
R121,P5,P08,B,CSAT,3.0
R121,P5,P08,B,HL,3.0
R121,P5,P08,B,PI,4.0
R122,P1,P04,A,CMP,5.0
R122,P1,P04,A,HL,5.0
R122,P1,P04,A,PI,4.5
R122,P1,P04,B,CMP,5.0
R122,P1,P04,B,HL,4.0
R122,P1,P04,B,PI,2.5
R122,P2,P03,A,HL,4.0
R122,P2,P03,A,PI,4.5
R122,P2,P03,B,HL,5.0
R122,P2,P03,B,PI,4.0
R122,P3,P23,A,CMP,2.0
R122,P3,P23,A,CSAT,5.0
R122,P3,P23,A,PI,4.0
R122,P3,P23,B,CMP,3.0
R122,P3,P23,B,CSAT,3.0
R122,P3,P23,B,PI,4.5
R122,P4,P07,A,CMP,4.0
R122,P4,P07,A,CSAT,4.0
R122,P4,P07,A,PI,2.5
R122,P4,P07,B,CMP,2.0
R122,P4,P07,B,CSAT,4.0
R122,P4,P07,B,PI,4.0
R122,P5,P08,A,CSAT,5.0
R122,P5,P08,A,HL,3.0
R122,P5,P08,A,PI,3.5
R122,P5,P08,B,CSAT,4.0
R122,P5,P08,B,HL,4.0
R122,P5,P08,B,PI,5.0
R123,P1,P04,A,CMP,3.0
R123,P1,P04,A,HL,4.0
R123,P1,P04,A,PI,4.0
R123,P1,P04,B,CMP,5.0
R123,P1,P04,B,HL,3.0
R123,P1,P04,B,PI,3.5
R123,P2,P03,A,HL,2.0
R123,P2,P03,A,PI,4.5
R123,P2,P03,B,HL,4.0
R123,P2,P03,B,PI,4.5
R123,P3,P23,A,CMP,5.0
R123,P3,P23,A,CSAT,3.0
R123,P3,P23,A,PI,3.5
R123,P3,P23,B,CMP,4.0
R123,P3,P23,B,CSAT,3.0
R123,P3,P23,B,PI,4.5
R123,P4,P07,A,CMP,5.0
R123,P4,P07,A,CSAT,5.0
R123,P4,P07,A,PI,5.0
R123,P4,P07,B,CMP,2.0
R123,P4,P07,B,CSAT,3.0
R123,P4,P07,B,PI,4.0
R123,P5,P08,A,CSAT,2.0
R123,P5,P08,A,HL,1.0
R123,P5,P08,A,PI,4.5
R123,P5,P08,B,CSAT,4.0
R123,P5,P08,B,HL,4.0
R123,P5,P08,B,PI,4.0
R124,P1,P04,A,CMP,2.0
R124,P1,P04,A,HL,3.0
R124,P1,P04,A,PI,4.0
R124,P1,P04,B,CMP,3.0
R124,P1,P04,B,HL,3.0
R124,P1,P04,B,PI,4.5
R124,P2,P03,A,HL,5.0
R124,P2,P03,A,PI,5.0
R124,P2,P03,B,HL,4.0
R124,P2,P03,B,PI,3.5
R124,P3,P23,A,CMP,4.0
R124,P3,P23,A,CSAT,3.0
R124,P3,P23,A,PI,4.0
R124,P3,P23,B,CMP,3.0
R124,P3,P23,B,CSAT,3.0
R124,P3,P23,B,PI,3.0
R124,P4,P07,A,CMP,2.0
R124,P4,P07,A,CSAT,4.0
R124,P4,P07,A,PI,4.0
R124,P4,P07,B,CMP,4.0
R124,P4,P07,B,CSAT,3.0
R124,P4,P07,B,PI,4.5
R124,P5,P08,A,CSAT,5.0
R124,P5,P08,A,HL,4.0
R124,P5,P08,A,PI,5.0
R124,P5,P08,B,CSAT,4.0
R124,P5,P08,B,HL,5.0
R124,P5,P08,B,PI,2.0
R125,P1,P04,A,CMP,5.0
R125,P1,P04,A,HL,4.0
R125,P1,P04,A,PI,3.5
R125,P1,P04,B,CMP,5.0
R125,P1,P04,B,HL,4.0
R125,P1,P04,B,PI,3.0
R125,P2,P03,A,HL,2.0
R125,P2,P03,A,PI,4.5
R125,P2,P03,B,HL,5.0
R125,P2,P03,B,PI,4.5
R125,P3,P23,A,CMP,1.0
R125,P3,P23,A,CSAT,1.0
R125,P3,P23,A,PI,4.0
R125,P3,P23,B,CMP,5.0
R125,P3,P23,B,CSAT,3.0
R125,P3,P23,B,PI,4.0
R125,P4,P07,A,CMP,5.0
R125,P4,P07,A,CSAT,3.0
R125,P4,P07,A,PI,2.5
R125,P4,P07,B,CMP,4.0
R125,P4,P07,B,CSAT,3.0
R125,P4,P07,B,PI,4.0
R125,P5,P08,A,CSAT,4.0
R125,P5,P08,A,HL,4.0
R125,P5,P08,A,PI,2.5
R125,P5,P08,B,CSAT,5.0
R125,P5,P08,B,HL,5.0
R125,P5,P08,B,PI,5.0
R126,P1,P04,A,CMP,5.0
R126,P1,P04,A,HL,4.0
R126,P1,P04,A,PI,4.0
R126,P1,P04,B,CMP,5.0
R126,P1,P04,B,HL,3.0
R126,P1,P04,B,PI,4.0
R126,P2,P03,A,HL,3.0
R126,P2,P03,A,PI,4.0
R126,P2,P03,B,HL,4.0
R126,P2,P03,B,PI,3.0
R126,P3,P23,A,CMP,4.0
R126,P3,P23,A,CSAT,4.0
R126,P3,P23,A,PI,3.5
R126,P3,P23,B,CMP,4.0
R126,P3,P23,B,CSAT,4.0
R126,P3,P23,B,PI,4.5
R126,P4,P07,A,CMP,5.0
R126,P4,P07,A,CSAT,4.0
R126,P4,P07,A,PI,3.0
R126,P4,P07,B,CMP,2.0
R126,P4,P07,B,CSAT,4.0
R126,P4,P07,B,PI,4.5
R126,P5,P08,A,CSAT,3.0
R126,P5,P08,A,HL,2.0
R126,P5,P08,A,PI,5.0
R126,P5,P08,B,CSAT,1.0
R126,P5,P08,B,HL,3.0
R126,P5,P08,B,PI,3.5
R127,P1,P04,A,CMP,4.0
R127,P1,P04,A,HL,5.0
R127,P1,P04,A,PI,4.5
R127,P1,P04,B,CMP,5.0
R127,P1,P04,B,HL,5.0
R127,P1,P04,B,PI,4.5
R127,P2,P03,A,HL,5.0
R127,P2,P03,A,PI,3.5
R127,P2,P03,B,HL,4.0
R127,P2,P03,B,PI,4.0
R127,P3,P23,A,CMP,3.0
R127,P3,P23,A,CSAT,4.0
R127,P3,P23,A,PI,3.0
R127,P3,P23,B,CMP,4.0
R127,P3,P23,B,CSAT,3.0
R127,P3,P23,B,PI,4.0
R127,P4,P07,A,CMP,4.0
R127,P4,P07,A,CSAT,4.0
R127,P4,P07,A,PI,4.0
R127,P4,P07,B,CMP,2.0
R127,P4,P07,B,CSAT,4.0
R127,P4,P07,B,PI,2.5
R127,P5,P08,A,CSAT,5.0
R127,P5,P08,A,HL,3.0
R127,P5,P08,A,PI,5.0
R127,P5,P08,B,CSAT,4.0
R127,P5,P08,B,HL,5.0
R127,P5,P08,B,PI,4.0
R128,P1,P04,A,CMP,5.0
R128,P1,P04,A,HL,2.0
R128,P1,P04,A,PI,4.0
R128,P1,P04,B,CMP,2.0
R128,P1,P04,B,HL,4.0
R128,P1,P04,B,PI,3.0
R128,P2,P03,A,HL,4.0
R128,P2,P03,A,PI,4.5
R128,P2,P03,B,HL,1.0
R128,P2,P03,B,PI,3.5
R128,P3,P23,A,CMP,2.0
R128,P3,P23,A,CSAT,4.0
R128,P3,P23,A,PI,4.5
R128,P3,P23,B,CMP,5.0
R128,P3,P23,B,CSAT,3.0
R128,P3,P23,B,PI,3.0
R128,P4,P07,A,CMP,5.0
R128,P4,P07,A,CSAT,2.0
R128,P4,P07,A,PI,5.0
R128,P4,P07,B,CMP,2.0
R128,P4,P07,B,CSAT,3.0
R128,P4,P07,B,PI,4.0
R128,P5,P08,A,CSAT,5.0
R128,P5,P08,A,HL,4.0
R128,P5,P08,A,PI,4.5
R128,P5,P08,B,CSAT,3.0
R128,P5,P08,B,HL,3.0
R128,P5,P08,B,PI,4.0
R129,P1,P04,A,CMP,5.0
R129,P1,P04,A,HL,4.0
R129,P1,P04,A,PI,4.5
R129,P1,P04,B,CMP,1.0
R129,P1,P04,B,HL,5.0
R129,P1,P04,B,PI,4.0
R129,P2,P03,A,HL,5.0
R129,P2,P03,A,PI,4.0
R129,P2,P03,B,HL,4.0
R129,P2,P03,B,PI,4.0
R129,P3,P23,A,CMP,4.0
R129,P3,P23,A,CSAT,1.0
R129,P3,P23,A,PI,4.0
R129,P3,P23,B,CMP,3.0
R129,P3,P23,B,CSAT,4.0
R129,P3,P23,B,PI,3.5
R129,P4,P07,A,CMP,5.0
R129,P4,P07,A,CSAT,2.0
R129,P4,P07,A,PI,4.5
R129,P4,P07,B,CMP,4.0
R129,P4,P07,B,CSAT,4.0
R129,P4,P07,B,PI,5.0
R129,P5,P08,A,CSAT,4.0
R129,P5,P08,A,HL,5.0
R129,P5,P08,A,PI,4.0
R129,P5,P08,B,CSAT,4.0
R129,P5,P08,B,HL,5.0
R129,P5,P08,B,PI,3.5
R130,P1,P04,A,CMP,4.0
R130,P1,P04,A,HL,4.0
R130,P1,P04,A,PI,4.5
R130,P1,P04,B,CMP,4.0
R130,P1,P04,B,HL,4.0
R130,P1,P04,B,PI,3.5
R130,P2,P03,A,HL,5.0
R130,P2,P03,A,PI,4.0
R130,P2,P03,B,HL,4.0
R130,P2,P03,B,PI,4.0
R130,P3,P23,A,CMP,3.0
R130,P3,P23,A,CSAT,4.0
R130,P3,P23,A,PI,3.0
R130,P3,P23,B,CMP,2.0
R130,P3,P23,B,CSAT,4.0
R130,P3,P23,B,PI,3.5
R130,P4,P07,A,CMP,5.0
R130,P4,P07,A,CSAT,4.0
R130,P4,P07,A,PI,4.5
R130,P4,P07,B,CMP,3.0
R130,P4,P07,B,CSAT,3.0
R130,P4,P07,B,PI,4.5
R130,P5,P08,A,CSAT,4.0
R130,P5,P08,A,HL,4.0
R130,P5,P08,A,PI,3.5
R130,P5,P08,B,CSAT,1.0
R130,P5,P08,B,HL,4.0
R130,P5,P08,B,PI,2.5
R131,P1,P04,A,CMP,4.0
R131,P1,P04,A,HL,3.0
R131,P1,P04,A,PI,4.0
R131,P1,P04,B,CMP,5.0
R131,P1,P04,B,HL,4.0
R131,P1,P04,B,PI,3.0
R131,P2,P03,A,HL,4.0
R131,P2,P03,A,PI,3.5
R131,P2,P03,B,HL,5.0
R131,P2,P03,B,PI,3.5
R131,P3,P23,A,CMP,3.0
R131,P3,P23,A,CSAT,4.0
R131,P3,P23,A,PI,4.5
R131,P3,P23,B,CMP,4.0
R131,P3,P23,B,CSAT,4.0
R131,P3,P23,B,PI,4.0
R131,P4,P07,A,CMP,5.0
R131,P4,P07,A,CSAT,4.0
R131,P4,P07,A,PI,5.0
R131,P4,P07,B,CMP,2.0
R131,P4,P07,B,CSAT,3.0
R131,P4,P07,B,PI,3.5
R131,P5,P08,A,CSAT,5.0
R131,P5,P08,A,HL,5.0
R131,P5,P08,A,PI,4.0
R131,P5,P08,B,CSAT,4.0
R131,P5,P08,B,HL,5.0
R131,P5,P08,B,PI,4.0
R132,P1,P04,A,CMP,4.0
R132,P1,P04,A,HL,2.0
R132,P1,P04,A,PI,5.0
R132,P1,P04,B,CMP,4.0
R132,P1,P04,B,HL,4.0
R132,P1,P04,B,PI,4.0
R132,P2,P03,A,HL,3.0
R132,P2,P03,A,PI,3.5
R132,P2,P03,B,HL,5.0
R132,P2,P03,B,PI,4.0
R132,P3,P23,A,CMP,3.0
R132,P3,P23,A,CSAT,5.0
R132,P3,P23,A,PI,4.0
R132,P3,P23,B,CMP,3.0
R132,P3,P23,B,CSAT,4.0
R132,P3,P23,B,PI,4.5
R132,P4,P07,A,CMP,5.0
R132,P4,P07,A,CSAT,4.0
R132,P4,P07,A,PI,4.0
R132,P4,P07,B,CMP,2.0
R132,P4,P07,B,CSAT,4.0
R132,P4,P07,B,PI,2.5
R132,P5,P08,A,CSAT,3.0
R132,P5,P08,A,HL,5.0
R132,P5,P08,A,PI,4.5
R132,P5,P08,B,CSAT,3.0
R132,P5,P08,B,HL,5.0
R132,P5,P08,B,PI,4.5
R133,P1,P04,A,CMP,5.0
R133,P1,P04,A,HL,5.0
R133,P1,P04,A,PI,3.5
R133,P1,P04,B,CMP,2.0
R133,P1,P04,B,HL,5.0
R133,P1,P04,B,PI,2.0
R133,P2,P03,A,HL,1.0
R133,P2,P03,A,PI,4.0
R133,P2,P03,B,HL,3.0
R133,P2,P03,B,PI,4.0
R133,P3,P23,A,CMP,4.0
R133,P3,P23,A,CSAT,3.0
R133,P3,P23,A,PI,4.5
R133,P3,P23,B,CMP,3.0
R133,P3,P23,B,CSAT,3.0
R133,P3,P23,B,PI,4.5
R133,P4,P07,A,CMP,5.0
R133,P4,P07,A,CSAT,3.0
R133,P4,P07,A,PI,4.0
R133,P4,P07,B,CMP,3.0
R133,P4,P07,B,CSAT,5.0
R133,P4,P07,B,PI,4.0
R133,P5,P08,A,CSAT,5.0
R133,P5,P08,A,HL,4.0
R133,P5,P08,A,PI,5.0
R133,P5,P08,B,CSAT,4.0
R133,P5,P08,B,HL,5.0
R133,P5,P08,B,PI,4.5
R134,P1,P04,A,CMP,3.0
R134,P1,P04,A,HL,5.0
R134,P1,P04,A,PI,4.0
R134,P1,P04,B,CMP,5.0
R134,P1,P04,B,HL,3.0
R134,P1,P04,B,PI,4.5
R134,P2,P03,A,HL,5.0
R134,P2,P03,A,PI,5.0
R134,P2,P03,B,HL,3.0
R134,P2,P03,B,PI,4.0
R134,P3,P23,A,CMP,4.0
R134,P3,P23,A,CSAT,3.0
R134,P3,P23,A,PI,4.5
R134,P3,P23,B,CMP,4.0
R134,P3,P23,B,CSAT,2.0
R134,P3,P23,B,PI,5.0
R134,P4,P07,A,CMP,4.0
R134,P4,P07,A,CSAT,4.0
R134,P4,P07,A,PI,3.0
R134,P4,P07,B,CMP,3.0
R134,P4,P07,B,CSAT,5.0
R134,P4,P07,B,PI,5.0
R134,P5,P08,A,CSAT,4.0
R134,P5,P08,A,HL,3.0
R134,P5,P08,A,PI,4.0
R134,P5,P08,B,CSAT,3.0
R134,P5,P08,B,HL,5.0
R134,P5,P08,B,PI,4.0
R135,P1,P04,A,CMP,3.0
R135,P1,P04,A,HL,4.0
R135,P1,P04,A,PI,5.0
R135,P1,P04,B,CMP,5.0
R135,P1,P04,B,HL,3.0
R135,P1,P04,B,PI,4.5
R135,P2,P03,A,HL,3.0
R135,P2,P03,A,PI,4.0
R135,P2,P03,B,HL,3.0
R135,P2,P03,B,PI,4.0
R135,P3,P23,A,CMP,5.0
R135,P3,P23,A,CSAT,3.0
R135,P3,P23,A,PI,4.0
R135,P3,P23,B,CMP,4.0
R135,P3,P23,B,CSAT,5.0
R135,P3,P23,B,PI,3.0
R135,P4,P07,A,CMP,5.0
R135,P4,P07,A,CSAT,5.0
R135,P4,P07,A,PI,4.0
R135,P4,P07,B,CMP,3.0
R135,P4,P07,B,CSAT,5.0
R135,P4,P07,B,PI,4.0
R135,P5,P08,A,CSAT,5.0
R135,P5,P08,A,HL,5.0
R135,P5,P08,A,PI,5.0
R135,P5,P08,B,CSAT,4.0
R135,P5,P08,B,HL,4.0
R135,P5,P08,B,PI,3.0
R136,P1,P04,A,CMP,5.0
R136,P1,P04,A,HL,4.0
R136,P1,P04,A,PI,5.0
R136,P1,P04,B,CMP,4.0
R136,P1,P04,B,HL,3.0
R136,P1,P04,B,PI,4.5
R136,P2,P03,A,HL,4.0
R136,P2,P03,A,PI,5.0
R136,P2,P03,B,HL,4.0
R136,P2,P03,B,PI,5.0
R136,P3,P23,A,CMP,4.0
R136,P3,P23,A,CSAT,5.0
R136,P3,P23,A,PI,4.0
R136,P3,P23,B,CMP,5.0
R136,P3,P23,B,CSAT,3.0
R136,P3,P23,B,PI,3.5
R136,P4,P07,A,CMP,4.0
R136,P4,P07,A,CSAT,5.0
R136,P4,P07,A,PI,4.5
R136,P4,P07,B,CMP,2.0
R136,P4,P07,B,CSAT,4.0
R136,P4,P07,B,PI,3.0
R136,P5,P08,A,CSAT,4.0
R136,P5,P08,A,HL,1.0
R136,P5,P08,A,PI,4.0
R136,P5,P08,B,CSAT,4.0
R136,P5,P08,B,HL,4.0
R136,P5,P08,B,PI,4.5
R137,P1,P04,A,CMP,5.0
R137,P1,P04,A,HL,5.0
R137,P1,P04,A,PI,4.5
R137,P1,P04,B,CMP,5.0
R137,P1,P04,B,HL,5.0
R137,P1,P04,B,PI,4.5
R137,P2,P03,A,HL,5.0
R137,P2,P03,A,PI,3.5
R137,P2,P03,B,HL,4.0
R137,P2,P03,B,PI,3.0
R137,P3,P23,A,CMP,5.0
R137,P3,P23,A,CSAT,4.0
R137,P3,P23,A,PI,4.0
R137,P3,P23,B,CMP,4.0
R137,P3,P23,B,CSAT,3.0
R137,P3,P23,B,PI,4.5
R137,P4,P07,A,CMP,4.0
R137,P4,P07,A,CSAT,3.0
R137,P4,P07,A,PI,4.0
R137,P4,P07,B,CMP,4.0
R137,P4,P07,B,CSAT,5.0
R137,P4,P07,B,PI,4.0
R137,P5,P08,A,CSAT,4.0
R137,P5,P08,A,HL,5.0
R137,P5,P08,A,PI,4.5
R137,P5,P08,B,CSAT,5.0
R137,P5,P08,B,HL,4.0
R137,P5,P08,B,PI,4.0
R138,P1,P04,A,CMP,4.0
R138,P1,P04,A,HL,5.0
R138,P1,P04,A,PI,4.0
R138,P1,P04,B,CMP,5.0
R138,P1,P04,B,HL,5.0
R138,P1,P04,B,PI,5.0
R138,P2,P03,A,HL,5.0
R138,P2,P03,A,PI,4.0
R138,P2,P03,B,HL,4.0
R138,P2,P03,B,PI,3.5
R138,P3,P23,A,CMP,3.0
R138,P3,P23,A,CSAT,5.0
R138,P3,P23,A,PI,5.0
R138,P3,P23,B,CMP,5.0
R138,P3,P23,B,CSAT,5.0
R138,P3,P23,B,PI,4.5
R138,P4,P07,A,CMP,4.0
R138,P4,P07,A,CSAT,3.0
R138,P4,P07,A,PI,2.5
R138,P4,P07,B,CMP,4.0
R138,P4,P07,B,CSAT,4.0
R138,P4,P07,B,PI,3.5
R138,P5,P08,A,CSAT,5.0
R138,P5,P08,A,HL,5.0
R138,P5,P08,A,PI,4.5
R138,P5,P08,B,CSAT,4.0
R138,P5,P08,B,HL,3.0
R138,P5,P08,B,PI,5.0
R139,P1,P04,A,CMP,3.0
R139,P1,P04,A,HL,4.0
R139,P1,P04,A,PI,3.5
R139,P1,P04,B,CMP,3.0
R139,P1,P04,B,HL,5.0
R139,P1,P04,B,PI,4.5
R139,P2,P03,A,HL,3.0
R139,P2,P03,A,PI,4.0
R139,P2,P03,B,HL,5.0
R139,P2,P03,B,PI,4.5
R139,P3,P23,A,CMP,5.0
R139,P3,P23,A,CSAT,5.0
R139,P3,P23,A,PI,4.5
R139,P3,P23,B,CMP,3.0
R139,P3,P23,B,CSAT,4.0
R139,P3,P23,B,PI,4.5
R139,P4,P07,A,CMP,4.0
R139,P4,P07,A,CSAT,4.0
R139,P4,P07,A,PI,4.5
R139,P4,P07,B,CMP,2.0
R139,P4,P07,B,CSAT,5.0
R139,P4,P07,B,PI,4.0
R139,P5,P08,A,CSAT,4.0
R139,P5,P08,A,HL,4.0
R139,P5,P08,A,PI,4.5
R139,P5,P08,B,CSAT,5.0
R139,P5,P08,B,HL,5.0
R139,P5,P08,B,PI,4.5
R140,P1,P04,A,CMP,4.0
R140,P1,P04,A,HL,4.0
R140,P1,P04,A,PI,4.5
R140,P1,P04,B,CMP,3.0
R140,P1,P04,B,HL,4.0
R140,P1,P04,B,PI,4.5
R140,P2,P03,A,HL,5.0
R140,P2,P03,A,PI,4.0
R140,P2,P03,B,HL,4.0
R140,P2,P03,B,PI,4.5
R140,P3,P23,A,CMP,3.0
R140,P3,P23,A,CSAT,4.0
R140,P3,P23,A,PI,4.5
R140,P3,P23,B,CMP,5.0
R140,P3,P23,B,CSAT,3.0
R140,P3,P23,B,PI,3.5
R140,P4,P07,A,CMP,5.0
R140,P4,P07,A,CSAT,5.0
R140,P4,P07,A,PI,4.0
R140,P4,P07,B,CMP,2.0
R140,P4,P07,B,CSAT,3.0
R140,P4,P07,B,PI,3.0
R140,P5,P08,A,CSAT,5.0
R140,P5,P08,A,HL,1.0
R140,P5,P08,A,PI,3.0
R140,P5,P08,B,CSAT,4.0
R140,P5,P08,B,HL,3.0
R140,P5,P08,B,PI,3.5
R141,P1,P04,A,CMP,5.0
R141,P1,P04,A,HL,3.0
R141,P1,P04,A,PI,4.0
R141,P1,P04,B,CMP,5.0
R141,P1,P04,B,HL,4.0
R141,P1,P04,B,PI,4.5
R141,P2,P03,A,HL,3.0
R141,P2,P03,A,PI,4.5
R141,P2,P03,B,HL,5.0
R141,P2,P03,B,PI,5.0
R141,P3,P23,A,CMP,4.0
R141,P3,P23,A,CSAT,4.0
R141,P3,P23,A,PI,3.5
R141,P3,P23,B,CMP,5.0
R141,P3,P23,B,CSAT,4.0
R141,P3,P23,B,PI,4.0
R141,P4,P07,A,CMP,5.0
R141,P4,P07,A,CSAT,4.0
R141,P4,P07,A,PI,5.0
R141,P4,P07,B,CMP,4.0
R141,P4,P07,B,CSAT,5.0
R141,P4,P07,B,PI,4.5
R141,P5,P08,A,CSAT,4.0
R141,P5,P08,A,HL,4.0
R141,P5,P08,A,PI,4.0
R141,P5,P08,B,CSAT,5.0
R141,P5,P08,B,HL,3.0
R141,P5,P08,B,PI,3.5
R142,P1,P04,A,CMP,4.0
R142,P1,P04,A,HL,5.0
R142,P1,P04,A,PI,5.0
R142,P1,P04,B,CMP,1.0
R142,P1,P04,B,HL,4.0
R142,P1,P04,B,PI,3.5
R142,P2,P03,A,HL,3.0
R142,P2,P03,A,PI,4.0
R142,P2,P03,B,HL,4.0
R142,P2,P03,B,PI,3.5
R142,P3,P23,A,CMP,4.0
R142,P3,P23,A,CSAT,4.0
R142,P3,P23,A,PI,4.5
R142,P3,P23,B,CMP,2.0
R142,P3,P23,B,CSAT,3.0
R142,P3,P23,B,PI,4.0
R142,P4,P07,A,CMP,3.0
R142,P4,P07,A,CSAT,5.0
R142,P4,P07,A,PI,4.0
R142,P4,P07,B,CMP,2.0
R142,P4,P07,B,CSAT,3.0
R142,P4,P07,B,PI,4.0
R142,P5,P08,A,CSAT,4.0
R142,P5,P08,A,HL,4.0
R142,P5,P08,A,PI,4.0
R142,P5,P08,B,CSAT,5.0
R142,P5,P08,B,HL,3.0
R142,P5,P08,B,PI,4.0
R143,P1,P04,A,CMP,5.0
R143,P1,P04,A,HL,5.0
R143,P1,P04,A,PI,5.0
R143,P1,P04,B,CMP,3.0
R143,P1,P04,B,HL,4.0
R143,P1,P04,B,PI,2.5
R143,P2,P03,A,HL,4.0
R143,P2,P03,A,PI,4.0
R143,P2,P03,B,HL,3.0
R143,P2,P03,B,PI,4.0
R143,P3,P23,A,CMP,3.0
R143,P3,P23,A,CSAT,5.0
R143,P3,P23,A,PI,3.5
R143,P3,P23,B,CMP,2.0
R143,P3,P23,B,CSAT,3.0
R143,P3,P23,B,PI,3.5
R143,P4,P07,A,CMP,2.0
R143,P4,P07,A,CSAT,5.0
R143,P4,P07,A,PI,4.5
R143,P4,P07,B,CMP,3.0
R143,P4,P07,B,CSAT,3.0
R143,P4,P07,B,PI,4.0
R143,P5,P08,A,CSAT,4.0
R143,P5,P08,A,HL,4.0
R143,P5,P08,A,PI,4.0
R143,P5,P08,B,CSAT,3.0
R143,P5,P08,B,HL,5.0
R143,P5,P08,B,PI,2.5
R144,P1,P04,A,CMP,5.0
R144,P1,P04,A,HL,5.0
R144,P1,P04,A,PI,4.5
R144,P1,P04,B,CMP,4.0
R144,P1,P04,B,HL,4.0
R144,P1,P04,B,PI,4.5
R144,P2,P03,A,HL,3.0
R144,P2,P03,A,PI,4.5
R144,P2,P03,B,HL,4.0
R144,P2,P03,B,PI,3.5
R144,P3,P23,A,CMP,4.0
R144,P3,P23,A,CSAT,1.0
R144,P3,P23,A,PI,4.5
R144,P3,P23,B,CMP,3.0
R144,P3,P23,B,CSAT,5.0
R144,P3,P23,B,PI,4.5
R144,P4,P07,A,CMP,3.0
R144,P4,P07,A,CSAT,5.0
R144,P4,P07,A,PI,3.0
R144,P4,P07,B,CMP,4.0
R144,P4,P07,B,CSAT,4.0
R144,P4,P07,B,PI,3.5
R144,P5,P08,A,CSAT,5.0
R144,P5,P08,A,HL,4.0
R144,P5,P08,A,PI,4.0
R144,P5,P08,B,CSAT,5.0
R144,P5,P08,B,HL,4.0
R144,P5,P08,B,PI,3.5
R145,P1,P04,A,CMP,5.0
R145,P1,P04,A,HL,5.0
R145,P1,P04,A,PI,4.5
R145,P1,P04,B,CMP,5.0
R145,P1,P04,B,HL,5.0
R145,P1,P04,B,PI,4.0
R145,P2,P03,A,HL,5.0
R145,P2,P03,A,PI,4.0
R145,P2,P03,B,HL,3.0
R145,P2,P03,B,PI,3.0
R145,P3,P23,A,CMP,2.0
R145,P3,P23,A,CSAT,3.0
R145,P3,P23,A,PI,3.5
R145,P3,P23,B,CMP,4.0
R145,P3,P23,B,CSAT,3.0
R145,P3,P23,B,PI,3.5
R145,P4,P07,A,CMP,5.0
R145,P4,P07,A,CSAT,3.0
R145,P4,P07,A,PI,4.5
R145,P4,P07,B,CMP,4.0
R145,P4,P07,B,CSAT,4.0
R145,P4,P07,B,PI,3.5
R145,P5,P08,A,CSAT,5.0
R145,P5,P08,A,HL,4.0
R145,P5,P08,A,PI,4.0
R145,P5,P08,B,CSAT,3.0
R145,P5,P08,B,HL,4.0
R145,P5,P08,B,PI,5.0
R146,P1,P04,A,CMP,4.0
R146,P1,P04,A,HL,4.0
R146,P1,P04,A,PI,5.0
R146,P1,P04,B,CMP,4.0
R146,P1,P04,B,HL,5.0
R146,P1,P04,B,PI,3.5
R146,P2,P03,A,HL,4.0
R146,P2,P03,A,PI,5.0
R146,P2,P03,B,HL,3.0
R146,P2,P03,B,PI,4.0
R146,P3,P23,A,CMP,5.0
R146,P3,P23,A,CSAT,4.0
R146,P3,P23,A,PI,3.5
R146,P3,P23,B,CMP,3.0
R146,P3,P23,B,CSAT,3.0
R146,P3,P23,B,PI,4.5
R146,P4,P07,A,CMP,1.0
R146,P4,P07,A,CSAT,5.0
R146,P4,P07,A,PI,4.0
R146,P4,P07,B,CMP,2.0
R146,P4,P07,B,CSAT,5.0
R146,P4,P07,B,PI,5.0
R146,P5,P08,A,CSAT,3.0
R146,P5,P08,A,HL,5.0
R146,P5,P08,A,PI,4.5
R146,P5,P08,B,CSAT,4.0
R146,P5,P08,B,HL,5.0
R146,P5,P08,B,PI,3.5
R147,P1,P04,A,CMP,5.0
R147,P1,P04,A,HL,3.0
R147,P1,P04,A,PI,4.5
R147,P1,P04,B,CMP,3.0
R147,P1,P04,B,HL,5.0
R147,P1,P04,B,PI,4.5
R147,P2,P03,A,HL,4.0
R147,P2,P03,A,PI,5.0
R147,P2,P03,B,HL,3.0
R147,P2,P03,B,PI,4.0
R147,P3,P23,A,CMP,3.0
R147,P3,P23,A,CSAT,2.0
R147,P3,P23,A,PI,3.0
R147,P3,P23,B,CMP,3.0
R147,P3,P23,B,CSAT,4.0
R147,P3,P23,B,PI,4.5
R147,P4,P07,A,CMP,1.0
R147,P4,P07,A,CSAT,4.0
R147,P4,P07,A,PI,4.0
R147,P4,P07,B,CMP,3.0
R147,P4,P07,B,CSAT,5.0
R147,P4,P07,B,PI,4.0
R147,P5,P08,A,CSAT,5.0
R147,P5,P08,A,HL,5.0
R147,P5,P08,A,PI,3.5
R147,P5,P08,B,CSAT,4.0
R147,P5,P08,B,HL,5.0
R147,P5,P08,B,PI,3.0
R148,P1,P04,A,CMP,5.0
R148,P1,P04,A,HL,3.0
R148,P1,P04,A,PI,3.5
R148,P1,P04,B,CMP,4.0
R148,P1,P04,B,HL,5.0
R148,P1,P04,B,PI,4.0
R148,P2,P03,A,HL,4.0
R148,P2,P03,A,PI,3.0
R148,P2,P03,B,HL,5.0
R148,P2,P03,B,PI,4.5
R148,P3,P23,A,CMP,3.0
R148,P3,P23,A,CSAT,3.0
R148,P3,P23,A,PI,4.0
R148,P3,P23,B,CMP,5.0
R148,P3,P23,B,CSAT,4.0
R148,P3,P23,B,PI,4.0
R148,P4,P07,A,CMP,5.0
R148,P4,P07,A,CSAT,3.0
R148,P4,P07,A,PI,3.5
R148,P4,P07,B,CMP,4.0
R148,P4,P07,B,CSAT,4.0
R148,P4,P07,B,PI,4.5
R148,P5,P08,A,CSAT,2.0
R148,P5,P08,A,HL,3.0
R148,P5,P08,A,PI,2.5
R148,P5,P08,B,CSAT,4.0
R148,P5,P08,B,HL,4.0
R148,P5,P08,B,PI,3.5
R149,P1,P04,A,CMP,5.0
R149,P1,P04,A,HL,5.0
R149,P1,P04,A,PI,2.5
R149,P1,P04,B,CMP,4.0
R149,P1,P04,B,HL,5.0
R149,P1,P04,B,PI,4.5
R149,P2,P03,A,HL,5.0
R149,P2,P03,A,PI,4.0
R149,P2,P03,B,HL,2.0
R149,P2,P03,B,PI,4.0
R149,P3,P23,A,CMP,5.0
R149,P3,P23,A,CSAT,4.0
R149,P3,P23,A,PI,4.5
R149,P3,P23,B,CMP,4.0
R149,P3,P23,B,CSAT,3.0
R149,P3,P23,B,PI,4.5
R149,P4,P07,A,CMP,4.0
R149,P4,P07,A,CSAT,4.0
R149,P4,P07,A,PI,4.0
R149,P4,P07,B,CMP,4.0
R149,P4,P07,B,CSAT,3.0
R149,P4,P07,B,PI,3.5
R149,P5,P08,A,CSAT,4.0
R149,P5,P08,A,HL,5.0
R149,P5,P08,A,PI,3.0
R149,P5,P08,B,CSAT,4.0
R149,P5,P08,B,HL,4.0
R149,P5,P08,B,PI,4.0
R150,P1,P04,A,CMP,3.0
R150,P1,P04,A,HL,5.0
R150,P1,P04,A,PI,4.0
R150,P1,P04,B,CMP,5.0
R150,P1,P04,B,HL,5.0
R150,P1,P04,B,PI,4.5
R150,P2,P03,A,HL,5.0
R150,P2,P03,A,PI,4.0
R150,P2,P03,B,HL,4.0
R150,P2,P03,B,PI,4.0
R150,P3,P23,A,CMP,4.0
R150,P3,P23,A,CSAT,2.0
R150,P3,P23,A,PI,4.5
R150,P3,P23,B,CMP,4.0
R150,P3,P23,B,CSAT,3.0
R150,P3,P23,B,PI,4.0
R150,P4,P07,A,CMP,3.0
R150,P4,P07,A,CSAT,5.0
R150,P4,P07,A,PI,5.0
R150,P4,P07,B,CMP,2.0
R150,P4,P07,B,CSAT,3.0
R150,P4,P07,B,PI,4.0
R150,P5,P08,A,CSAT,1.0
R150,P5,P08,A,HL,4.0
R150,P5,P08,A,PI,5.0
R150,P5,P08,B,CSAT,5.0
R150,P5,P08,B,HL,5.0
R150,P5,P08,B,PI,4.0
R151,P1,P04,A,CMP,5.0
R151,P1,P04,A,HL,4.0
R151,P1,P04,A,PI,3.5
R151,P1,P04,B,CMP,4.0
R151,P1,P04,B,HL,4.0
R151,P1,P04,B,PI,4.5
R151,P2,P03,A,HL,3.0
R151,P2,P03,A,PI,4.5
R151,P2,P03,B,HL,4.0
R151,P2,P03,B,PI,3.5
R151,P3,P23,A,CMP,5.0
R151,P3,P23,A,CSAT,4.0
R151,P3,P23,A,PI,4.5
R151,P3,P23,B,CMP,3.0
R151,P3,P23,B,CSAT,4.0
R151,P3,P23,B,PI,4.0
R151,P4,P07,A,CMP,5.0
R151,P4,P07,A,CSAT,4.0
R151,P4,P07,A,PI,5.0
R151,P4,P07,B,CMP,4.0
R151,P4,P07,B,CSAT,5.0
R151,P4,P07,B,PI,4.0
R151,P5,P08,A,CSAT,5.0
R151,P5,P08,A,HL,5.0
R151,P5,P08,A,PI,3.0
R151,P5,P08,B,CSAT,4.0
R151,P5,P08,B,HL,3.0
R151,P5,P08,B,PI,4.5
R152,P1,P04,A,CMP,4.0
R152,P1,P04,A,HL,5.0
R152,P1,P04,A,PI,5.0
R152,P1,P04,B,CMP,5.0
R152,P1,P04,B,HL,4.0
R152,P1,P04,B,PI,3.5
R152,P2,P03,A,HL,4.0
R152,P2,P03,A,PI,5.0
R152,P2,P03,B,HL,4.0
R152,P2,P03,B,PI,4.0
R152,P3,P23,A,CMP,3.0
R152,P3,P23,A,CSAT,4.0
R152,P3,P23,A,PI,4.5
R152,P3,P23,B,CMP,4.0
R152,P3,P23,B,CSAT,5.0
R152,P3,P23,B,PI,4.0
R152,P4,P07,A,CMP,3.0
R152,P4,P07,A,CSAT,3.0
R152,P4,P07,A,PI,4.5
R152,P4,P07,B,CMP,2.0
R152,P4,P07,B,CSAT,4.0
R152,P4,P07,B,PI,4.0
R152,P5,P08,A,CSAT,4.0
R152,P5,P08,A,HL,5.0
R152,P5,P08,A,PI,3.0
R152,P5,P08,B,CSAT,5.0
R152,P5,P08,B,HL,3.0
R152,P5,P08,B,PI,4.0
R153,P1,P04,A,CMP,3.0
R153,P1,P04,A,HL,2.0
R153,P1,P04,A,PI,4.5
R153,P1,P04,B,CMP,4.0
R153,P1,P04,B,HL,4.0
R153,P1,P04,B,PI,4.5
R153,P2,P03,A,HL,5.0
R153,P2,P03,A,PI,4.0
R153,P2,P03,B,HL,5.0
R153,P2,P03,B,PI,4.5
R153,P3,P23,A,CMP,5.0
R153,P3,P23,A,CSAT,5.0
R153,P3,P23,A,PI,4.0
R153,P3,P23,B,CMP,4.0
R153,P3,P23,B,CSAT,4.0
R153,P3,P23,B,PI,4.5
R153,P4,P07,A,CMP,3.0
R153,P4,P07,A,CSAT,3.0
R153,P4,P07,A,PI,4.0
R153,P4,P07,B,CMP,4.0
R153,P4,P07,B,CSAT,5.0
R153,P4,P07,B,PI,4.5
R153,P5,P08,A,CSAT,4.0
R153,P5,P08,A,HL,3.0
R153,P5,P08,A,PI,3.5
R153,P5,P08,B,CSAT,3.0
R153,P5,P08,B,HL,4.0
R153,P5,P08,B,PI,2.5
R154,P1,P04,A,CMP,5.0
R154,P1,P04,A,HL,4.0
R154,P1,P04,A,PI,5.0
R154,P1,P04,B,CMP,4.0
R154,P1,P04,B,HL,4.0
R154,P1,P04,B,PI,3.5
R154,P2,P03,A,HL,3.0
R154,P2,P03,A,PI,5.0
R154,P2,P03,B,HL,5.0
R154,P2,P03,B,PI,2.5
R154,P3,P23,A,CMP,2.0
R154,P3,P23,A,CSAT,5.0
R154,P3,P23,A,PI,4.0
R154,P3,P23,B,CMP,5.0
R154,P3,P23,B,CSAT,1.0
R154,P3,P23,B,PI,4.5
R154,P4,P07,A,CMP,4.0
R154,P4,P07,A,CSAT,4.0
R154,P4,P07,A,PI,4.0
R154,P4,P07,B,CMP,3.0
R154,P4,P07,B,CSAT,5.0
R154,P4,P07,B,PI,4.5
R154,P5,P08,A,CSAT,3.0
R154,P5,P08,A,HL,4.0
R154,P5,P08,A,PI,4.0
R154,P5,P08,B,CSAT,5.0
R154,P5,P08,B,HL,4.0
R154,P5,P08,B,PI,3.0
R155,P1,P04,A,CMP,5.0
R155,P1,P04,A,HL,5.0
R155,P1,P04,A,PI,4.0
R155,P1,P04,B,CMP,3.0
R155,P1,P04,B,HL,3.0
R155,P1,P04,B,PI,4.5
R155,P2,P03,A,HL,4.0
R155,P2,P03,A,PI,2.0
R155,P2,P03,B,HL,4.0
R155,P2,P03,B,PI,4.5
R155,P3,P23,A,CMP,5.0
R155,P3,P23,A,CSAT,5.0
R155,P3,P23,A,PI,5.0
R155,P3,P23,B,CMP,3.0
R155,P3,P23,B,CSAT,3.0
R155,P3,P23,B,PI,5.0
R155,P4,P07,A,CMP,1.0
R155,P4,P07,A,CSAT,4.0
R155,P4,P07,A,PI,4.5
R155,P4,P07,B,CMP,4.0
R155,P4,P07,B,CSAT,5.0
R155,P4,P07,B,PI,5.0
R155,P5,P08,A,CSAT,3.0
R155,P5,P08,A,HL,4.0
R155,P5,P08,A,PI,5.0
R155,P5,P08,B,CSAT,4.0
R155,P5,P08,B,HL,5.0
R155,P5,P08,B,PI,3.5
R156,P1,P04,A,CMP,5.0
R156,P1,P04,A,HL,5.0
R156,P1,P04,A,PI,5.0
R156,P1,P04,B,CMP,5.0
R156,P1,P04,B,HL,5.0
R156,P1,P04,B,PI,3.5
R156,P2,P03,A,HL,5.0
R156,P2,P03,A,PI,4.5
R156,P2,P03,B,HL,5.0
R156,P2,P03,B,PI,4.5
R156,P3,P23,A,CMP,4.0
R156,P3,P23,A,CSAT,4.0
R156,P3,P23,A,PI,5.0
R156,P3,P23,B,CMP,5.0
R156,P3,P23,B,CSAT,2.0
R156,P3,P23,B,PI,4.0
R156,P4,P07,A,CMP,5.0
R156,P4,P07,A,CSAT,3.0
R156,P4,P07,A,PI,3.5
R156,P4,P07,B,CMP,2.0
R156,P4,P07,B,CSAT,4.0
R156,P4,P07,B,PI,4.0
R156,P5,P08,A,CSAT,3.0
R156,P5,P08,A,HL,5.0
R156,P5,P08,A,PI,3.5
R156,P5,P08,B,CSAT,5.0
R156,P5,P08,B,HL,5.0
R156,P5,P08,B,PI,4.5
R157,P1,P04,A,CMP,5.0
R157,P1,P04,A,HL,4.0
R157,P1,P04,A,PI,5.0
R157,P1,P04,B,CMP,5.0
R157,P1,P04,B,HL,4.0
R157,P1,P04,B,PI,4.5
R157,P2,P03,A,HL,5.0
R157,P2,P03,A,PI,4.0
R157,P2,P03,B,HL,3.0
R157,P2,P03,B,PI,3.5
R157,P3,P23,A,CMP,5.0
R157,P3,P23,A,CSAT,3.0
R157,P3,P23,A,PI,3.5
R157,P3,P23,B,CMP,5.0
R157,P3,P23,B,CSAT,4.0
R157,P3,P23,B,PI,4.5
R157,P4,P07,A,CMP,4.0
R157,P4,P07,A,CSAT,5.0
R157,P4,P07,A,PI,5.0
R157,P4,P07,B,CMP,4.0
R157,P4,P07,B,CSAT,4.0
R157,P4,P07,B,PI,3.5
R157,P5,P08,A,CSAT,3.0
R157,P5,P08,A,HL,3.0
R157,P5,P08,A,PI,5.0
R157,P5,P08,B,CSAT,4.0
R157,P5,P08,B,HL,3.0
R157,P5,P08,B,PI,3.5
R158,P1,P04,A,CMP,5.0
R158,P1,P04,A,HL,5.0
R158,P1,P04,A,PI,5.0
R158,P1,P04,B,CMP,4.0
R158,P1,P04,B,HL,5.0
R158,P1,P04,B,PI,4.5
R158,P2,P03,A,HL,5.0
R158,P2,P03,A,PI,3.5
R158,P2,P03,B,HL,5.0
R158,P2,P03,B,PI,4.5
R158,P3,P23,A,CMP,3.0
R158,P3,P23,A,CSAT,3.0
R158,P3,P23,A,PI,4.5
R158,P3,P23,B,CMP,4.0
R158,P3,P23,B,CSAT,3.0
R158,P3,P23,B,PI,4.0
R158,P4,P07,A,CMP,3.0
R158,P4,P07,A,CSAT,3.0
R158,P4,P07,A,PI,4.0
R158,P4,P07,B,CMP,2.0
R158,P4,P07,B,CSAT,5.0
R158,P4,P07,B,PI,4.0
R158,P5,P08,A,CSAT,3.0
R158,P5,P08,A,HL,4.0
R158,P5,P08,A,PI,4.5
R158,P5,P08,B,CSAT,3.0
R158,P5,P08,B,HL,4.0
R158,P5,P08,B,PI,3.0
R159,P1,P04,A,CMP,4.0
R159,P1,P04,A,HL,3.0
R159,P1,P04,A,PI,3.5
R159,P1,P04,B,CMP,4.0
R159,P1,P04,B,HL,5.0
R159,P1,P04,B,PI,5.0
R159,P2,P03,A,HL,1.0
R159,P2,P03,A,PI,5.0
R159,P2,P03,B,HL,5.0
R159,P2,P03,B,PI,4.0
R159,P3,P23,A,CMP,4.0
R159,P3,P23,A,CSAT,5.0
R159,P3,P23,A,PI,5.0
R159,P3,P23,B,CMP,5.0
R159,P3,P23,B,CSAT,3.0
R159,P3,P23,B,PI,4.0
R159,P4,P07,A,CMP,4.0
R159,P4,P07,A,CSAT,5.0
R159,P4,P07,A,PI,4.5
R159,P4,P07,B,CMP,3.0
R159,P4,P07,B,CSAT,4.0
R159,P4,P07,B,PI,5.0
R159,P5,P08,A,CSAT,5.0
R159,P5,P08,A,HL,4.0
R159,P5,P08,A,PI,4.5
R159,P5,P08,B,CSAT,4.0
R159,P5,P08,B,HL,5.0
R159,P5,P08,B,PI,4.0
R160,P1,P04,A,CMP,5.0
R160,P1,P04,A,HL,4.0
R160,P1,P04,A,PI,4.0
R160,P1,P04,B,CMP,5.0
R160,P1,P04,B,HL,4.0
R160,P1,P04,B,PI,4.0
R160,P2,P03,A,HL,4.0
R160,P2,P03,A,PI,5.0
R160,P2,P03,B,HL,4.0
R160,P2,P03,B,PI,3.0
R160,P3,P23,A,CMP,5.0
R160,P3,P23,A,CSAT,4.0
R160,P3,P23,A,PI,4.0
R160,P3,P23,B,CMP,3.0
R160,P3,P23,B,CSAT,4.0
R160,P3,P23,B,PI,4.5
R160,P4,P07,A,CMP,5.0
R160,P4,P07,A,CSAT,4.0
R160,P4,P07,A,PI,3.5
R160,P4,P07,B,CMP,2.0
R160,P4,P07,B,CSAT,5.0
R160,P4,P07,B,PI,3.0
R160,P5,P08,A,CSAT,4.0
R160,P5,P08,A,HL,5.0
R160,P5,P08,A,PI,3.5
R160,P5,P08,B,CSAT,5.0
R160,P5,P08,B,HL,5.0
R160,P5,P08,B,PI,3.5
R161,P1,P04,A,CMP,3.0
R161,P1,P04,A,HL,5.0
R161,P1,P04,A,PI,5.0
R161,P1,P04,B,CMP,4.0
R161,P1,P04,B,HL,4.0
R161,P1,P04,B,PI,3.5
R161,P2,P03,A,HL,3.0
R161,P2,P03,A,PI,5.0
R161,P2,P03,B,HL,3.0
R161,P2,P03,B,PI,3.5
R161,P3,P23,A,CMP,3.0
R161,P3,P23,A,CSAT,5.0
R161,P3,P23,A,PI,4.5
R161,P3,P23,B,CMP,5.0
R161,P3,P23,B,CSAT,4.0
R161,P3,P23,B,PI,4.0
R161,P4,P07,A,CMP,2.0
R161,P4,P07,A,CSAT,5.0
R161,P4,P07,A,PI,5.0
R161,P4,P07,B,CMP,4.0
R161,P4,P07,B,CSAT,3.0
R161,P4,P07,B,PI,4.5
R161,P5,P08,A,CSAT,5.0
R161,P5,P08,A,HL,4.0
R161,P5,P08,A,PI,4.0
R161,P5,P08,B,CSAT,2.0
R161,P5,P08,B,HL,3.0
R161,P5,P08,B,PI,4.5
R162,P1,P04,A,CMP,5.0
R162,P1,P04,A,HL,5.0
R162,P1,P04,A,PI,5.0
R162,P1,P04,B,CMP,4.0
R162,P1,P04,B,HL,3.0
R162,P1,P04,B,PI,4.0
R162,P2,P03,A,HL,5.0
R162,P2,P03,A,PI,5.0
R162,P2,P03,B,HL,1.0
R162,P2,P03,B,PI,3.5
R162,P3,P23,A,CMP,3.0
R162,P3,P23,A,CSAT,4.0
R162,P3,P23,A,PI,4.5
R162,P3,P23,B,CMP,4.0
R162,P3,P23,B,CSAT,4.0
R162,P3,P23,B,PI,4.5
R162,P4,P07,A,CMP,5.0
R162,P4,P07,A,CSAT,4.0
R162,P4,P07,A,PI,5.0
R162,P4,P07,B,CMP,3.0
R162,P4,P07,B,CSAT,5.0
R162,P4,P07,B,PI,3.5
R162,P5,P08,A,CSAT,2.0
R162,P5,P08,A,HL,5.0
R162,P5,P08,A,PI,4.5
R162,P5,P08,B,CSAT,3.0
R162,P5,P08,B,HL,3.0
R162,P5,P08,B,PI,4.0
R163,P1,P04,A,CMP,2.0
R163,P1,P04,A,HL,5.0
R163,P1,P04,A,PI,4.0
R163,P1,P04,B,CMP,5.0
R163,P1,P04,B,HL,3.0
R163,P1,P04,B,PI,4.0
R163,P2,P03,A,HL,5.0
R163,P2,P03,A,PI,4.0
R163,P2,P03,B,HL,5.0
R163,P2,P03,B,PI,3.5
R163,P3,P23,A,CMP,5.0
R163,P3,P23,A,CSAT,3.0
R163,P3,P23,A,PI,4.5
R163,P3,P23,B,CMP,4.0
R163,P3,P23,B,CSAT,5.0
R163,P3,P23,B,PI,4.5
R163,P4,P07,A,CMP,3.0
R163,P4,P07,A,CSAT,4.0
R163,P4,P07,A,PI,3.5
R163,P4,P07,B,CMP,4.0
R163,P4,P07,B,CSAT,5.0
R163,P4,P07,B,PI,4.0
R163,P5,P08,A,CSAT,4.0
R163,P5,P08,A,HL,2.0
R163,P5,P08,A,PI,4.5
R163,P5,P08,B,CSAT,3.0
R163,P5,P08,B,HL,5.0
R163,P5,P08,B,PI,4.5
R164,P1,P04,A,CMP,5.0
R164,P1,P04,A,HL,5.0
R164,P1,P04,A,PI,4.0
R164,P1,P04,B,CMP,5.0
R164,P1,P04,B,HL,3.0
R164,P1,P04,B,PI,3.5
R164,P2,P03,A,HL,4.0
R164,P2,P03,A,PI,4.5
R164,P2,P03,B,HL,4.0
R164,P2,P03,B,PI,4.5
R164,P3,P23,A,CMP,1.0
R164,P3,P23,A,CSAT,4.0
R164,P3,P23,A,PI,3.5
R164,P3,P23,B,CMP,5.0
R164,P3,P23,B,CSAT,5.0
R164,P3,P23,B,PI,4.0
R164,P4,P07,A,CMP,4.0
R164,P4,P07,A,CSAT,5.0
R164,P4,P07,A,PI,2.5
R164,P4,P07,B,CMP,3.0
R164,P4,P07,B,CSAT,5.0
R164,P4,P07,B,PI,5.0
R164,P5,P08,A,CSAT,4.0
R164,P5,P08,A,HL,3.0
R164,P5,P08,A,PI,4.5
R164,P5,P08,B,CSAT,4.0
R164,P5,P08,B,HL,5.0
R164,P5,P08,B,PI,4.5
R165,P1,P04,A,CMP,5.0
R165,P1,P04,A,HL,4.0
R165,P1,P04,A,PI,5.0
R165,P1,P04,B,CMP,4.0
R165,P1,P04,B,HL,5.0
R165,P1,P04,B,PI,4.0
R165,P2,P03,A,HL,5.0
R165,P2,P03,A,PI,4.0
R165,P2,P03,B,HL,3.0
R165,P2,P03,B,PI,4.0
R165,P3,P23,A,CMP,3.0
R165,P3,P23,A,CSAT,4.0
R165,P3,P23,A,PI,3.5
R165,P3,P23,B,CMP,5.0
R165,P3,P23,B,CSAT,4.0
R165,P3,P23,B,PI,3.5
R165,P4,P07,A,CMP,3.0
R165,P4,P07,A,CSAT,4.0
R165,P4,P07,A,PI,4.5
R165,P4,P07,B,CMP,4.0
R165,P4,P07,B,CSAT,5.0
R165,P4,P07,B,PI,2.5
R165,P5,P08,A,CSAT,4.0
R165,P5,P08,A,HL,4.0
R165,P5,P08,A,PI,3.0
R165,P5,P08,B,CSAT,4.0
R165,P5,P08,B,HL,5.0
R165,P5,P08,B,PI,4.0
R166,P1,P04,A,CMP,5.0
R166,P1,P04,A,HL,5.0
R166,P1,P04,A,PI,4.5
R166,P1,P04,B,CMP,4.0
R166,P1,P04,B,HL,5.0
R166,P1,P04,B,PI,3.0
R166,P2,P03,A,HL,5.0
R166,P2,P03,A,PI,4.5
R166,P2,P03,B,HL,3.0
R166,P2,P03,B,PI,4.5
R166,P3,P23,A,CMP,5.0
R166,P3,P23,A,CSAT,5.0
R166,P3,P23,A,PI,5.0
R166,P3,P23,B,CMP,2.0
R166,P3,P23,B,CSAT,4.0
R166,P3,P23,B,PI,5.0
R166,P4,P07,A,CMP,5.0
R166,P4,P07,A,CSAT,5.0
R166,P4,P07,A,PI,4.5
R166,P4,P07,B,CMP,3.0
R166,P4,P07,B,CSAT,4.0
R166,P4,P07,B,PI,4.5
R166,P5,P08,A,CSAT,4.0
R166,P5,P08,A,HL,3.0
R166,P5,P08,A,PI,5.0
R166,P5,P08,B,CSAT,3.0
R166,P5,P08,B,HL,4.0
R166,P5,P08,B,PI,3.5
R167,P1,P04,A,CMP,2.0
R167,P1,P04,A,HL,1.0
R167,P1,P04,A,PI,5.0
R167,P1,P04,B,CMP,3.0
R167,P1,P04,B,HL,4.0
R167,P1,P04,B,PI,3.5
R167,P2,P03,A,HL,4.0
R167,P2,P03,A,PI,3.5
R167,P2,P03,B,HL,4.0
R167,P2,P03,B,PI,4.5
R167,P3,P23,A,CMP,4.0
R167,P3,P23,A,CSAT,4.0
R167,P3,P23,A,PI,5.0
R167,P3,P23,B,CMP,3.0
R167,P3,P23,B,CSAT,3.0
R167,P3,P23,B,PI,5.0
R167,P4,P07,A,CMP,5.0
R167,P4,P07,A,CSAT,4.0
R167,P4,P07,A,PI,3.5
R167,P4,P07,B,CMP,2.0
R167,P4,P07,B,CSAT,5.0
R167,P4,P07,B,PI,5.0
R167,P5,P08,A,CSAT,3.0
R167,P5,P08,A,HL,1.0
R167,P5,P08,A,PI,2.5
R167,P5,P08,B,CSAT,4.0
R167,P5,P08,B,HL,4.0
R167,P5,P08,B,PI,3.5
R168,P1,P04,A,CMP,4.0
R168,P1,P04,A,HL,5.0
R168,P1,P04,A,PI,4.5
R168,P1,P04,B,CMP,4.0
R168,P1,P04,B,HL,5.0
R168,P1,P04,B,PI,4.0
R168,P2,P03,A,HL,4.0
R168,P2,P03,A,PI,5.0
R168,P2,P03,B,HL,5.0
R168,P2,P03,B,PI,4.5
R168,P3,P23,A,CMP,5.0
R168,P3,P23,A,CSAT,4.0
R168,P3,P23,A,PI,4.0
R168,P3,P23,B,CMP,5.0
R168,P3,P23,B,CSAT,4.0
R168,P3,P23,B,PI,4.5
R168,P4,P07,A,CMP,3.0
R168,P4,P07,A,CSAT,4.0
R168,P4,P07,A,PI,4.0
R168,P4,P07,B,CMP,4.0
R168,P4,P07,B,CSAT,5.0
R168,P4,P07,B,PI,4.5
R168,P5,P08,A,CSAT,4.0
R168,P5,P08,A,HL,5.0
R168,P5,P08,A,PI,4.5
R168,P5,P08,B,CSAT,3.0
R168,P5,P08,B,HL,5.0
R168,P5,P08,B,PI,4.0
R169,P1,P04,A,CMP,4.0
R169,P1,P04,A,HL,5.0
R169,P1,P04,A,PI,4.0
R169,P1,P04,B,CMP,4.0
R169,P1,P04,B,HL,4.0
R169,P1,P04,B,PI,4.0
R169,P2,P03,A,HL,5.0
R169,P2,P03,A,PI,5.0
R169,P2,P03,B,HL,4.0
R169,P2,P03,B,PI,3.5
R169,P3,P23,A,CMP,2.0
R169,P3,P23,A,CSAT,3.0
R169,P3,P23,A,PI,4.0
R169,P3,P23,B,CMP,4.0
R169,P3,P23,B,CSAT,3.0
R169,P3,P23,B,PI,5.0
R169,P4,P07,A,CMP,5.0
R169,P4,P07,A,CSAT,3.0
R169,P4,P07,A,PI,4.5
R169,P4,P07,B,CMP,4.0
R169,P4,P07,B,CSAT,5.0
R169,P4,P07,B,PI,3.5
R169,P5,P08,A,CSAT,5.0
R169,P5,P08,A,HL,4.0
R169,P5,P08,A,PI,4.0
R169,P5,P08,B,CSAT,4.0
R169,P5,P08,B,HL,4.0
R169,P5,P08,B,PI,3.5
R170,P1,P04,A,CMP,5.0
R170,P1,P04,A,HL,4.0
R170,P1,P04,A,PI,3.5
R170,P1,P04,B,CMP,2.0
R170,P1,P04,B,HL,3.0
R170,P1,P04,B,PI,3.5
R170,P2,P03,A,HL,3.0
R170,P2,P03,A,PI,5.0
R170,P2,P03,B,HL,4.0
R170,P2,P03,B,PI,3.0
R170,P3,P23,A,CMP,4.0
R170,P3,P23,A,CSAT,3.0
R170,P3,P23,A,PI,4.5
R170,P3,P23,B,CMP,3.0
R170,P3,P23,B,CSAT,5.0
R170,P3,P23,B,PI,3.0
R170,P4,P07,A,CMP,5.0
R170,P4,P07,A,CSAT,3.0
R170,P4,P07,A,PI,3.0
R170,P4,P07,B,CMP,3.0
R170,P4,P07,B,CSAT,5.0
R170,P4,P07,B,PI,4.0
R170,P5,P08,A,CSAT,5.0
R170,P5,P08,A,HL,2.0
R170,P5,P08,A,PI,5.0
R170,P5,P08,B,CSAT,3.0
R170,P5,P08,B,HL,5.0
R170,P5,P08,B,PI,3.0
R171,P1,P04,A,CMP,4.0
R171,P1,P04,A,HL,3.0
R171,P1,P04,A,PI,4.0
R171,P1,P04,B,CMP,4.0
R171,P1,P04,B,HL,5.0
R171,P1,P04,B,PI,4.5
R171,P2,P03,A,HL,3.0
R171,P2,P03,A,PI,3.0
R171,P2,P03,B,HL,5.0
R171,P2,P03,B,PI,4.0
R171,P3,P23,A,CMP,5.0
R171,P3,P23,A,CSAT,3.0
R171,P3,P23,A,PI,3.5
R171,P3,P23,B,CMP,5.0
R171,P3,P23,B,CSAT,5.0
R171,P3,P23,B,PI,4.0
R171,P4,P07,A,CMP,5.0
R171,P4,P07,A,CSAT,2.0
R171,P4,P07,A,PI,4.5
R171,P4,P07,B,CMP,3.0
R171,P4,P07,B,CSAT,5.0
R171,P4,P07,B,PI,2.0
R171,P5,P08,A,CSAT,4.0
R171,P5,P08,A,HL,4.0
R171,P5,P08,A,PI,4.5
R171,P5,P08,B,CSAT,4.0
R171,P5,P08,B,HL,4.0
R171,P5,P08,B,PI,4.0
R172,P1,P04,A,CMP,5.0
R172,P1,P04,A,HL,5.0
R172,P1,P04,A,PI,4.5
R172,P1,P04,B,CMP,4.0
R172,P1,P04,B,HL,5.0
R172,P1,P04,B,PI,4.5
R172,P2,P03,A,HL,5.0
R172,P2,P03,A,PI,5.0
R172,P2,P03,B,HL,3.0
R172,P2,P03,B,PI,4.5
R172,P3,P23,A,CMP,5.0
R172,P3,P23,A,CSAT,4.0
R172,P3,P23,A,PI,5.0
R172,P3,P23,B,CMP,5.0
R172,P3,P23,B,CSAT,2.0
R172,P3,P23,B,PI,4.0
R172,P4,P07,A,CMP,4.0
R172,P4,P07,A,CSAT,3.0
R172,P4,P07,A,PI,4.5
R172,P4,P07,B,CMP,1.0
R172,P4,P07,B,CSAT,1.0
R172,P4,P07,B,PI,4.0
R172,P5,P08,A,CSAT,5.0
R172,P5,P08,A,HL,4.0
R172,P5,P08,A,PI,4.0
R172,P5,P08,B,CSAT,4.0
R172,P5,P08,B,HL,4.0
R172,P5,P08,B,PI,4.0
R173,P1,P04,A,CMP,4.0
R173,P1,P04,A,HL,4.0
R173,P1,P04,A,PI,2.5
R173,P1,P04,B,CMP,4.0
R173,P1,P04,B,HL,5.0
R173,P1,P04,B,PI,5.0
R173,P2,P03,A,HL,5.0
R173,P2,P03,A,PI,3.5
R173,P2,P03,B,HL,5.0
R173,P2,P03,B,PI,4.0
R173,P3,P23,A,CMP,5.0
R173,P3,P23,A,CSAT,4.0
R173,P3,P23,A,PI,4.5
R173,P3,P23,B,CMP,5.0
R173,P3,P23,B,CSAT,3.0
R173,P3,P23,B,PI,4.5
R173,P4,P07,A,CMP,5.0
R173,P4,P07,A,CSAT,5.0
R173,P4,P07,A,PI,4.5
R173,P4,P07,B,CMP,4.0
R173,P4,P07,B,CSAT,5.0
R173,P4,P07,B,PI,3.0
R173,P5,P08,A,CSAT,5.0
R173,P5,P08,A,HL,3.0
R173,P5,P08,A,PI,5.0
R173,P5,P08,B,CSAT,4.0
R173,P5,P08,B,HL,2.0
R173,P5,P08,B,PI,3.5
R174,P1,P04,A,CMP,4.0
R174,P1,P04,A,HL,5.0
R174,P1,P04,A,PI,4.0
R174,P1,P04,B,CMP,4.0
R174,P1,P04,B,HL,2.0
R174,P1,P04,B,PI,3.5
R174,P2,P03,A,HL,3.0
R174,P2,P03,A,PI,3.5
R174,P2,P03,B,HL,4.0
R174,P2,P03,B,PI,4.5
R174,P3,P23,A,CMP,5.0
R174,P3,P23,A,CSAT,2.0
R174,P3,P23,A,PI,3.0
R174,P3,P23,B,CMP,4.0
R174,P3,P23,B,CSAT,4.0
R174,P3,P23,B,PI,4.5
R174,P4,P07,A,CMP,5.0
R174,P4,P07,A,CSAT,4.0
R174,P4,P07,A,PI,5.0
R174,P4,P07,B,CMP,2.0
R174,P4,P07,B,CSAT,3.0
R174,P4,P07,B,PI,5.0
R174,P5,P08,A,CSAT,4.0
R174,P5,P08,A,HL,5.0
R174,P5,P08,A,PI,5.0
R174,P5,P08,B,CSAT,4.0
R174,P5,P08,B,HL,5.0
R174,P5,P08,B,PI,4.5
R175,P1,P04,A,CMP,5.0
R175,P1,P04,A,HL,5.0
R175,P1,P04,A,PI,4.5
R175,P1,P04,B,CMP,5.0
R175,P1,P04,B,HL,2.0
R175,P1,P04,B,PI,3.5
R175,P2,P03,A,HL,5.0
R175,P2,P03,A,PI,4.0
R175,P2,P03,B,HL,3.0
R175,P2,P03,B,PI,3.5
R175,P3,P23,A,CMP,2.0
R175,P3,P23,A,CSAT,5.0
R175,P3,P23,A,PI,3.0
R175,P3,P23,B,CMP,5.0
R175,P3,P23,B,CSAT,3.0
R175,P3,P23,B,PI,5.0
R175,P4,P07,A,CMP,4.0
R175,P4,P07,A,CSAT,4.0
R175,P4,P07,A,PI,3.5
R175,P4,P07,B,CMP,3.0
R175,P4,P07,B,CSAT,3.0
R175,P4,P07,B,PI,4.5
R175,P5,P08,A,CSAT,3.0
R175,P5,P08,A,HL,4.0
R175,P5,P08,A,PI,4.5
R175,P5,P08,B,CSAT,5.0
R175,P5,P08,B,HL,5.0
R175,P5,P08,B,PI,4.5
R176,P1,P04,A,CMP,5.0
R176,P1,P04,A,HL,4.0
R176,P1,P04,A,PI,4.0
R176,P1,P04,B,CMP,3.0
R176,P1,P04,B,HL,5.0
R176,P1,P04,B,PI,4.0
R176,P2,P03,A,HL,5.0
R176,P2,P03,A,PI,2.5
R176,P2,P03,B,HL,4.0
R176,P2,P03,B,PI,5.0
R176,P3,P23,A,CMP,3.0
R176,P3,P23,A,CSAT,3.0
R176,P3,P23,A,PI,4.5
R176,P3,P23,B,CMP,4.0
R176,P3,P23,B,CSAT,5.0
R176,P3,P23,B,PI,5.0
R176,P4,P07,A,CMP,4.0
R176,P4,P07,A,CSAT,4.0
R176,P4,P07,A,PI,3.5
R176,P4,P07,B,CMP,4.0
R176,P4,P07,B,CSAT,5.0
R176,P4,P07,B,PI,4.5
R176,P5,P08,A,CSAT,4.0
R176,P5,P08,A,HL,3.0
R176,P5,P08,A,PI,4.5
R176,P5,P08,B,CSAT,3.0
R176,P5,P08,B,HL,3.0
R176,P5,P08,B,PI,3.5
R177,P1,P04,A,CMP,5.0
R177,P1,P04,A,HL,3.0
R177,P1,P04,A,PI,4.0
R177,P1,P04,B,CMP,2.0
R177,P1,P04,B,HL,5.0
R177,P1,P04,B,PI,4.0
R177,P2,P03,A,HL,3.0
R177,P2,P03,A,PI,3.5
R177,P2,P03,B,HL,4.0
R177,P2,P03,B,PI,3.5
R177,P3,P23,A,CMP,5.0
R177,P3,P23,A,CSAT,4.0
R177,P3,P23,A,PI,4.5
R177,P3,P23,B,CMP,3.0
R177,P3,P23,B,CSAT,3.0
R177,P3,P23,B,PI,4.0
R177,P4,P07,A,CMP,5.0
R177,P4,P07,A,CSAT,2.0
R177,P4,P07,A,PI,4.0
R177,P4,P07,B,CMP,3.0
R177,P4,P07,B,CSAT,3.0
R177,P4,P07,B,PI,5.0
R177,P5,P08,A,CSAT,5.0
R177,P5,P08,A,HL,4.0
R177,P5,P08,A,PI,5.0
R177,P5,P08,B,CSAT,4.0
R177,P5,P08,B,HL,5.0
R177,P5,P08,B,PI,2.0
R178,P1,P04,A,CMP,5.0
R178,P1,P04,A,HL,5.0
R178,P1,P04,A,PI,2.5
R178,P1,P04,B,CMP,5.0
R178,P1,P04,B,HL,4.0
R178,P1,P04,B,PI,4.5
R178,P2,P03,A,HL,4.0
R178,P2,P03,A,PI,4.5
R178,P2,P03,B,HL,1.0
R178,P2,P03,B,PI,4.0
R178,P3,P23,A,CMP,4.0
R178,P3,P23,A,CSAT,3.0
R178,P3,P23,A,PI,4.5
R178,P3,P23,B,CMP,5.0
R178,P3,P23,B,CSAT,4.0
R178,P3,P23,B,PI,4.5
R178,P4,P07,A,CMP,5.0
R178,P4,P07,A,CSAT,5.0
R178,P4,P07,A,PI,4.5
R178,P4,P07,B,CMP,2.0
R178,P4,P07,B,CSAT,1.0
R178,P4,P07,B,PI,3.5
R178,P5,P08,A,CSAT,4.0
R178,P5,P08,A,HL,3.0
R178,P5,P08,A,PI,3.5
R178,P5,P08,B,CSAT,4.0
R178,P5,P08,B,HL,2.0
R178,P5,P08,B,PI,3.5
R179,P1,P04,A,CMP,5.0
R179,P1,P04,A,HL,5.0
R179,P1,P04,A,PI,4.0
R179,P1,P04,B,CMP,4.0
R179,P1,P04,B,HL,4.0
R179,P1,P04,B,PI,3.5
R179,P2,P03,A,HL,4.0
R179,P2,P03,A,PI,4.5
R179,P2,P03,B,HL,3.0
R179,P2,P03,B,PI,3.5
R179,P3,P23,A,CMP,4.0
R179,P3,P23,A,CSAT,4.0
R179,P3,P23,A,PI,4.0
R179,P3,P23,B,CMP,5.0
R179,P3,P23,B,CSAT,3.0
R179,P3,P23,B,PI,5.0
R179,P4,P07,A,CMP,3.0
R179,P4,P07,A,CSAT,4.0
R179,P4,P07,A,PI,4.5
R179,P4,P07,B,CMP,2.0
R179,P4,P07,B,CSAT,3.0
R179,P4,P07,B,PI,4.5
R179,P5,P08,A,CSAT,5.0
R179,P5,P08,A,HL,5.0
R179,P5,P08,A,PI,4.5
R179,P5,P08,B,CSAT,5.0
R179,P5,P08,B,HL,5.0
R179,P5,P08,B,PI,4.5
R180,P1,P04,A,CMP,4.0
R180,P1,P04,A,HL,4.0
R180,P1,P04,A,PI,5.0
R180,P1,P04,B,CMP,5.0
R180,P1,P04,B,HL,3.0
R180,P1,P04,B,PI,4.0
R180,P2,P03,A,HL,5.0
R180,P2,P03,A,PI,5.0
R180,P2,P03,B,HL,3.0
R180,P2,P03,B,PI,2.5
R180,P3,P23,A,CMP,5.0
R180,P3,P23,A,CSAT,5.0
R180,P3,P23,A,PI,4.0
R180,P3,P23,B,CMP,4.0
R180,P3,P23,B,CSAT,3.0
R180,P3,P23,B,PI,3.5
R180,P4,P07,A,CMP,4.0
R180,P4,P07,A,CSAT,4.0
R180,P4,P07,A,PI,4.5
R180,P4,P07,B,CMP,3.0
R180,P4,P07,B,CSAT,5.0
R180,P4,P07,B,PI,4.5
R180,P5,P08,A,CSAT,5.0
R180,P5,P08,A,HL,3.0
R180,P5,P08,A,PI,3.5
R180,P5,P08,B,CSAT,4.0
R180,P5,P08,B,HL,5.0
R180,P5,P08,B,PI,3.0
R181,P1,P04,A,CMP,4.0
R181,P1,P04,A,HL,2.0
R181,P1,P04,A,PI,4.0
R181,P1,P04,B,CMP,2.0
R181,P1,P04,B,HL,5.0
R181,P1,P04,B,PI,5.0
R181,P2,P03,A,HL,4.0
R181,P2,P03,A,PI,5.0
R181,P2,P03,B,HL,4.0
R181,P2,P03,B,PI,4.5
R181,P3,P23,A,CMP,5.0
R181,P3,P23,A,CSAT,5.0
R181,P3,P23,A,PI,5.0
R181,P3,P23,B,CMP,3.0
R181,P3,P23,B,CSAT,5.0
R181,P3,P23,B,PI,3.5
R181,P4,P07,A,CMP,4.0
R181,P4,P07,A,CSAT,5.0
R181,P4,P07,A,PI,4.0
R181,P4,P07,B,CMP,2.0
R181,P4,P07,B,CSAT,4.0
R181,P4,P07,B,PI,3.5
R181,P5,P08,A,CSAT,5.0
R181,P5,P08,A,HL,5.0
R181,P5,P08,A,PI,4.0
R181,P5,P08,B,CSAT,3.0
R181,P5,P08,B,HL,5.0
R181,P5,P08,B,PI,3.0
R182,P1,P04,A,CMP,3.0
R182,P1,P04,A,HL,4.0
R182,P1,P04,A,PI,4.5
R182,P1,P04,B,CMP,5.0
R182,P1,P04,B,HL,3.0
R182,P1,P04,B,PI,5.0
R182,P2,P03,A,HL,2.0
R182,P2,P03,A,PI,3.5
R182,P2,P03,B,HL,4.0
R182,P2,P03,B,PI,4.5
R182,P3,P23,A,CMP,2.0
R182,P3,P23,A,CSAT,5.0
R182,P3,P23,A,PI,5.0
R182,P3,P23,B,CMP,5.0
R182,P3,P23,B,CSAT,4.0
R182,P3,P23,B,PI,3.5
R182,P4,P07,A,CMP,4.0
R182,P4,P07,A,CSAT,5.0
R182,P4,P07,A,PI,4.5
R182,P4,P07,B,CMP,2.0
R182,P4,P07,B,CSAT,4.0
R182,P4,P07,B,PI,2.5
R182,P5,P08,A,CSAT,5.0
R182,P5,P08,A,HL,5.0
R182,P5,P08,A,PI,3.0
R182,P5,P08,B,CSAT,4.0
R182,P5,P08,B,HL,3.0
R182,P5,P08,B,PI,3.0
R183,P1,P04,A,CMP,5.0
R183,P1,P04,A,HL,3.0
R183,P1,P04,A,PI,3.0
R183,P1,P04,B,CMP,5.0
R183,P1,P04,B,HL,5.0
R183,P1,P04,B,PI,3.0
R183,P2,P03,A,HL,5.0
R183,P2,P03,A,PI,4.0
R183,P2,P03,B,HL,1.0
R183,P2,P03,B,PI,4.5
R183,P3,P23,A,CMP,5.0
R183,P3,P23,A,CSAT,2.0
R183,P3,P23,A,PI,4.0
R183,P3,P23,B,CMP,4.0
R183,P3,P23,B,CSAT,4.0
R183,P3,P23,B,PI,4.5
R183,P4,P07,A,CMP,4.0
R183,P4,P07,A,CSAT,5.0
R183,P4,P07,A,PI,4.0
R183,P4,P07,B,CMP,3.0
R183,P4,P07,B,CSAT,4.0
R183,P4,P07,B,PI,2.0
R183,P5,P08,A,CSAT,5.0
R183,P5,P08,A,HL,5.0
R183,P5,P08,A,PI,3.0
R183,P5,P08,B,CSAT,4.0
R183,P5,P08,B,HL,5.0
R183,P5,P08,B,PI,3.5
R184,P1,P04,A,CMP,4.0
R184,P1,P04,A,HL,5.0
R184,P1,P04,A,PI,3.0
R184,P1,P04,B,CMP,4.0
R184,P1,P04,B,HL,5.0
R184,P1,P04,B,PI,4.5
R184,P2,P03,A,HL,4.0
R184,P2,P03,A,PI,3.0
R184,P2,P03,B,HL,5.0
R184,P2,P03,B,PI,5.0
R184,P3,P23,A,CMP,5.0
R184,P3,P23,A,CSAT,5.0
R184,P3,P23,A,PI,4.0
R184,P3,P23,B,CMP,3.0
R184,P3,P23,B,CSAT,3.0
R184,P3,P23,B,PI,2.5
R184,P4,P07,A,CMP,5.0
R184,P4,P07,A,CSAT,5.0
R184,P4,P07,A,PI,3.5
R184,P4,P07,B,CMP,2.0
R184,P4,P07,B,CSAT,4.0
R184,P4,P07,B,PI,4.0
R184,P5,P08,A,CSAT,5.0
R184,P5,P08,A,HL,5.0
R184,P5,P08,A,PI,4.5
R184,P5,P08,B,CSAT,4.0
R184,P5,P08,B,HL,4.0
R184,P5,P08,B,PI,5.0
R185,P1,P04,A,CMP,4.0
R185,P1,P04,A,HL,5.0
R185,P1,P04,A,PI,3.5
R185,P1,P04,B,CMP,3.0
R185,P1,P04,B,HL,4.0
R185,P1,P04,B,PI,3.5
R185,P2,P03,A,HL,5.0
R185,P2,P03,A,PI,3.0
R185,P2,P03,B,HL,3.0
R185,P2,P03,B,PI,3.5
R185,P3,P23,A,CMP,4.0
R185,P3,P23,A,CSAT,4.0
R185,P3,P23,A,PI,3.5
R185,P3,P23,B,CMP,3.0
R185,P3,P23,B,CSAT,5.0
R185,P3,P23,B,PI,5.0
R185,P4,P07,A,CMP,4.0
R185,P4,P07,A,CSAT,4.0
R185,P4,P07,A,PI,2.5
R185,P4,P07,B,CMP,3.0
R185,P4,P07,B,CSAT,5.0
R185,P4,P07,B,PI,3.5
R185,P5,P08,A,CSAT,2.0
R185,P5,P08,A,HL,5.0
R185,P5,P08,A,PI,5.0
R185,P5,P08,B,CSAT,3.0
R185,P5,P08,B,HL,3.0
R185,P5,P08,B,PI,4.0
R186,P1,P04,A,CMP,5.0
R186,P1,P04,A,HL,4.0
R186,P1,P04,A,PI,4.5
R186,P1,P04,B,CMP,5.0
R186,P1,P04,B,HL,4.0
R186,P1,P04,B,PI,4.0
R186,P2,P03,A,HL,4.0
R186,P2,P03,A,PI,5.0
R186,P2,P03,B,HL,5.0
R186,P2,P03,B,PI,5.0
R186,P3,P23,A,CMP,5.0
R186,P3,P23,A,CSAT,5.0
R186,P3,P23,A,PI,4.5
R186,P3,P23,B,CMP,4.0
R186,P3,P23,B,CSAT,3.0
R186,P3,P23,B,PI,3.5
R186,P4,P07,A,CMP,4.0
R186,P4,P07,A,CSAT,5.0
R186,P4,P07,A,PI,3.5
R186,P4,P07,B,CMP,4.0
R186,P4,P07,B,CSAT,4.0
R186,P4,P07,B,PI,4.5
R186,P5,P08,A,CSAT,5.0
R186,P5,P08,A,HL,5.0
R186,P5,P08,A,PI,4.0
R186,P5,P08,B,CSAT,3.0
R186,P5,P08,B,HL,2.0
R186,P5,P08,B,PI,3.5
R187,P1,P04,A,CMP,2.0
R187,P1,P04,A,HL,3.0
R187,P1,P04,A,PI,4.5
R187,P1,P04,B,CMP,2.0
R187,P1,P04,B,HL,4.0
R187,P1,P04,B,PI,4.0
R187,P2,P03,A,HL,4.0
R187,P2,P03,A,PI,5.0
R187,P2,P03,B,HL,5.0
R187,P2,P03,B,PI,4.5
R187,P3,P23,A,CMP,4.0
R187,P3,P23,A,CSAT,5.0
R187,P3,P23,A,PI,4.0
R187,P3,P23,B,CMP,4.0
R187,P3,P23,B,CSAT,3.0
R187,P3,P23,B,PI,3.5
R187,P4,P07,A,CMP,5.0
R187,P4,P07,A,CSAT,5.0
R187,P4,P07,A,PI,3.5
R187,P4,P07,B,CMP,4.0
R187,P4,P07,B,CSAT,3.0
R187,P4,P07,B,PI,5.0
R187,P5,P08,A,CSAT,5.0
R187,P5,P08,A,HL,5.0
R187,P5,P08,A,PI,4.0
R187,P5,P08,B,CSAT,4.0
R187,P5,P08,B,HL,3.0
R187,P5,P08,B,PI,3.0
R188,P1,P04,A,CMP,5.0
R188,P1,P04,A,HL,5.0
R188,P1,P04,A,PI,5.0
R188,P1,P04,B,CMP,4.0
R188,P1,P04,B,HL,5.0
R188,P1,P04,B,PI,4.0
R188,P2,P03,A,HL,3.0
R188,P2,P03,A,PI,4.5
R188,P2,P03,B,HL,5.0
R188,P2,P03,B,PI,2.0
R188,P3,P23,A,CMP,5.0
R188,P3,P23,A,CSAT,5.0
R188,P3,P23,A,PI,4.0
R188,P3,P23,B,CMP,4.0
R188,P3,P23,B,CSAT,4.0
R188,P3,P23,B,PI,4.5
R188,P4,P07,A,CMP,5.0
R188,P4,P07,A,CSAT,4.0
R188,P4,P07,A,PI,3.5
R188,P4,P07,B,CMP,4.0
R188,P4,P07,B,CSAT,3.0
R188,P4,P07,B,PI,4.0
R188,P5,P08,A,CSAT,5.0
R188,P5,P08,A,HL,5.0
R188,P5,P08,A,PI,2.5
R188,P5,P08,B,CSAT,4.0
R188,P5,P08,B,HL,5.0
R188,P5,P08,B,PI,4.5
R189,P1,P04,A,CMP,4.0
R189,P1,P04,A,HL,3.0
R189,P1,P04,A,PI,5.0
R189,P1,P04,B,CMP,5.0
R189,P1,P04,B,HL,3.0
R189,P1,P04,B,PI,3.0
R189,P2,P03,A,HL,5.0
R189,P2,P03,A,PI,4.5
R189,P2,P03,B,HL,4.0
R189,P2,P03,B,PI,3.0
R189,P3,P23,A,CMP,5.0
R189,P3,P23,A,CSAT,5.0
R189,P3,P23,A,PI,4.0
R189,P3,P23,B,CMP,5.0
R189,P3,P23,B,CSAT,3.0
R189,P3,P23,B,PI,4.0
R189,P4,P07,A,CMP,4.0
R189,P4,P07,A,CSAT,5.0
R189,P4,P07,A,PI,4.0
R189,P4,P07,B,CMP,4.0
R189,P4,P07,B,CSAT,3.0
R189,P4,P07,B,PI,3.5
R189,P5,P08,A,CSAT,5.0
R189,P5,P08,A,HL,5.0
R189,P5,P08,A,PI,4.0
R189,P5,P08,B,CSAT,5.0
R189,P5,P08,B,HL,3.0
R189,P5,P08,B,PI,4.0
R190,P1,P04,A,CMP,5.0
R190,P1,P04,A,HL,4.0
R190,P1,P04,A,PI,4.5
R190,P1,P04,B,CMP,5.0
R190,P1,P04,B,HL,5.0
R190,P1,P04,B,PI,5.0
R190,P2,P03,A,HL,5.0
R190,P2,P03,A,PI,4.5
R190,P2,P03,B,HL,3.0
R190,P2,P03,B,PI,4.5
R190,P3,P23,A,CMP,5.0
R190,P3,P23,A,CSAT,3.0
R190,P3,P23,A,PI,4.0
R190,P3,P23,B,CMP,3.0
R190,P3,P23,B,CSAT,5.0
R190,P3,P23,B,PI,5.0
R190,P4,P07,A,CMP,3.0
R190,P4,P07,A,CSAT,4.0
R190,P4,P07,A,PI,5.0
R190,P4,P07,B,CMP,4.0
R190,P4,P07,B,CSAT,4.0
R190,P4,P07,B,PI,4.5
R190,P5,P08,A,CSAT,4.0
R190,P5,P08,A,HL,4.0
R190,P5,P08,A,PI,3.5
R190,P5,P08,B,CSAT,3.0
R190,P5,P08,B,HL,3.0
R190,P5,P08,B,PI,4.0
R191,P1,P04,A,CMP,5.0
R191,P1,P04,A,HL,5.0
R191,P1,P04,A,PI,5.0
R191,P1,P04,B,CMP,3.0
R191,P1,P04,B,HL,3.0
R191,P1,P04,B,PI,4.5
R191,P2,P03,A,HL,2.0
R191,P2,P03,A,PI,4.5
R191,P2,P03,B,HL,4.0
R191,P2,P03,B,PI,4.0
R191,P3,P23,A,CMP,5.0
R191,P3,P23,A,CSAT,5.0
R191,P3,P23,A,PI,4.0
R191,P3,P23,B,CMP,5.0
R191,P3,P23,B,CSAT,4.0
R191,P3,P23,B,PI,3.5
R191,P4,P07,A,CMP,4.0
R191,P4,P07,A,CSAT,5.0
R191,P4,P07,A,PI,4.5
R191,P4,P07,B,CMP,4.0
R191,P4,P07,B,CSAT,4.0
R191,P4,P07,B,PI,3.5
R191,P5,P08,A,CSAT,2.0
R191,P5,P08,A,HL,2.0
R191,P5,P08,A,PI,4.0
R191,P5,P08,B,CSAT,5.0
R191,P5,P08,B,HL,5.0
R191,P5,P08,B,PI,2.5
R192,P1,P04,A,CMP,4.0
R192,P1,P04,A,HL,2.0
R192,P1,P04,A,PI,4.5
R192,P1,P04,B,CMP,5.0
R192,P1,P04,B,HL,5.0
R192,P1,P04,B,PI,2.5
R192,P2,P03,A,HL,4.0
R192,P2,P03,A,PI,4.0
R192,P2,P03,B,HL,3.0
R192,P2,P03,B,PI,3.5
R192,P3,P23,A,CMP,4.0
R192,P3,P23,A,CSAT,5.0
R192,P3,P23,A,PI,4.5
R192,P3,P23,B,CMP,4.0
R192,P3,P23,B,CSAT,3.0
R192,P3,P23,B,PI,4.0
R192,P4,P07,A,CMP,3.0
R192,P4,P07,A,CSAT,5.0
R192,P4,P07,A,PI,3.5
R192,P4,P07,B,CMP,4.0
R192,P4,P07,B,CSAT,3.0
R192,P4,P07,B,PI,4.0
R192,P5,P08,A,CSAT,4.0
R192,P5,P08,A,HL,3.0
R192,P5,P08,A,PI,3.5
R192,P5,P08,B,CSAT,5.0
R192,P5,P08,B,HL,5.0
R192,P5,P08,B,PI,4.0
R193,P1,P04,A,CMP,4.0
R193,P1,P04,A,HL,4.0
R193,P1,P04,A,PI,5.0
R193,P1,P04,B,CMP,3.0
R193,P1,P04,B,HL,5.0
R193,P1,P04,B,PI,5.0
R193,P2,P03,A,HL,3.0
R193,P2,P03,A,PI,4.0
R193,P2,P03,B,HL,5.0
R193,P2,P03,B,PI,4.0
R193,P3,P23,A,CMP,3.0
R193,P3,P23,A,CSAT,2.0
R193,P3,P23,A,PI,4.5
R193,P3,P23,B,CMP,4.0
R193,P3,P23,B,CSAT,3.0
R193,P3,P23,B,PI,3.5
R193,P4,P07,A,CMP,3.0
R193,P4,P07,A,CSAT,3.0
R193,P4,P07,A,PI,3.5
R193,P4,P07,B,CMP,2.0
R193,P4,P07,B,CSAT,5.0
R193,P4,P07,B,PI,3.0
R193,P5,P08,A,CSAT,5.0
R193,P5,P08,A,HL,1.0
R193,P5,P08,A,PI,4.5
R193,P5,P08,B,CSAT,4.0
R193,P5,P08,B,HL,3.0
R193,P5,P08,B,PI,3.5
R194,P1,P04,A,CMP,3.0
R194,P1,P04,A,HL,5.0
R194,P1,P04,A,PI,4.0
R194,P1,P04,B,CMP,5.0
R194,P1,P04,B,HL,5.0
R194,P1,P04,B,PI,4.0
R194,P2,P03,A,HL,5.0
R194,P2,P03,A,PI,4.0
R194,P2,P03,B,HL,5.0
R194,P2,P03,B,PI,4.0
R194,P3,P23,A,CMP,5.0
R194,P3,P23,A,CSAT,4.0
R194,P3,P23,A,PI,3.5
R194,P3,P23,B,CMP,5.0
R194,P3,P23,B,CSAT,5.0
R194,P3,P23,B,PI,5.0
R194,P4,P07,A,CMP,4.0
R194,P4,P07,A,CSAT,5.0
R194,P4,P07,A,PI,4.5
R194,P4,P07,B,CMP,4.0
R194,P4,P07,B,CSAT,5.0
R194,P4,P07,B,PI,3.5
R194,P5,P08,A,CSAT,5.0
R194,P5,P08,A,HL,4.0
R194,P5,P08,A,PI,3.0
R194,P5,P08,B,CSAT,4.0
R194,P5,P08,B,HL,4.0
R194,P5,P08,B,PI,2.5
R195,P1,P04,A,CMP,3.0
R195,P1,P04,A,HL,5.0
R195,P1,P04,A,PI,5.0
R195,P1,P04,B,CMP,5.0
R195,P1,P04,B,HL,4.0
R195,P1,P04,B,PI,4.0
R195,P2,P03,A,HL,5.0
R195,P2,P03,A,PI,3.5
R195,P2,P03,B,HL,3.0
R195,P2,P03,B,PI,4.0
R195,P3,P23,A,CMP,3.0
R195,P3,P23,A,CSAT,4.0
R195,P3,P23,A,PI,4.5
R195,P3,P23,B,CMP,5.0
R195,P3,P23,B,CSAT,4.0
R195,P3,P23,B,PI,5.0
R195,P4,P07,A,CMP,3.0
R195,P4,P07,A,CSAT,3.0
R195,P4,P07,A,PI,3.5
R195,P4,P07,B,CMP,2.0
R195,P4,P07,B,CSAT,1.0
R195,P4,P07,B,PI,3.0
R195,P5,P08,A,CSAT,4.0
R195,P5,P08,A,HL,5.0
R195,P5,P08,A,PI,4.0
R195,P5,P08,B,CSAT,4.0
R195,P5,P08,B,HL,4.0
R195,P5,P08,B,PI,3.5
R196,P1,P04,A,CMP,4.0
R196,P1,P04,A,HL,5.0
R196,P1,P04,A,PI,3.5
R196,P1,P04,B,CMP,4.0
R196,P1,P04,B,HL,5.0
R196,P1,P04,B,PI,4.0
R196,P2,P03,A,HL,4.0
R196,P2,P03,A,PI,5.0
R196,P2,P03,B,HL,3.0
R196,P2,P03,B,PI,5.0
R196,P3,P23,A,CMP,4.0
R196,P3,P23,A,CSAT,5.0
R196,P3,P23,A,PI,4.5
R196,P3,P23,B,CMP,3.0
R196,P3,P23,B,CSAT,4.0
R196,P3,P23,B,PI,5.0
R196,P4,P07,A,CMP,5.0
R196,P4,P07,A,CSAT,4.0
R196,P4,P07,A,PI,4.5
R196,P4,P07,B,CMP,4.0
R196,P4,P07,B,CSAT,4.0
R196,P4,P07,B,PI,3.5
R196,P5,P08,A,CSAT,3.0
R196,P5,P08,A,HL,4.0
R196,P5,P08,A,PI,4.5
R196,P5,P08,B,CSAT,3.0
R196,P5,P08,B,HL,2.0
R196,P5,P08,B,PI,5.0
R197,P1,P04,A,CMP,3.0
R197,P1,P04,A,HL,5.0
R197,P1,P04,A,PI,4.5
R197,P1,P04,B,CMP,4.0
R197,P1,P04,B,HL,4.0
R197,P1,P04,B,PI,5.0
R197,P2,P03,A,HL,5.0
R197,P2,P03,A,PI,3.5
R197,P2,P03,B,HL,4.0
R197,P2,P03,B,PI,4.0
R197,P3,P23,A,CMP,5.0
R197,P3,P23,A,CSAT,4.0
R197,P3,P23,A,PI,4.5
R197,P3,P23,B,CMP,5.0
R197,P3,P23,B,CSAT,5.0
R197,P3,P23,B,PI,4.0
R197,P4,P07,A,CMP,5.0
R197,P4,P07,A,CSAT,3.0
R197,P4,P07,A,PI,4.0
R197,P4,P07,B,CMP,4.0
R197,P4,P07,B,CSAT,5.0
R197,P4,P07,B,PI,4.0
R197,P5,P08,A,CSAT,5.0
R197,P5,P08,A,HL,3.0
R197,P5,P08,A,PI,3.5
R197,P5,P08,B,CSAT,4.0
R197,P5,P08,B,HL,3.0
R197,P5,P08,B,PI,4.0
R198,P1,P04,A,CMP,4.0
R198,P1,P04,A,HL,5.0
R198,P1,P04,A,PI,4.5
R198,P1,P04,B,CMP,5.0
R198,P1,P04,B,HL,5.0
R198,P1,P04,B,PI,4.0
R198,P2,P03,A,HL,3.0
R198,P2,P03,A,PI,3.5
R198,P2,P03,B,HL,5.0
R198,P2,P03,B,PI,4.0
R198,P3,P23,A,CMP,5.0
R198,P3,P23,A,CSAT,5.0
R198,P3,P23,A,PI,3.0
R198,P3,P23,B,CMP,3.0
R198,P3,P23,B,CSAT,3.0
R198,P3,P23,B,PI,4.0
R198,P4,P07,A,CMP,4.0
R198,P4,P07,A,CSAT,5.0
R198,P4,P07,A,PI,4.5
R198,P4,P07,B,CMP,2.0
R198,P4,P07,B,CSAT,5.0
R198,P4,P07,B,PI,5.0
R198,P5,P08,A,CSAT,5.0
R198,P5,P08,A,HL,5.0
R198,P5,P08,A,PI,4.5
R198,P5,P08,B,CSAT,3.0
R198,P5,P08,B,HL,5.0
R198,P5,P08,B,PI,4.5
R199,P1,P04,A,CMP,5.0
R199,P1,P04,A,HL,2.0
R199,P1,P04,A,PI,4.5
R199,P1,P04,B,CMP,5.0
R199,P1,P04,B,HL,5.0
R199,P1,P04,B,PI,4.0
R199,P2,P03,A,HL,5.0
R199,P2,P03,A,PI,4.5
R199,P2,P03,B,HL,3.0
R199,P2,P03,B,PI,4.0
R199,P3,P23,A,CMP,4.0
R199,P3,P23,A,CSAT,4.0
R199,P3,P23,A,PI,2.5
R199,P3,P23,B,CMP,3.0
R199,P3,P23,B,CSAT,4.0
R199,P3,P23,B,PI,3.5
R199,P4,P07,A,CMP,5.0
R199,P4,P07,A,CSAT,5.0
R199,P4,P07,A,PI,5.0
R199,P4,P07,B,CMP,2.0
R199,P4,P07,B,CSAT,2.0
R199,P4,P07,B,PI,4.0
R199,P5,P08,A,CSAT,4.0
R199,P5,P08,A,HL,5.0
R199,P5,P08,A,PI,3.5
R199,P5,P08,B,CSAT,5.0
R199,P5,P08,B,HL,4.0
R199,P5,P08,B,PI,2.0
R200,P1,P04,A,CMP,4.0
R200,P1,P04,A,HL,5.0
R200,P1,P04,A,PI,3.0
R200,P1,P04,B,CMP,3.0
R200,P1,P04,B,HL,4.0
R200,P1,P04,B,PI,4.0
R200,P2,P03,A,HL,3.0
R200,P2,P03,A,PI,4.5
R200,P2,P03,B,HL,5.0
R200,P2,P03,B,PI,3.5
R200,P3,P23,A,CMP,5.0
R200,P3,P23,A,CSAT,3.0
R200,P3,P23,A,PI,4.5
R200,P3,P23,B,CMP,5.0
R200,P3,P23,B,CSAT,5.0
R200,P3,P23,B,PI,3.5
R200,P4,P07,A,CMP,5.0
R200,P4,P07,A,CSAT,2.0
R200,P4,P07,A,PI,5.0
R200,P4,P07,B,CMP,2.0
R200,P4,P07,B,CSAT,5.0
R200,P4,P07,B,PI,3.0
R200,P5,P08,A,CSAT,5.0
R200,P5,P08,A,HL,3.0
R200,P5,P08,A,PI,5.0
R200,P5,P08,B,CSAT,3.0
R200,P5,P08,B,HL,5.0
R200,P5,P08,B,PI,2.5
R201,P1,P04,A,CMP,4.0
R201,P1,P04,A,HL,5.0
R201,P1,P04,A,PI,4.0
R201,P1,P04,B,CMP,4.0
R201,P1,P04,B,HL,5.0
R201,P1,P04,B,PI,3.5
R201,P2,P03,A,HL,5.0
R201,P2,P03,A,PI,4.5
R201,P2,P03,B,HL,5.0
R201,P2,P03,B,PI,4.5
R201,P3,P23,A,CMP,4.0
R201,P3,P23,A,CSAT,3.0
R201,P3,P23,A,PI,4.0
R201,P3,P23,B,CMP,2.0
R201,P3,P23,B,CSAT,4.0
R201,P3,P23,B,PI,4.0
R201,P4,P07,A,CMP,5.0
R201,P4,P07,A,CSAT,3.0
R201,P4,P07,A,PI,4.5
R201,P4,P07,B,CMP,3.0
R201,P4,P07,B,CSAT,1.0
R201,P4,P07,B,PI,4.5
R201,P5,P08,A,CSAT,5.0
R201,P5,P08,A,HL,3.0
R201,P5,P08,A,PI,3.5
R201,P5,P08,B,CSAT,4.0
R201,P5,P08,B,HL,4.0
R201,P5,P08,B,PI,4.0
R202,P1,P04,A,CMP,4.0
R202,P1,P04,A,HL,5.0
R202,P1,P04,A,PI,4.0
R202,P1,P04,B,CMP,4.0
R202,P1,P04,B,HL,5.0
R202,P1,P04,B,PI,3.5
R202,P2,P03,A,HL,4.0
R202,P2,P03,A,PI,4.0
R202,P2,P03,B,HL,3.0
R202,P2,P03,B,PI,4.0
R202,P3,P23,A,CMP,4.0
R202,P3,P23,A,CSAT,2.0
R202,P3,P23,A,PI,3.5
R202,P3,P23,B,CMP,4.0
R202,P3,P23,B,CSAT,3.0
R202,P3,P23,B,PI,3.0
R202,P4,P07,A,CMP,4.0
R202,P4,P07,A,CSAT,5.0
R202,P4,P07,A,PI,4.0
R202,P4,P07,B,CMP,2.0
R202,P4,P07,B,CSAT,1.0
R202,P4,P07,B,PI,4.0
R202,P5,P08,A,CSAT,4.0
R202,P5,P08,A,HL,4.0
R202,P5,P08,A,PI,4.5
R202,P5,P08,B,CSAT,3.0
R202,P5,P08,B,HL,5.0
R202,P5,P08,B,PI,3.5
R203,P1,P04,A,CMP,4.0
R203,P1,P04,A,HL,5.0
R203,P1,P04,A,PI,3.0
R203,P1,P04,B,CMP,3.0
R203,P1,P04,B,HL,3.0
R203,P1,P04,B,PI,4.0
R203,P2,P03,A,HL,5.0
R203,P2,P03,A,PI,4.0
R203,P2,P03,B,HL,4.0
R203,P2,P03,B,PI,3.5
R203,P3,P23,A,CMP,3.0
R203,P3,P23,A,CSAT,4.0
R203,P3,P23,A,PI,5.0
R203,P3,P23,B,CMP,5.0
R203,P3,P23,B,CSAT,3.0
R203,P3,P23,B,PI,4.5
R203,P4,P07,A,CMP,3.0
R203,P4,P07,A,CSAT,4.0
R203,P4,P07,A,PI,4.5
R203,P4,P07,B,CMP,2.0
R203,P4,P07,B,CSAT,5.0
R203,P4,P07,B,PI,5.0
R203,P5,P08,A,CSAT,4.0
R203,P5,P08,A,HL,4.0
R203,P5,P08,A,PI,4.5
R203,P5,P08,B,CSAT,2.0
R203,P5,P08,B,HL,3.0
R203,P5,P08,B,PI,2.5
R204,P1,P04,A,CMP,4.0
R204,P1,P04,A,HL,4.0
R204,P1,P04,A,PI,4.5
R204,P1,P04,B,CMP,5.0
R204,P1,P04,B,HL,4.0
R204,P1,P04,B,PI,3.5
R204,P2,P03,A,HL,5.0
R204,P2,P03,A,PI,5.0
R204,P2,P03,B,HL,4.0
R204,P2,P03,B,PI,5.0
R204,P3,P23,A,CMP,5.0
R204,P3,P23,A,CSAT,1.0
R204,P3,P23,A,PI,4.0
R204,P3,P23,B,CMP,2.0
R204,P3,P23,B,CSAT,4.0
R204,P3,P23,B,PI,4.5
R204,P4,P07,A,CMP,5.0
R204,P4,P07,A,CSAT,3.0
R204,P4,P07,A,PI,3.5
R204,P4,P07,B,CMP,4.0
R204,P4,P07,B,CSAT,5.0
R204,P4,P07,B,PI,3.5
R204,P5,P08,A,CSAT,5.0
R204,P5,P08,A,HL,1.0
R204,P5,P08,A,PI,4.5
R204,P5,P08,B,CSAT,5.0
R204,P5,P08,B,HL,5.0
R204,P5,P08,B,PI,3.5
R205,P1,P04,A,CMP,5.0
R205,P1,P04,A,HL,4.0
R205,P1,P04,A,PI,3.5
R205,P1,P04,B,CMP,3.0
R205,P1,P04,B,HL,3.0
R205,P1,P04,B,PI,4.5
R205,P2,P03,A,HL,4.0
R205,P2,P03,A,PI,5.0
R205,P2,P03,B,HL,2.0
R205,P2,P03,B,PI,2.5
R205,P3,P23,A,CMP,5.0
R205,P3,P23,A,CSAT,5.0
R205,P3,P23,A,PI,4.5
R205,P3,P23,B,CMP,5.0
R205,P3,P23,B,CSAT,4.0
R205,P3,P23,B,PI,4.0
R205,P4,P07,A,CMP,3.0
R205,P4,P07,A,CSAT,4.0
R205,P4,P07,A,PI,2.5
R205,P4,P07,B,CMP,3.0
R205,P4,P07,B,CSAT,4.0
R205,P4,P07,B,PI,4.0
R205,P5,P08,A,CSAT,4.0
R205,P5,P08,A,HL,4.0
R205,P5,P08,A,PI,4.0
R205,P5,P08,B,CSAT,3.0
R205,P5,P08,B,HL,4.0
R205,P5,P08,B,PI,3.0
R206,P1,P04,A,CMP,3.0
R206,P1,P04,A,HL,4.0
R206,P1,P04,A,PI,4.0
R206,P1,P04,B,CMP,2.0
R206,P1,P04,B,HL,3.0
R206,P1,P04,B,PI,4.0
R206,P2,P03,A,HL,5.0
R206,P2,P03,A,PI,5.0
R206,P2,P03,B,HL,3.0
R206,P2,P03,B,PI,4.0
R206,P3,P23,A,CMP,4.0
R206,P3,P23,A,CSAT,4.0
R206,P3,P23,A,PI,4.5
R206,P3,P23,B,CMP,2.0
R206,P3,P23,B,CSAT,3.0
R206,P3,P23,B,PI,4.5
R206,P4,P07,A,CMP,5.0
R206,P4,P07,A,CSAT,5.0
R206,P4,P07,A,PI,5.0
R206,P4,P07,B,CMP,4.0
R206,P4,P07,B,CSAT,5.0
R206,P4,P07,B,PI,4.0
R206,P5,P08,A,CSAT,5.0
R206,P5,P08,A,HL,3.0
R206,P5,P08,A,PI,4.0
R206,P5,P08,B,CSAT,4.0
R206,P5,P08,B,HL,5.0
R206,P5,P08,B,PI,4.0
R207,P1,P04,A,CMP,4.0
R207,P1,P04,A,HL,5.0
R207,P1,P04,A,PI,4.0
R207,P1,P04,B,CMP,4.0
R207,P1,P04,B,HL,2.0
R207,P1,P04,B,PI,4.5
R207,P2,P03,A,HL,5.0
R207,P2,P03,A,PI,4.0
R207,P2,P03,B,HL,3.0
R207,P2,P03,B,PI,4.0
R207,P3,P23,A,CMP,5.0
R207,P3,P23,A,CSAT,5.0
R207,P3,P23,A,PI,3.5
R207,P3,P23,B,CMP,4.0
R207,P3,P23,B,CSAT,3.0
R207,P3,P23,B,PI,4.0
R207,P4,P07,A,CMP,4.0
R207,P4,P07,A,CSAT,4.0
R207,P4,P07,A,PI,5.0
R207,P4,P07,B,CMP,3.0
R207,P4,P07,B,CSAT,5.0
R207,P4,P07,B,PI,3.5
R207,P5,P08,A,CSAT,5.0
R207,P5,P08,A,HL,3.0
R207,P5,P08,A,PI,4.0
R207,P5,P08,B,CSAT,5.0
R207,P5,P08,B,HL,4.0
R207,P5,P08,B,PI,4.0
R208,P1,P04,A,CMP,2.0
R208,P1,P04,A,HL,3.0
R208,P1,P04,A,PI,4.5
R208,P1,P04,B,CMP,3.0
R208,P1,P04,B,HL,3.0
R208,P1,P04,B,PI,4.0
R208,P2,P03,A,HL,4.0
R208,P2,P03,A,PI,5.0
R208,P2,P03,B,HL,4.0
R208,P2,P03,B,PI,3.5
R208,P3,P23,A,CMP,4.0
R208,P3,P23,A,CSAT,4.0
R208,P3,P23,A,PI,3.0
R208,P3,P23,B,CMP,5.0
R208,P3,P23,B,CSAT,3.0
R208,P3,P23,B,PI,4.0
R208,P4,P07,A,CMP,4.0
R208,P4,P07,A,CSAT,3.0
R208,P4,P07,A,PI,3.5
R208,P4,P07,B,CMP,4.0
R208,P4,P07,B,CSAT,4.0
R208,P4,P07,B,PI,4.0
R208,P5,P08,A,CSAT,3.0
R208,P5,P08,A,HL,4.0
R208,P5,P08,A,PI,3.5
R208,P5,P08,B,CSAT,3.0
R208,P5,P08,B,HL,4.0
R208,P5,P08,B,PI,4.5
R209,P1,P04,A,CMP,5.0
R209,P1,P04,A,HL,3.0
R209,P1,P04,A,PI,3.5
R209,P1,P04,B,CMP,5.0
R209,P1,P04,B,HL,4.0
R209,P1,P04,B,PI,4.5
R209,P2,P03,A,HL,4.0
R209,P2,P03,A,PI,4.0
R209,P2,P03,B,HL,3.0
R209,P2,P03,B,PI,4.0
R209,P3,P23,A,CMP,5.0
R209,P3,P23,A,CSAT,5.0
R209,P3,P23,A,PI,4.5
R209,P3,P23,B,CMP,5.0
R209,P3,P23,B,CSAT,5.0
R209,P3,P23,B,PI,3.0
R209,P4,P07,A,CMP,5.0
R209,P4,P07,A,CSAT,5.0
R209,P4,P07,A,PI,4.5
R209,P4,P07,B,CMP,2.0
R209,P4,P07,B,CSAT,4.0
R209,P4,P07,B,PI,4.0
R209,P5,P08,A,CSAT,5.0
R209,P5,P08,A,HL,3.0
R209,P5,P08,A,PI,4.0
R209,P5,P08,B,CSAT,4.0
R209,P5,P08,B,HL,5.0
R209,P5,P08,B,PI,4.0
R210,P1,P04,A,CMP,5.0
R210,P1,P04,A,HL,5.0
R210,P1,P04,A,PI,4.5
R210,P1,P04,B,CMP,5.0
R210,P1,P04,B,HL,5.0
R210,P1,P04,B,PI,4.0
R210,P2,P03,A,HL,5.0
R210,P2,P03,A,PI,5.0
R210,P2,P03,B,HL,4.0
R210,P2,P03,B,PI,4.0
R210,P3,P23,A,CMP,5.0
R210,P3,P23,A,CSAT,5.0
R210,P3,P23,A,PI,4.0
R210,P3,P23,B,CMP,3.0
R210,P3,P23,B,CSAT,5.0
R210,P3,P23,B,PI,5.0
R210,P4,P07,A,CMP,5.0
R210,P4,P07,A,CSAT,5.0
R210,P4,P07,A,PI,5.0
R210,P4,P07,B,CMP,2.0
R210,P4,P07,B,CSAT,4.0
R210,P4,P07,B,PI,4.0
R210,P5,P08,A,CSAT,5.0
R210,P5,P08,A,HL,2.0
R210,P5,P08,A,PI,4.5
R210,P5,P08,B,CSAT,5.0
R210,P5,P08,B,HL,5.0
R210,P5,P08,B,PI,3.5
R211,P1,P04,A,CMP,5.0
R211,P1,P04,A,HL,3.0
R211,P1,P04,A,PI,4.0
R211,P1,P04,B,CMP,3.0
R211,P1,P04,B,HL,3.0
R211,P1,P04,B,PI,4.5
R211,P2,P03,A,HL,3.0
R211,P2,P03,A,PI,4.0
R211,P2,P03,B,HL,4.0
R211,P2,P03,B,PI,5.0
R211,P3,P23,A,CMP,4.0
R211,P3,P23,A,CSAT,5.0
R211,P3,P23,A,PI,4.0
R211,P3,P23,B,CMP,4.0
R211,P3,P23,B,CSAT,3.0
R211,P3,P23,B,PI,3.0
R211,P4,P07,A,CMP,5.0
R211,P4,P07,A,CSAT,4.0
R211,P4,P07,A,PI,5.0
R211,P4,P07,B,CMP,4.0
R211,P4,P07,B,CSAT,1.0
R211,P4,P07,B,PI,3.5
R211,P5,P08,A,CSAT,3.0
R211,P5,P08,A,HL,5.0
R211,P5,P08,A,PI,3.5
R211,P5,P08,B,CSAT,1.0
R211,P5,P08,B,HL,5.0
R211,P5,P08,B,PI,3.5
R212,P1,P04,A,CMP,4.0
R212,P1,P04,A,HL,4.0
R212,P1,P04,A,PI,3.5
R212,P1,P04,B,CMP,5.0
R212,P1,P04,B,HL,5.0
R212,P1,P04,B,PI,4.5
R212,P2,P03,A,HL,1.0
R212,P2,P03,A,PI,4.5
R212,P2,P03,B,HL,3.0
R212,P2,P03,B,PI,2.5
R212,P3,P23,A,CMP,4.0
R212,P3,P23,A,CSAT,4.0
R212,P3,P23,A,PI,3.5
R212,P3,P23,B,CMP,5.0
R212,P3,P23,B,CSAT,4.0
R212,P3,P23,B,PI,4.5
R212,P4,P07,A,CMP,3.0
R212,P4,P07,A,CSAT,5.0
R212,P4,P07,A,PI,4.5
R212,P4,P07,B,CMP,2.0
R212,P4,P07,B,CSAT,3.0
R212,P4,P07,B,PI,3.5
R212,P5,P08,A,CSAT,4.0
R212,P5,P08,A,HL,3.0
R212,P5,P08,A,PI,5.0
R212,P5,P08,B,CSAT,4.0
R212,P5,P08,B,HL,5.0
R212,P5,P08,B,PI,3.0
R213,P1,P04,A,CMP,5.0
R213,P1,P04,A,HL,4.0
R213,P1,P04,A,PI,4.5
R213,P1,P04,B,CMP,5.0
R213,P1,P04,B,HL,4.0
R213,P1,P04,B,PI,3.0
R213,P2,P03,A,HL,4.0
R213,P2,P03,A,PI,4.0
R213,P2,P03,B,HL,3.0
R213,P2,P03,B,PI,5.0
R213,P3,P23,A,CMP,5.0
R213,P3,P23,A,CSAT,2.0
R213,P3,P23,A,PI,4.5
R213,P3,P23,B,CMP,3.0
R213,P3,P23,B,CSAT,3.0
R213,P3,P23,B,PI,4.0
R213,P4,P07,A,CMP,5.0
R213,P4,P07,A,CSAT,5.0
R213,P4,P07,A,PI,4.5
R213,P4,P07,B,CMP,3.0
R213,P4,P07,B,CSAT,3.0
R213,P4,P07,B,PI,4.0
R213,P5,P08,A,CSAT,5.0
R213,P5,P08,A,HL,4.0
R213,P5,P08,A,PI,5.0
R213,P5,P08,B,CSAT,2.0
R213,P5,P08,B,HL,3.0
R213,P5,P08,B,PI,4.0
R214,P1,P04,A,CMP,3.0
R214,P1,P04,A,HL,5.0
R214,P1,P04,A,PI,4.0
R214,P1,P04,B,CMP,5.0
R214,P1,P04,B,HL,4.0
R214,P1,P04,B,PI,4.5
R214,P2,P03,A,HL,4.0
R214,P2,P03,A,PI,3.5
R214,P2,P03,B,HL,3.0
R214,P2,P03,B,PI,3.5
R214,P3,P23,A,CMP,5.0
R214,P3,P23,A,CSAT,3.0
R214,P3,P23,A,PI,4.0
R214,P3,P23,B,CMP,4.0
R214,P3,P23,B,CSAT,5.0
R214,P3,P23,B,PI,2.5
R214,P4,P07,A,CMP,5.0
R214,P4,P07,A,CSAT,3.0
R214,P4,P07,A,PI,4.5
R214,P4,P07,B,CMP,2.0
R214,P4,P07,B,CSAT,5.0
R214,P4,P07,B,PI,3.5
R214,P5,P08,A,CSAT,2.0
R214,P5,P08,A,HL,4.0
R214,P5,P08,A,PI,4.5
R214,P5,P08,B,CSAT,5.0
R214,P5,P08,B,HL,3.0
R214,P5,P08,B,PI,4.5
R215,P1,P04,A,CMP,4.0
R215,P1,P04,A,HL,4.0
R215,P1,P04,A,PI,3.5
R215,P1,P04,B,CMP,4.0
R215,P1,P04,B,HL,4.0
R215,P1,P04,B,PI,5.0
R215,P2,P03,A,HL,4.0
R215,P2,P03,A,PI,4.0
R215,P2,P03,B,HL,4.0
R215,P2,P03,B,PI,4.0
R215,P3,P23,A,CMP,5.0
R215,P3,P23,A,CSAT,5.0
R215,P3,P23,A,PI,4.5
R215,P3,P23,B,CMP,5.0
R215,P3,P23,B,CSAT,3.0
R215,P3,P23,B,PI,5.0
R215,P4,P07,A,CMP,5.0
R215,P4,P07,A,CSAT,3.0
R215,P4,P07,A,PI,3.5
R215,P4,P07,B,CMP,2.0
R215,P4,P07,B,CSAT,3.0
R215,P4,P07,B,PI,4.0
R215,P5,P08,A,CSAT,5.0
R215,P5,P08,A,HL,3.0
R215,P5,P08,A,PI,4.0
R215,P5,P08,B,CSAT,5.0
R215,P5,P08,B,HL,4.0
R215,P5,P08,B,PI,4.0
R216,P1,P04,A,CMP,3.0
R216,P1,P04,A,HL,1.0
R216,P1,P04,A,PI,4.0
R216,P1,P04,B,CMP,4.0
R216,P1,P04,B,HL,4.0
R216,P1,P04,B,PI,2.5
R216,P2,P03,A,HL,3.0
R216,P2,P03,A,PI,4.0
R216,P2,P03,B,HL,5.0
R216,P2,P03,B,PI,4.0
R216,P3,P23,A,CMP,4.0
R216,P3,P23,A,CSAT,5.0
R216,P3,P23,A,PI,3.5
R216,P3,P23,B,CMP,3.0
R216,P3,P23,B,CSAT,5.0
R216,P3,P23,B,PI,4.0
R216,P4,P07,A,CMP,3.0
R216,P4,P07,A,CSAT,5.0
R216,P4,P07,A,PI,3.0
R216,P4,P07,B,CMP,2.0
R216,P4,P07,B,CSAT,2.0
R216,P4,P07,B,PI,3.0
R216,P5,P08,A,CSAT,5.0
R216,P5,P08,A,HL,3.0
R216,P5,P08,A,PI,5.0
R216,P5,P08,B,CSAT,3.0
R216,P5,P08,B,HL,5.0
R216,P5,P08,B,PI,3.5
R217,P1,P04,A,CMP,3.0
R217,P1,P04,A,HL,4.0
R217,P1,P04,A,PI,4.0
R217,P1,P04,B,CMP,5.0
R217,P1,P04,B,HL,3.0
R217,P1,P04,B,PI,5.0
R217,P2,P03,A,HL,4.0
R217,P2,P03,A,PI,4.0
R217,P2,P03,B,HL,1.0
R217,P2,P03,B,PI,4.0
R217,P3,P23,A,CMP,5.0
R217,P3,P23,A,CSAT,5.0
R217,P3,P23,A,PI,4.5
R217,P3,P23,B,CMP,4.0
R217,P3,P23,B,CSAT,3.0
R217,P3,P23,B,PI,3.5
R217,P4,P07,A,CMP,5.0
R217,P4,P07,A,CSAT,5.0
R217,P4,P07,A,PI,3.5
R217,P4,P07,B,CMP,4.0
R217,P4,P07,B,CSAT,2.0
R217,P4,P07,B,PI,4.0
R217,P5,P08,A,CSAT,3.0
R217,P5,P08,A,HL,5.0
R217,P5,P08,A,PI,4.5
R217,P5,P08,B,CSAT,4.0
R217,P5,P08,B,HL,3.0
R217,P5,P08,B,PI,5.0
R218,P1,P04,A,CMP,5.0
R218,P1,P04,A,HL,4.0
R218,P1,P04,A,PI,4.0
R218,P1,P04,B,CMP,4.0
R218,P1,P04,B,HL,5.0
R218,P1,P04,B,PI,5.0
R218,P2,P03,A,HL,4.0
R218,P2,P03,A,PI,4.5
R218,P2,P03,B,HL,4.0
R218,P2,P03,B,PI,5.0
R218,P3,P23,A,CMP,5.0
R218,P3,P23,A,CSAT,4.0
R218,P3,P23,A,PI,4.5
R218,P3,P23,B,CMP,3.0
R218,P3,P23,B,CSAT,3.0
R218,P3,P23,B,PI,5.0
R218,P4,P07,A,CMP,5.0
R218,P4,P07,A,CSAT,3.0
R218,P4,P07,A,PI,5.0
R218,P4,P07,B,CMP,3.0
R218,P4,P07,B,CSAT,3.0
R218,P4,P07,B,PI,4.5
R218,P5,P08,A,CSAT,5.0
R218,P5,P08,A,HL,4.0
R218,P5,P08,A,PI,5.0
R218,P5,P08,B,CSAT,5.0
R218,P5,P08,B,HL,3.0
R218,P5,P08,B,PI,4.5
R219,P1,P04,A,CMP,4.0
R219,P1,P04,A,HL,4.0
R219,P1,P04,A,PI,4.5
R219,P1,P04,B,CMP,5.0
R219,P1,P04,B,HL,4.0
R219,P1,P04,B,PI,4.0
R219,P2,P03,A,HL,5.0
R219,P2,P03,A,PI,3.5
R219,P2,P03,B,HL,4.0
R219,P2,P03,B,PI,4.0
R219,P3,P23,A,CMP,4.0
R219,P3,P23,A,CSAT,5.0
R219,P3,P23,A,PI,5.0
R219,P3,P23,B,CMP,5.0
R219,P3,P23,B,CSAT,4.0
R219,P3,P23,B,PI,3.0
R219,P4,P07,A,CMP,4.0
R219,P4,P07,A,CSAT,5.0
R219,P4,P07,A,PI,3.5
R219,P4,P07,B,CMP,2.0
R219,P4,P07,B,CSAT,5.0
R219,P4,P07,B,PI,4.5
R219,P5,P08,A,CSAT,5.0
R219,P5,P08,A,HL,4.0
R219,P5,P08,A,PI,4.0
R219,P5,P08,B,CSAT,3.0
R219,P5,P08,B,HL,5.0
R219,P5,P08,B,PI,4.5
R220,P1,P04,A,CMP,3.0
R220,P1,P04,A,HL,4.0
R220,P1,P04,A,PI,4.5
R220,P1,P04,B,CMP,5.0
R220,P1,P04,B,HL,4.0
R220,P1,P04,B,PI,4.0
R220,P2,P03,A,HL,4.0
R220,P2,P03,A,PI,4.0
R220,P2,P03,B,HL,3.0
R220,P2,P03,B,PI,5.0
R220,P3,P23,A,CMP,5.0
R220,P3,P23,A,CSAT,4.0
R220,P3,P23,A,PI,3.5
R220,P3,P23,B,CMP,3.0
R220,P3,P23,B,CSAT,4.0
R220,P3,P23,B,PI,4.5
R220,P4,P07,A,CMP,5.0
R220,P4,P07,A,CSAT,3.0
R220,P4,P07,A,PI,5.0
R220,P4,P07,B,CMP,4.0
R220,P4,P07,B,CSAT,5.0
R220,P4,P07,B,PI,4.0
R220,P5,P08,A,CSAT,5.0
R220,P5,P08,A,HL,3.0
R220,P5,P08,A,PI,3.5
R220,P5,P08,B,CSAT,5.0
R220,P5,P08,B,HL,4.0
R220,P5,P08,B,PI,4.0
R221,P1,P04,A,CMP,4.0
R221,P1,P04,A,HL,5.0
R221,P1,P04,A,PI,4.0
R221,P1,P04,B,CMP,3.0
R221,P1,P04,B,HL,5.0
R221,P1,P04,B,PI,4.0
R221,P2,P03,A,HL,4.0
R221,P2,P03,A,PI,3.5
R221,P2,P03,B,HL,5.0
R221,P2,P03,B,PI,4.5
R221,P3,P23,A,CMP,5.0
R221,P3,P23,A,CSAT,2.0
R221,P3,P23,A,PI,4.0
R221,P3,P23,B,CMP,5.0
R221,P3,P23,B,CSAT,4.0
R221,P3,P23,B,PI,4.0
R221,P4,P07,A,CMP,3.0
R221,P4,P07,A,CSAT,5.0
R221,P4,P07,A,PI,4.0
R221,P4,P07,B,CMP,3.0
R221,P4,P07,B,CSAT,5.0
R221,P4,P07,B,PI,5.0
R221,P5,P08,A,CSAT,5.0
R221,P5,P08,A,HL,3.0
R221,P5,P08,A,PI,4.5
R221,P5,P08,B,CSAT,3.0
R221,P5,P08,B,HL,4.0
R221,P5,P08,B,PI,3.5
R222,P1,P04,A,CMP,3.0
R222,P1,P04,A,HL,5.0
R222,P1,P04,A,PI,5.0
R222,P1,P04,B,CMP,5.0
R222,P1,P04,B,HL,3.0
R222,P1,P04,B,PI,2.0
R222,P2,P03,A,HL,4.0
R222,P2,P03,A,PI,4.0
R222,P2,P03,B,HL,4.0
R222,P2,P03,B,PI,5.0
R222,P3,P23,A,CMP,3.0
R222,P3,P23,A,CSAT,4.0
R222,P3,P23,A,PI,4.0
R222,P3,P23,B,CMP,3.0
R222,P3,P23,B,CSAT,5.0
R222,P3,P23,B,PI,4.5
R222,P4,P07,A,CMP,4.0
R222,P4,P07,A,CSAT,4.0
R222,P4,P07,A,PI,4.0
R222,P4,P07,B,CMP,3.0
R222,P4,P07,B,CSAT,5.0
R222,P4,P07,B,PI,3.0
R222,P5,P08,A,CSAT,5.0
R222,P5,P08,A,HL,4.0
R222,P5,P08,A,PI,4.0
R222,P5,P08,B,CSAT,4.0
R222,P5,P08,B,HL,5.0
R222,P5,P08,B,PI,3.5
R223,P1,P04,A,CMP,4.0
R223,P1,P04,A,HL,4.0
R223,P1,P04,A,PI,4.0
R223,P1,P04,B,CMP,4.0
R223,P1,P04,B,HL,5.0
R223,P1,P04,B,PI,4.5
R223,P2,P03,A,HL,5.0
R223,P2,P03,A,PI,4.0
R223,P2,P03,B,HL,3.0
R223,P2,P03,B,PI,3.5
R223,P3,P23,A,CMP,3.0
R223,P3,P23,A,CSAT,4.0
R223,P3,P23,A,PI,4.5
R223,P3,P23,B,CMP,5.0
R223,P3,P23,B,CSAT,3.0
R223,P3,P23,B,PI,3.5
R223,P4,P07,A,CMP,5.0
R223,P4,P07,A,CSAT,5.0
R223,P4,P07,A,PI,2.5
R223,P4,P07,B,CMP,2.0
R223,P4,P07,B,CSAT,5.0
R223,P4,P07,B,PI,4.0
R223,P5,P08,A,CSAT,5.0
R223,P5,P08,A,HL,5.0
R223,P5,P08,A,PI,5.0
R223,P5,P08,B,CSAT,4.0
R223,P5,P08,B,HL,5.0
R223,P5,P08,B,PI,4.5
R224,P1,P04,A,CMP,3.0
R224,P1,P04,A,HL,4.0
R224,P1,P04,A,PI,4.5
R224,P1,P04,B,CMP,5.0
R224,P1,P04,B,HL,3.0
R224,P1,P04,B,PI,4.0
R224,P2,P03,A,HL,3.0
R224,P2,P03,A,PI,3.5
R224,P2,P03,B,HL,4.0
R224,P2,P03,B,PI,4.5
R224,P3,P23,A,CMP,4.0
R224,P3,P23,A,CSAT,5.0
R224,P3,P23,A,PI,3.5
R224,P3,P23,B,CMP,5.0
R224,P3,P23,B,CSAT,4.0
R224,P3,P23,B,PI,4.0
R224,P4,P07,A,CMP,5.0
R224,P4,P07,A,CSAT,3.0
R224,P4,P07,A,PI,4.0
R224,P4,P07,B,CMP,2.0
R224,P4,P07,B,CSAT,5.0
R224,P4,P07,B,PI,4.5
R224,P5,P08,A,CSAT,3.0
R224,P5,P08,A,HL,5.0
R224,P5,P08,A,PI,4.5
R224,P5,P08,B,CSAT,4.0
R224,P5,P08,B,HL,4.0
R224,P5,P08,B,PI,4.5
R225,P1,P04,A,CMP,4.0
R225,P1,P04,A,HL,5.0
R225,P1,P04,A,PI,4.5
R225,P1,P04,B,CMP,5.0
R225,P1,P04,B,HL,4.0
R225,P1,P04,B,PI,3.5
R225,P2,P03,A,HL,4.0
R225,P2,P03,A,PI,5.0
R225,P2,P03,B,HL,4.0
R225,P2,P03,B,PI,4.5
R225,P3,P23,A,CMP,3.0
R225,P3,P23,A,CSAT,4.0
R225,P3,P23,A,PI,3.0
R225,P3,P23,B,CMP,5.0
R225,P3,P23,B,CSAT,3.0
R225,P3,P23,B,PI,5.0
R225,P4,P07,A,CMP,3.0
R225,P4,P07,A,CSAT,3.0
R225,P4,P07,A,PI,4.5
R225,P4,P07,B,CMP,3.0
R225,P4,P07,B,CSAT,3.0
R225,P4,P07,B,PI,3.5
R225,P5,P08,A,CSAT,4.0
R225,P5,P08,A,HL,3.0
R225,P5,P08,A,PI,4.5
R225,P5,P08,B,CSAT,3.0
R225,P5,P08,B,HL,5.0
R225,P5,P08,B,PI,3.0
R226,P1,P04,A,CMP,4.0
R226,P1,P04,A,HL,4.0
R226,P1,P04,A,PI,3.5
R226,P1,P04,B,CMP,5.0
R226,P1,P04,B,HL,4.0
R226,P1,P04,B,PI,4.0
R226,P2,P03,A,HL,3.0
R226,P2,P03,A,PI,3.0
R226,P2,P03,B,HL,1.0
R226,P2,P03,B,PI,5.0
R226,P3,P23,A,CMP,5.0
R226,P3,P23,A,CSAT,1.0
R226,P3,P23,A,PI,3.5
R226,P3,P23,B,CMP,1.0
R226,P3,P23,B,CSAT,5.0
R226,P3,P23,B,PI,4.0
R226,P4,P07,A,CMP,5.0
R226,P4,P07,A,CSAT,5.0
R226,P4,P07,A,PI,4.5
R226,P4,P07,B,CMP,2.0
R226,P4,P07,B,CSAT,5.0
R226,P4,P07,B,PI,4.0
R226,P5,P08,A,CSAT,5.0
R226,P5,P08,A,HL,3.0
R226,P5,P08,A,PI,3.5
R226,P5,P08,B,CSAT,5.0
R226,P5,P08,B,HL,3.0
R226,P5,P08,B,PI,4.5
R227,P1,P04,A,CMP,4.0
R227,P1,P04,A,HL,5.0
R227,P1,P04,A,PI,4.5
R227,P1,P04,B,CMP,4.0
R227,P1,P04,B,HL,5.0
R227,P1,P04,B,PI,3.5
R227,P2,P03,A,HL,5.0
R227,P2,P03,A,PI,3.0
R227,P2,P03,B,HL,5.0
R227,P2,P03,B,PI,3.0
R227,P3,P23,A,CMP,5.0
R227,P3,P23,A,CSAT,4.0
R227,P3,P23,A,PI,4.5
R227,P3,P23,B,CMP,4.0
R227,P3,P23,B,CSAT,4.0
R227,P3,P23,B,PI,4.0
R227,P4,P07,A,CMP,4.0
R227,P4,P07,A,CSAT,4.0
R227,P4,P07,A,PI,4.0
R227,P4,P07,B,CMP,2.0
R227,P4,P07,B,CSAT,2.0
R227,P4,P07,B,PI,3.0
R227,P5,P08,A,CSAT,2.0
R227,P5,P08,A,HL,4.0
R227,P5,P08,A,PI,4.0
R227,P5,P08,B,CSAT,5.0
R227,P5,P08,B,HL,4.0
R227,P5,P08,B,PI,5.0
R228,P1,P04,A,CMP,4.0
R228,P1,P04,A,HL,5.0
R228,P1,P04,A,PI,4.0
R228,P1,P04,B,CMP,3.0
R228,P1,P04,B,HL,4.0
R228,P1,P04,B,PI,4.5
R228,P2,P03,A,HL,5.0
R228,P2,P03,A,PI,3.0
R228,P2,P03,B,HL,5.0
R228,P2,P03,B,PI,5.0
R228,P3,P23,A,CMP,5.0
R228,P3,P23,A,CSAT,5.0
R228,P3,P23,A,PI,4.0
R228,P3,P23,B,CMP,5.0
R228,P3,P23,B,CSAT,5.0
R228,P3,P23,B,PI,3.0
R228,P4,P07,A,CMP,4.0
R228,P4,P07,A,CSAT,5.0
R228,P4,P07,A,PI,3.0
R228,P4,P07,B,CMP,3.0
R228,P4,P07,B,CSAT,5.0
R228,P4,P07,B,PI,4.0
R228,P5,P08,A,CSAT,2.0
R228,P5,P08,A,HL,4.0
R228,P5,P08,A,PI,3.5
R228,P5,P08,B,CSAT,3.0
R228,P5,P08,B,HL,4.0
R228,P5,P08,B,PI,4.0
R229,P1,P04,A,CMP,5.0
R229,P1,P04,A,HL,5.0
R229,P1,P04,A,PI,3.5
R229,P1,P04,B,CMP,5.0
R229,P1,P04,B,HL,2.0
R229,P1,P04,B,PI,4.0
R229,P2,P03,A,HL,5.0
R229,P2,P03,A,PI,4.0
R229,P2,P03,B,HL,4.0
R229,P2,P03,B,PI,4.5
R229,P3,P23,A,CMP,5.0
R229,P3,P23,A,CSAT,3.0
R229,P3,P23,A,PI,4.5
R229,P3,P23,B,CMP,5.0
R229,P3,P23,B,CSAT,4.0
R229,P3,P23,B,PI,3.5
R229,P4,P07,A,CMP,4.0
R229,P4,P07,A,CSAT,4.0
R229,P4,P07,A,PI,4.0
R229,P4,P07,B,CMP,4.0
R229,P4,P07,B,CSAT,5.0
R229,P4,P07,B,PI,3.0
R229,P5,P08,A,CSAT,5.0
R229,P5,P08,A,HL,5.0
R229,P5,P08,A,PI,4.0
R229,P5,P08,B,CSAT,5.0
R229,P5,P08,B,HL,5.0
R229,P5,P08,B,PI,4.5
R230,P1,P04,A,CMP,3.0
R230,P1,P04,A,HL,4.0
R230,P1,P04,A,PI,4.5
R230,P1,P04,B,CMP,4.0
R230,P1,P04,B,HL,5.0
R230,P1,P04,B,PI,3.5
R230,P2,P03,A,HL,4.0
R230,P2,P03,A,PI,4.0
R230,P2,P03,B,HL,3.0
R230,P2,P03,B,PI,3.5
R230,P3,P23,A,CMP,3.0
R230,P3,P23,A,CSAT,4.0
R230,P3,P23,A,PI,3.0
R230,P3,P23,B,CMP,5.0
R230,P3,P23,B,CSAT,4.0
R230,P3,P23,B,PI,5.0
R230,P4,P07,A,CMP,5.0
R230,P4,P07,A,CSAT,3.0
R230,P4,P07,A,PI,4.0
R230,P4,P07,B,CMP,4.0
R230,P4,P07,B,CSAT,5.0
R230,P4,P07,B,PI,4.0
R230,P5,P08,A,CSAT,3.0
R230,P5,P08,A,HL,4.0
R230,P5,P08,A,PI,4.0
R230,P5,P08,B,CSAT,5.0
R230,P5,P08,B,HL,5.0
R230,P5,P08,B,PI,4.5
R231,P1,P04,A,CMP,3.0
R231,P1,P04,A,HL,4.0
R231,P1,P04,A,PI,5.0
R231,P1,P04,B,CMP,5.0
R231,P1,P04,B,HL,5.0
R231,P1,P04,B,PI,4.0
R231,P2,P03,A,HL,3.0
R231,P2,P03,A,PI,3.0
R231,P2,P03,B,HL,5.0
R231,P2,P03,B,PI,3.5
R231,P3,P23,A,CMP,5.0
R231,P3,P23,A,CSAT,4.0
R231,P3,P23,A,PI,3.5
R231,P3,P23,B,CMP,5.0
R231,P3,P23,B,CSAT,4.0
R231,P3,P23,B,PI,4.5
R231,P4,P07,A,CMP,3.0
R231,P4,P07,A,CSAT,5.0
R231,P4,P07,A,PI,4.0
R231,P4,P07,B,CMP,2.0
R231,P4,P07,B,CSAT,4.0
R231,P4,P07,B,PI,3.0
R231,P5,P08,A,CSAT,3.0
R231,P5,P08,A,HL,4.0
R231,P5,P08,A,PI,4.5
R231,P5,P08,B,CSAT,4.0
R231,P5,P08,B,HL,5.0
R231,P5,P08,B,PI,3.0
R232,P1,P04,A,CMP,5.0
R232,P1,P04,A,HL,3.0
R232,P1,P04,A,PI,3.5
R232,P1,P04,B,CMP,2.0
R232,P1,P04,B,HL,5.0
R232,P1,P04,B,PI,4.0
R232,P2,P03,A,HL,4.0
R232,P2,P03,A,PI,3.5
R232,P2,P03,B,HL,4.0
R232,P2,P03,B,PI,4.5
R232,P3,P23,A,CMP,3.0
R232,P3,P23,A,CSAT,4.0
R232,P3,P23,A,PI,4.0
R232,P3,P23,B,CMP,5.0
R232,P3,P23,B,CSAT,5.0
R232,P3,P23,B,PI,4.5
R232,P4,P07,A,CMP,5.0
R232,P4,P07,A,CSAT,4.0
R232,P4,P07,A,PI,4.0
R232,P4,P07,B,CMP,4.0
R232,P4,P07,B,CSAT,2.0
R232,P4,P07,B,PI,3.0
R232,P5,P08,A,CSAT,5.0
R232,P5,P08,A,HL,4.0
R232,P5,P08,A,PI,4.5
R232,P5,P08,B,CSAT,4.0
R232,P5,P08,B,HL,4.0
R232,P5,P08,B,PI,2.5
R233,P1,P04,A,CMP,5.0
R233,P1,P04,A,HL,4.0
R233,P1,P04,A,PI,4.5
R233,P1,P04,B,CMP,3.0
R233,P1,P04,B,HL,5.0
R233,P1,P04,B,PI,4.0
R233,P2,P03,A,HL,4.0
R233,P2,P03,A,PI,5.0
R233,P2,P03,B,HL,3.0
R233,P2,P03,B,PI,4.0
R233,P3,P23,A,CMP,3.0
R233,P3,P23,A,CSAT,5.0
R233,P3,P23,A,PI,3.5
R233,P3,P23,B,CMP,4.0
R233,P3,P23,B,CSAT,3.0
R233,P3,P23,B,PI,3.5
R233,P4,P07,A,CMP,3.0
R233,P4,P07,A,CSAT,5.0
R233,P4,P07,A,PI,3.5
R233,P4,P07,B,CMP,4.0
R233,P4,P07,B,CSAT,5.0
R233,P4,P07,B,PI,4.5
R233,P5,P08,A,CSAT,5.0
R233,P5,P08,A,HL,4.0
R233,P5,P08,A,PI,5.0
R233,P5,P08,B,CSAT,5.0
R233,P5,P08,B,HL,5.0
R233,P5,P08,B,PI,4.0
R234,P1,P04,A,CMP,5.0
R234,P1,P04,A,HL,5.0
R234,P1,P04,A,PI,3.5
R234,P1,P04,B,CMP,5.0
R234,P1,P04,B,HL,4.0
R234,P1,P04,B,PI,3.5
R234,P2,P03,A,HL,5.0
R234,P2,P03,A,PI,5.0
R234,P2,P03,B,HL,4.0
R234,P2,P03,B,PI,4.0
R234,P3,P23,A,CMP,3.0
R234,P3,P23,A,CSAT,3.0
R234,P3,P23,A,PI,4.0
R234,P3,P23,B,CMP,3.0
R234,P3,P23,B,CSAT,3.0
R234,P3,P23,B,PI,3.5
R234,P4,P07,A,CMP,4.0
R234,P4,P07,A,CSAT,3.0
R234,P4,P07,A,PI,3.5
R234,P4,P07,B,CMP,4.0
R234,P4,P07,B,CSAT,5.0
R234,P4,P07,B,PI,5.0
R234,P5,P08,A,CSAT,4.0
R234,P5,P08,A,HL,4.0
R234,P5,P08,A,PI,4.5
R234,P5,P08,B,CSAT,5.0
R234,P5,P08,B,HL,5.0
R234,P5,P08,B,PI,3.5
R235,P1,P04,A,CMP,4.0
R235,P1,P04,A,HL,2.0
R235,P1,P04,A,PI,5.0
R235,P1,P04,B,CMP,3.0
R235,P1,P04,B,HL,5.0
R235,P1,P04,B,PI,3.5
R235,P2,P03,A,HL,4.0
R235,P2,P03,A,PI,3.5
R235,P2,P03,B,HL,5.0
R235,P2,P03,B,PI,4.5
R235,P3,P23,A,CMP,4.0
R235,P3,P23,A,CSAT,4.0
R235,P3,P23,A,PI,4.5
R235,P3,P23,B,CMP,4.0
R235,P3,P23,B,CSAT,3.0
R235,P3,P23,B,PI,5.0
R235,P4,P07,A,CMP,5.0
R235,P4,P07,A,CSAT,5.0
R235,P4,P07,A,PI,5.0
R235,P4,P07,B,CMP,2.0
R235,P4,P07,B,CSAT,4.0
R235,P4,P07,B,PI,3.5
R235,P5,P08,A,CSAT,4.0
R235,P5,P08,A,HL,5.0
R235,P5,P08,A,PI,3.5
R235,P5,P08,B,CSAT,4.0
R235,P5,P08,B,HL,4.0
R235,P5,P08,B,PI,4.0
R236,P1,P04,A,CMP,5.0
R236,P1,P04,A,HL,5.0
R236,P1,P04,A,PI,4.5
R236,P1,P04,B,CMP,4.0
R236,P1,P04,B,HL,4.0
R236,P1,P04,B,PI,4.0
R236,P2,P03,A,HL,5.0
R236,P2,P03,A,PI,4.0
R236,P2,P03,B,HL,4.0
R236,P2,P03,B,PI,2.5
R236,P3,P23,A,CMP,5.0
R236,P3,P23,A,CSAT,4.0
R236,P3,P23,A,PI,5.0
R236,P3,P23,B,CMP,5.0
R236,P3,P23,B,CSAT,5.0
R236,P3,P23,B,PI,3.5
R236,P4,P07,A,CMP,3.0
R236,P4,P07,A,CSAT,3.0
R236,P4,P07,A,PI,4.5
R236,P4,P07,B,CMP,3.0
R236,P4,P07,B,CSAT,4.0
R236,P4,P07,B,PI,4.0
R236,P5,P08,A,CSAT,5.0
R236,P5,P08,A,HL,5.0
R236,P5,P08,A,PI,4.0
R236,P5,P08,B,CSAT,3.0
R236,P5,P08,B,HL,5.0
R236,P5,P08,B,PI,3.5
R237,P1,P04,A,CMP,5.0
R237,P1,P04,A,HL,5.0
R237,P1,P04,A,PI,5.0
R237,P1,P04,B,CMP,3.0
R237,P1,P04,B,HL,5.0
R237,P1,P04,B,PI,5.0
R237,P2,P03,A,HL,3.0
R237,P2,P03,A,PI,4.5
R237,P2,P03,B,HL,5.0
R237,P2,P03,B,PI,4.0
R237,P3,P23,A,CMP,5.0
R237,P3,P23,A,CSAT,5.0
R237,P3,P23,A,PI,4.0
R237,P3,P23,B,CMP,4.0
R237,P3,P23,B,CSAT,5.0
R237,P3,P23,B,PI,4.0
R237,P4,P07,A,CMP,5.0
R237,P4,P07,A,CSAT,3.0
R237,P4,P07,A,PI,4.5
R237,P4,P07,B,CMP,3.0
R237,P4,P07,B,CSAT,4.0
R237,P4,P07,B,PI,4.0
R237,P5,P08,A,CSAT,2.0
R237,P5,P08,A,HL,4.0
R237,P5,P08,A,PI,4.5
R237,P5,P08,B,CSAT,1.0
R237,P5,P08,B,HL,4.0
R237,P5,P08,B,PI,4.0
R238,P1,P04,A,CMP,5.0
R238,P1,P04,A,HL,5.0
R238,P1,P04,A,PI,4.0
R238,P1,P04,B,CMP,3.0
R238,P1,P04,B,HL,4.0
R238,P1,P04,B,PI,4.5
R238,P2,P03,A,HL,4.0
R238,P2,P03,A,PI,5.0
R238,P2,P03,B,HL,5.0
R238,P2,P03,B,PI,4.0
R238,P3,P23,A,CMP,3.0
R238,P3,P23,A,CSAT,5.0
R238,P3,P23,A,PI,4.5
R238,P3,P23,B,CMP,3.0
R238,P3,P23,B,CSAT,4.0
R238,P3,P23,B,PI,4.5
R238,P4,P07,A,CMP,3.0
R238,P4,P07,A,CSAT,5.0
R238,P4,P07,A,PI,4.5
R238,P4,P07,B,CMP,4.0
R238,P4,P07,B,CSAT,4.0
R238,P4,P07,B,PI,3.5
R238,P5,P08,A,CSAT,3.0
R238,P5,P08,A,HL,4.0
R238,P5,P08,A,PI,4.5
R238,P5,P08,B,CSAT,3.0
R238,P5,P08,B,HL,4.0
R238,P5,P08,B,PI,4.0
R239,P1,P04,A,CMP,5.0
R239,P1,P04,A,HL,5.0
R239,P1,P04,A,PI,3.5
R239,P1,P04,B,CMP,5.0
R239,P1,P04,B,HL,5.0
R239,P1,P04,B,PI,4.5
R239,P2,P03,A,HL,5.0
R239,P2,P03,A,PI,3.0
R239,P2,P03,B,HL,4.0
R239,P2,P03,B,PI,4.0
R239,P3,P23,A,CMP,3.0
R239,P3,P23,A,CSAT,1.0
R239,P3,P23,A,PI,4.5
R239,P3,P23,B,CMP,5.0
R239,P3,P23,B,CSAT,5.0
R239,P3,P23,B,PI,3.5
R239,P4,P07,A,CMP,5.0
R239,P4,P07,A,CSAT,3.0
R239,P4,P07,A,PI,4.0
R239,P4,P07,B,CMP,2.0
R239,P4,P07,B,CSAT,5.0
R239,P4,P07,B,PI,3.5
R239,P5,P08,A,CSAT,4.0
R239,P5,P08,A,HL,3.0
R239,P5,P08,A,PI,3.5
R239,P5,P08,B,CSAT,4.0
R239,P5,P08,B,HL,3.0
R239,P5,P08,B,PI,4.0
R240,P1,P04,A,CMP,5.0
R240,P1,P04,A,HL,4.0
R240,P1,P04,A,PI,3.0
R240,P1,P04,B,CMP,3.0
R240,P1,P04,B,HL,3.0
R240,P1,P04,B,PI,3.0
R240,P2,P03,A,HL,4.0
R240,P2,P03,A,PI,5.0
R240,P2,P03,B,HL,2.0
R240,P2,P03,B,PI,4.0
R240,P3,P23,A,CMP,1.0
R240,P3,P23,A,CSAT,5.0
R240,P3,P23,A,PI,4.0
R240,P3,P23,B,CMP,3.0
R240,P3,P23,B,CSAT,5.0
R240,P3,P23,B,PI,3.5
R240,P4,P07,A,CMP,4.0
R240,P4,P07,A,CSAT,4.0
R240,P4,P07,A,PI,3.5
R240,P4,P07,B,CMP,4.0
R240,P4,P07,B,CSAT,4.0
R240,P4,P07,B,PI,4.0
R240,P5,P08,A,CSAT,5.0
R240,P5,P08,A,HL,4.0
R240,P5,P08,A,PI,5.0
R240,P5,P08,B,CSAT,5.0
R240,P5,P08,B,HL,5.0
R240,P5,P08,B,PI,3.5
R241,P1,P04,A,CMP,3.0
R241,P1,P04,A,HL,4.0
R241,P1,P04,A,PI,3.0
R241,P1,P04,B,CMP,5.0
R241,P1,P04,B,HL,5.0
R241,P1,P04,B,PI,5.0
R241,P2,P03,A,HL,5.0
R241,P2,P03,A,PI,4.5
R241,P2,P03,B,HL,5.0
R241,P2,P03,B,PI,4.0
R241,P3,P23,A,CMP,5.0
R241,P3,P23,A,CSAT,3.0
R241,P3,P23,A,PI,4.0
R241,P3,P23,B,CMP,4.0
R241,P3,P23,B,CSAT,4.0
R241,P3,P23,B,PI,4.5
R241,P4,P07,A,CMP,5.0
R241,P4,P07,A,CSAT,5.0
R241,P4,P07,A,PI,5.0
R241,P4,P07,B,CMP,2.0
R241,P4,P07,B,CSAT,5.0
R241,P4,P07,B,PI,4.5
R241,P5,P08,A,CSAT,4.0
R241,P5,P08,A,HL,2.0
R241,P5,P08,A,PI,4.0
R241,P5,P08,B,CSAT,4.0
R241,P5,P08,B,HL,4.0
R241,P5,P08,B,PI,5.0
R242,P1,P04,A,CMP,5.0
R242,P1,P04,A,HL,4.0
R242,P1,P04,A,PI,4.0
R242,P1,P04,B,CMP,4.0
R242,P1,P04,B,HL,4.0
R242,P1,P04,B,PI,3.0
R242,P2,P03,A,HL,4.0
R242,P2,P03,A,PI,5.0
R242,P2,P03,B,HL,4.0
R242,P2,P03,B,PI,4.0
R242,P3,P23,A,CMP,4.0
R242,P3,P23,A,CSAT,2.0
R242,P3,P23,A,PI,4.0
R242,P3,P23,B,CMP,3.0
R242,P3,P23,B,CSAT,3.0
R242,P3,P23,B,PI,5.0
R242,P4,P07,A,CMP,5.0
R242,P4,P07,A,CSAT,3.0
R242,P4,P07,A,PI,4.0
R242,P4,P07,B,CMP,2.0
R242,P4,P07,B,CSAT,5.0
R242,P4,P07,B,PI,4.0
R242,P5,P08,A,CSAT,5.0
R242,P5,P08,A,HL,4.0
R242,P5,P08,A,PI,5.0
R242,P5,P08,B,CSAT,2.0
R242,P5,P08,B,HL,5.0
R242,P5,P08,B,PI,4.5
R243,P1,P04,A,CMP,4.0
R243,P1,P04,A,HL,4.0
R243,P1,P04,A,PI,4.0
R243,P1,P04,B,CMP,5.0
R243,P1,P04,B,HL,3.0
R243,P1,P04,B,PI,4.0
R243,P2,P03,A,HL,5.0
R243,P2,P03,A,PI,4.0
R243,P2,P03,B,HL,5.0
R243,P2,P03,B,PI,5.0
R243,P3,P23,A,CMP,5.0
R243,P3,P23,A,CSAT,4.0
R243,P3,P23,A,PI,5.0
R243,P3,P23,B,CMP,4.0
R243,P3,P23,B,CSAT,3.0
R243,P3,P23,B,PI,4.5
R243,P4,P07,A,CMP,5.0
R243,P4,P07,A,CSAT,3.0
R243,P4,P07,A,PI,4.0
R243,P4,P07,B,CMP,4.0
R243,P4,P07,B,CSAT,4.0
R243,P4,P07,B,PI,3.0
R243,P5,P08,A,CSAT,4.0
R243,P5,P08,A,HL,4.0
R243,P5,P08,A,PI,4.0
R243,P5,P08,B,CSAT,5.0
R243,P5,P08,B,HL,5.0
R243,P5,P08,B,PI,4.5
R244,P1,P04,A,CMP,5.0
R244,P1,P04,A,HL,4.0
R244,P1,P04,A,PI,4.0
R244,P1,P04,B,CMP,5.0
R244,P1,P04,B,HL,4.0
R244,P1,P04,B,PI,4.5
R244,P2,P03,A,HL,5.0
R244,P2,P03,A,PI,5.0
R244,P2,P03,B,HL,4.0
R244,P2,P03,B,PI,3.5
R244,P3,P23,A,CMP,5.0
R244,P3,P23,A,CSAT,1.0
R244,P3,P23,A,PI,4.0
R244,P3,P23,B,CMP,3.0
R244,P3,P23,B,CSAT,4.0
R244,P3,P23,B,PI,3.0
R244,P4,P07,A,CMP,5.0
R244,P4,P07,A,CSAT,4.0
R244,P4,P07,A,PI,3.5
R244,P4,P07,B,CMP,3.0
R244,P4,P07,B,CSAT,5.0
R244,P4,P07,B,PI,4.5
R244,P5,P08,A,CSAT,5.0
R244,P5,P08,A,HL,4.0
R244,P5,P08,A,PI,4.0
R244,P5,P08,B,CSAT,3.0
R244,P5,P08,B,HL,3.0
R244,P5,P08,B,PI,4.0
R245,P1,P04,A,CMP,4.0
R245,P1,P04,A,HL,5.0
R245,P1,P04,A,PI,4.5
R245,P1,P04,B,CMP,5.0
R245,P1,P04,B,HL,5.0
R245,P1,P04,B,PI,5.0
R245,P2,P03,A,HL,5.0
R245,P2,P03,A,PI,3.0
R245,P2,P03,B,HL,5.0
R245,P2,P03,B,PI,3.0
R245,P3,P23,A,CMP,5.0
R245,P3,P23,A,CSAT,4.0
R245,P3,P23,A,PI,5.0
R245,P3,P23,B,CMP,4.0
R245,P3,P23,B,CSAT,3.0
R245,P3,P23,B,PI,3.0
R245,P4,P07,A,CMP,5.0
R245,P4,P07,A,CSAT,4.0
R245,P4,P07,A,PI,4.5
R245,P4,P07,B,CMP,3.0
R245,P4,P07,B,CSAT,4.0
R245,P4,P07,B,PI,4.0
R245,P5,P08,A,CSAT,4.0
R245,P5,P08,A,HL,5.0
R245,P5,P08,A,PI,5.0
R245,P5,P08,B,CSAT,4.0
R245,P5,P08,B,HL,4.0
R245,P5,P08,B,PI,4.0
R246,P1,P04,A,CMP,5.0
R246,P1,P04,A,HL,2.0
R246,P1,P04,A,PI,3.5
R246,P1,P04,B,CMP,3.0
R246,P1,P04,B,HL,3.0
R246,P1,P04,B,PI,4.5
R246,P2,P03,A,HL,4.0
R246,P2,P03,A,PI,4.0
R246,P2,P03,B,HL,4.0
R246,P2,P03,B,PI,3.0
R246,P3,P23,A,CMP,5.0
R246,P3,P23,A,CSAT,4.0
R246,P3,P23,A,PI,4.5
R246,P3,P23,B,CMP,3.0
R246,P3,P23,B,CSAT,4.0
R246,P3,P23,B,PI,5.0
R246,P4,P07,A,CMP,4.0
R246,P4,P07,A,CSAT,5.0
R246,P4,P07,A,PI,2.0
R246,P4,P07,B,CMP,4.0
R246,P4,P07,B,CSAT,4.0
R246,P4,P07,B,PI,2.5
R246,P5,P08,A,CSAT,3.0
R246,P5,P08,A,HL,5.0
R246,P5,P08,A,PI,4.0
R246,P5,P08,B,CSAT,3.0
R246,P5,P08,B,HL,4.0
R246,P5,P08,B,PI,4.0
R247,P1,P04,A,CMP,3.0
R247,P1,P04,A,HL,4.0
R247,P1,P04,A,PI,5.0
R247,P1,P04,B,CMP,5.0
R247,P1,P04,B,HL,4.0
R247,P1,P04,B,PI,5.0
R247,P2,P03,A,HL,3.0
R247,P2,P03,A,PI,4.0
R247,P2,P03,B,HL,4.0
R247,P2,P03,B,PI,3.0
R247,P3,P23,A,CMP,5.0
R247,P3,P23,A,CSAT,5.0
R247,P3,P23,A,PI,5.0
R247,P3,P23,B,CMP,5.0
R247,P3,P23,B,CSAT,3.0
R247,P3,P23,B,PI,3.5
R247,P4,P07,A,CMP,2.0
R247,P4,P07,A,CSAT,4.0
R247,P4,P07,A,PI,4.0
R247,P4,P07,B,CMP,2.0
R247,P4,P07,B,CSAT,3.0
R247,P4,P07,B,PI,3.0
R247,P5,P08,A,CSAT,4.0
R247,P5,P08,A,HL,5.0
R247,P5,P08,A,PI,3.5
R247,P5,P08,B,CSAT,5.0
R247,P5,P08,B,HL,5.0
R247,P5,P08,B,PI,4.0
R248,P1,P04,A,CMP,5.0
R248,P1,P04,A,HL,3.0
R248,P1,P04,A,PI,4.5
R248,P1,P04,B,CMP,4.0
R248,P1,P04,B,HL,5.0
R248,P1,P04,B,PI,4.0
R248,P2,P03,A,HL,5.0
R248,P2,P03,A,PI,4.5
R248,P2,P03,B,HL,4.0
R248,P2,P03,B,PI,4.5
R248,P3,P23,A,CMP,5.0
R248,P3,P23,A,CSAT,5.0
R248,P3,P23,A,PI,5.0
R248,P3,P23,B,CMP,4.0
R248,P3,P23,B,CSAT,3.0
R248,P3,P23,B,PI,4.0
R248,P4,P07,A,CMP,5.0
R248,P4,P07,A,CSAT,4.0
R248,P4,P07,A,PI,5.0
R248,P4,P07,B,CMP,4.0
R248,P4,P07,B,CSAT,5.0
R248,P4,P07,B,PI,4.0
R248,P5,P08,A,CSAT,4.0
R248,P5,P08,A,HL,5.0
R248,P5,P08,A,PI,4.0
R248,P5,P08,B,CSAT,3.0
R248,P5,P08,B,HL,5.0
R248,P5,P08,B,PI,4.0
R249,P1,P04,A,CMP,4.0
R249,P1,P04,A,HL,5.0
R249,P1,P04,A,PI,3.5
R249,P1,P04,B,CMP,2.0
R249,P1,P04,B,HL,4.0
R249,P1,P04,B,PI,3.5
R249,P2,P03,A,HL,4.0
R249,P2,P03,A,PI,4.0
R249,P2,P03,B,HL,4.0
R249,P2,P03,B,PI,5.0
R249,P3,P23,A,CMP,4.0
R249,P3,P23,A,CSAT,4.0
R249,P3,P23,A,PI,4.0
R249,P3,P23,B,CMP,5.0
R249,P3,P23,B,CSAT,4.0
R249,P3,P23,B,PI,4.0
R249,P4,P07,A,CMP,5.0
R249,P4,P07,A,CSAT,5.0
R249,P4,P07,A,PI,4.0
R249,P4,P07,B,CMP,2.0
R249,P4,P07,B,CSAT,5.0
R249,P4,P07,B,PI,4.0
R249,P5,P08,A,CSAT,5.0
R249,P5,P08,A,HL,4.0
R249,P5,P08,A,PI,5.0
R249,P5,P08,B,CSAT,5.0
R249,P5,P08,B,HL,5.0
R249,P5,P08,B,PI,4.0
R250,P1,P04,A,CMP,4.0
R250,P1,P04,A,HL,5.0
R250,P1,P04,A,PI,3.5
R250,P1,P04,B,CMP,5.0
R250,P1,P04,B,HL,3.0
R250,P1,P04,B,PI,4.5
R250,P2,P03,A,HL,5.0
R250,P2,P03,A,PI,1.5
R250,P2,P03,B,HL,3.0
R250,P2,P03,B,PI,3.5
R250,P3,P23,A,CMP,4.0
R250,P3,P23,A,CSAT,5.0
R250,P3,P23,A,PI,4.0
R250,P3,P23,B,CMP,5.0
R250,P3,P23,B,CSAT,3.0
R250,P3,P23,B,PI,5.0
R250,P4,P07,A,CMP,5.0
R250,P4,P07,A,CSAT,4.0
R250,P4,P07,A,PI,5.0
R250,P4,P07,B,CMP,2.0
R250,P4,P07,B,CSAT,5.0
R250,P4,P07,B,PI,4.0
R250,P5,P08,A,CSAT,5.0
R250,P5,P08,A,HL,5.0
R250,P5,P08,A,PI,5.0
R250,P5,P08,B,CSAT,4.0
R250,P5,P08,B,HL,5.0
R250,P5,P08,B,PI,4.0
R251,P1,P04,A,CMP,3.0
R251,P1,P04,A,HL,5.0
R251,P1,P04,A,PI,4.0
R251,P1,P04,B,CMP,5.0
R251,P1,P04,B,HL,4.0
R251,P1,P04,B,PI,3.0
R251,P2,P03,A,HL,4.0
R251,P2,P03,A,PI,4.0
R251,P2,P03,B,HL,3.0
R251,P2,P03,B,PI,4.0
R251,P3,P23,A,CMP,4.0
R251,P3,P23,A,CSAT,3.0
R251,P3,P23,A,PI,2.5
R251,P3,P23,B,CMP,4.0
R251,P3,P23,B,CSAT,5.0
R251,P3,P23,B,PI,3.5
R251,P4,P07,A,CMP,3.0
R251,P4,P07,A,CSAT,3.0
R251,P4,P07,A,PI,4.5
R251,P4,P07,B,CMP,2.0
R251,P4,P07,B,CSAT,5.0
R251,P4,P07,B,PI,2.5
R251,P5,P08,A,CSAT,5.0
R251,P5,P08,A,HL,5.0
R251,P5,P08,A,PI,4.5
R251,P5,P08,B,CSAT,3.0
R251,P5,P08,B,HL,5.0
R251,P5,P08,B,PI,3.0
R252,P1,P04,A,CMP,4.0
R252,P1,P04,A,HL,5.0
R252,P1,P04,A,PI,4.5
R252,P1,P04,B,CMP,5.0
R252,P1,P04,B,HL,3.0
R252,P1,P04,B,PI,4.0
R252,P2,P03,A,HL,5.0
R252,P2,P03,A,PI,2.5
R252,P2,P03,B,HL,5.0
R252,P2,P03,B,PI,5.0
R252,P3,P23,A,CMP,5.0
R252,P3,P23,A,CSAT,5.0
R252,P3,P23,A,PI,5.0
R252,P3,P23,B,CMP,3.0
R252,P3,P23,B,CSAT,5.0
R252,P3,P23,B,PI,5.0
R252,P4,P07,A,CMP,3.0
R252,P4,P07,A,CSAT,4.0
R252,P4,P07,A,PI,4.5
R252,P4,P07,B,CMP,4.0
R252,P4,P07,B,CSAT,5.0
R252,P4,P07,B,PI,5.0
R252,P5,P08,A,CSAT,5.0
R252,P5,P08,A,HL,4.0
R252,P5,P08,A,PI,4.5
R252,P5,P08,B,CSAT,5.0
R252,P5,P08,B,HL,5.0
R252,P5,P08,B,PI,3.5
R253,P1,P04,A,CMP,5.0
R253,P1,P04,A,HL,5.0
R253,P1,P04,A,PI,4.5
R253,P1,P04,B,CMP,5.0
R253,P1,P04,B,HL,5.0
R253,P1,P04,B,PI,5.0
R253,P2,P03,A,HL,5.0
R253,P2,P03,A,PI,3.5
R253,P2,P03,B,HL,4.0
R253,P2,P03,B,PI,3.0
R253,P3,P23,A,CMP,2.0
R253,P3,P23,A,CSAT,3.0
R253,P3,P23,A,PI,5.0
R253,P3,P23,B,CMP,5.0
R253,P3,P23,B,CSAT,4.0
R253,P3,P23,B,PI,4.0
R253,P4,P07,A,CMP,5.0
R253,P4,P07,A,CSAT,4.0
R253,P4,P07,A,PI,4.0
R253,P4,P07,B,CMP,4.0
R253,P4,P07,B,CSAT,5.0
R253,P4,P07,B,PI,5.0
R253,P5,P08,A,CSAT,4.0
R253,P5,P08,A,HL,5.0
R253,P5,P08,A,PI,3.5
R253,P5,P08,B,CSAT,4.0
R253,P5,P08,B,HL,4.0
R253,P5,P08,B,PI,4.5
R254,P1,P04,A,CMP,5.0
R254,P1,P04,A,HL,5.0
R254,P1,P04,A,PI,4.0
R254,P1,P04,B,CMP,5.0
R254,P1,P04,B,HL,5.0
R254,P1,P04,B,PI,4.5
R254,P2,P03,A,HL,2.0
R254,P2,P03,A,PI,3.0
R254,P2,P03,B,HL,5.0
R254,P2,P03,B,PI,4.5
R254,P3,P23,A,CMP,5.0
R254,P3,P23,A,CSAT,5.0
R254,P3,P23,A,PI,3.5
R254,P3,P23,B,CMP,3.0
R254,P3,P23,B,CSAT,4.0
R254,P3,P23,B,PI,4.0
R254,P4,P07,A,CMP,4.0
R254,P4,P07,A,CSAT,5.0
R254,P4,P07,A,PI,3.5
R254,P4,P07,B,CMP,4.0
R254,P4,P07,B,CSAT,4.0
R254,P4,P07,B,PI,4.0
R254,P5,P08,A,CSAT,4.0
R254,P5,P08,A,HL,4.0
R254,P5,P08,A,PI,3.0
R254,P5,P08,B,CSAT,4.0
R254,P5,P08,B,HL,3.0
R254,P5,P08,B,PI,3.5
R255,P1,P04,A,CMP,4.0
R255,P1,P04,A,HL,3.0
R255,P1,P04,A,PI,3.5
R255,P1,P04,B,CMP,5.0
R255,P1,P04,B,HL,5.0
R255,P1,P04,B,PI,2.0
R255,P2,P03,A,HL,5.0
R255,P2,P03,A,PI,4.0
R255,P2,P03,B,HL,3.0
R255,P2,P03,B,PI,3.5
R255,P3,P23,A,CMP,5.0
R255,P3,P23,A,CSAT,5.0
R255,P3,P23,A,PI,4.0
R255,P3,P23,B,CMP,4.0
R255,P3,P23,B,CSAT,3.0
R255,P3,P23,B,PI,4.0
R255,P4,P07,A,CMP,5.0
R255,P4,P07,A,CSAT,4.0
R255,P4,P07,A,PI,4.0
R255,P4,P07,B,CMP,2.0
R255,P4,P07,B,CSAT,5.0
R255,P4,P07,B,PI,3.5
R255,P5,P08,A,CSAT,5.0
R255,P5,P08,A,HL,4.0
R255,P5,P08,A,PI,4.5
R255,P5,P08,B,CSAT,5.0
R255,P5,P08,B,HL,3.0
R255,P5,P08,B,PI,3.0
R256,P1,P04,A,CMP,5.0
R256,P1,P04,A,HL,4.0
R256,P1,P04,A,PI,3.5
R256,P1,P04,B,CMP,5.0
R256,P1,P04,B,HL,5.0
R256,P1,P04,B,PI,4.5
R256,P2,P03,A,HL,5.0
R256,P2,P03,A,PI,5.0
R256,P2,P03,B,HL,3.0
R256,P2,P03,B,PI,4.5
R256,P3,P23,A,CMP,4.0
R256,P3,P23,A,CSAT,4.0
R256,P3,P23,A,PI,5.0
R256,P3,P23,B,CMP,4.0
R256,P3,P23,B,CSAT,4.0
R256,P3,P23,B,PI,5.0
R256,P4,P07,A,CMP,5.0
R256,P4,P07,A,CSAT,4.0
R256,P4,P07,A,PI,4.5
R256,P4,P07,B,CMP,4.0
R256,P4,P07,B,CSAT,4.0
R256,P4,P07,B,PI,4.0
R256,P5,P08,A,CSAT,5.0
R256,P5,P08,A,HL,3.0
R256,P5,P08,A,PI,4.5
R256,P5,P08,B,CSAT,5.0
R256,P5,P08,B,HL,5.0
R256,P5,P08,B,PI,3.5
R257,P1,P04,A,CMP,3.0
R257,P1,P04,A,HL,5.0
R257,P1,P04,A,PI,4.0
R257,P1,P04,B,CMP,5.0
R257,P1,P04,B,HL,5.0
R257,P1,P04,B,PI,4.5
R257,P2,P03,A,HL,5.0
R257,P2,P03,A,PI,4.5
R257,P2,P03,B,HL,1.0
R257,P2,P03,B,PI,4.5
R257,P3,P23,A,CMP,3.0
R257,P3,P23,A,CSAT,5.0
R257,P3,P23,A,PI,4.0
R257,P3,P23,B,CMP,4.0
R257,P3,P23,B,CSAT,4.0
R257,P3,P23,B,PI,4.5
R257,P4,P07,A,CMP,5.0
R257,P4,P07,A,CSAT,5.0
R257,P4,P07,A,PI,4.0
R257,P4,P07,B,CMP,2.0
R257,P4,P07,B,CSAT,3.0
R257,P4,P07,B,PI,4.0
R257,P5,P08,A,CSAT,4.0
R257,P5,P08,A,HL,4.0
R257,P5,P08,A,PI,4.0
R257,P5,P08,B,CSAT,4.0
R257,P5,P08,B,HL,5.0
R257,P5,P08,B,PI,2.0
R258,P1,P04,A,CMP,5.0
R258,P1,P04,A,HL,5.0
R258,P1,P04,A,PI,3.5
R258,P1,P04,B,CMP,4.0
R258,P1,P04,B,HL,5.0
R258,P1,P04,B,PI,2.5
R258,P2,P03,A,HL,5.0
R258,P2,P03,A,PI,5.0
R258,P2,P03,B,HL,5.0
R258,P2,P03,B,PI,3.0
R258,P3,P23,A,CMP,5.0
R258,P3,P23,A,CSAT,5.0
R258,P3,P23,A,PI,4.5
R258,P3,P23,B,CMP,3.0
R258,P3,P23,B,CSAT,5.0
R258,P3,P23,B,PI,5.0
R258,P4,P07,A,CMP,1.0
R258,P4,P07,A,CSAT,4.0
R258,P4,P07,A,PI,4.0
R258,P4,P07,B,CMP,4.0
R258,P4,P07,B,CSAT,5.0
R258,P4,P07,B,PI,3.0
R258,P5,P08,A,CSAT,5.0
R258,P5,P08,A,HL,4.0
R258,P5,P08,A,PI,3.0
R258,P5,P08,B,CSAT,4.0
R258,P5,P08,B,HL,4.0
R258,P5,P08,B,PI,3.5
R259,P1,P04,A,CMP,4.0
R259,P1,P04,A,HL,4.0
R259,P1,P04,A,PI,4.5
R259,P1,P04,B,CMP,5.0
R259,P1,P04,B,HL,5.0
R259,P1,P04,B,PI,3.5
R259,P2,P03,A,HL,5.0
R259,P2,P03,A,PI,4.0
R259,P2,P03,B,HL,3.0
R259,P2,P03,B,PI,4.0
R259,P3,P23,A,CMP,3.0
R259,P3,P23,A,CSAT,4.0
R259,P3,P23,A,PI,4.0
R259,P3,P23,B,CMP,4.0
R259,P3,P23,B,CSAT,3.0
R259,P3,P23,B,PI,4.0
R259,P4,P07,A,CMP,1.0
R259,P4,P07,A,CSAT,5.0
R259,P4,P07,A,PI,5.0
R259,P4,P07,B,CMP,3.0
R259,P4,P07,B,CSAT,5.0
R259,P4,P07,B,PI,4.0
R259,P5,P08,A,CSAT,5.0
R259,P5,P08,A,HL,3.0
R259,P5,P08,A,PI,4.0
R259,P5,P08,B,CSAT,1.0
R259,P5,P08,B,HL,5.0
R259,P5,P08,B,PI,3.5
R260,P1,P04,A,CMP,4.0
R260,P1,P04,A,HL,5.0
R260,P1,P04,A,PI,4.5
R260,P1,P04,B,CMP,4.0
R260,P1,P04,B,HL,4.0
R260,P1,P04,B,PI,3.5
R260,P2,P03,A,HL,5.0
R260,P2,P03,A,PI,5.0
R260,P2,P03,B,HL,4.0
R260,P2,P03,B,PI,3.5
R260,P3,P23,A,CMP,3.0
R260,P3,P23,A,CSAT,5.0
R260,P3,P23,A,PI,4.5
R260,P3,P23,B,CMP,4.0
R260,P3,P23,B,CSAT,3.0
R260,P3,P23,B,PI,4.5
R260,P4,P07,A,CMP,5.0
R260,P4,P07,A,CSAT,5.0
R260,P4,P07,A,PI,4.5
R260,P4,P07,B,CMP,2.0
R260,P4,P07,B,CSAT,5.0
R260,P4,P07,B,PI,3.0
R260,P5,P08,A,CSAT,5.0
R260,P5,P08,A,HL,4.0
R260,P5,P08,A,PI,5.0
R260,P5,P08,B,CSAT,4.0
R260,P5,P08,B,HL,4.0
R260,P5,P08,B,PI,4.0
R261,P1,P04,A,CMP,4.0
R261,P1,P04,A,HL,4.0
R261,P1,P04,A,PI,4.5
R261,P1,P04,B,CMP,5.0
R261,P1,P04,B,HL,5.0
R261,P1,P04,B,PI,2.5
R261,P2,P03,A,HL,3.0
R261,P2,P03,A,PI,4.5
R261,P2,P03,B,HL,5.0
R261,P2,P03,B,PI,4.0
R261,P3,P23,A,CMP,4.0
R261,P3,P23,A,CSAT,4.0
R261,P3,P23,A,PI,4.5
R261,P3,P23,B,CMP,5.0
R261,P3,P23,B,CSAT,4.0
R261,P3,P23,B,PI,5.0
R261,P4,P07,A,CMP,3.0
R261,P4,P07,A,CSAT,5.0
R261,P4,P07,A,PI,4.0
R261,P4,P07,B,CMP,2.0
R261,P4,P07,B,CSAT,4.0
R261,P4,P07,B,PI,5.0
R261,P5,P08,A,CSAT,3.0
R261,P5,P08,A,HL,4.0
R261,P5,P08,A,PI,3.0
R261,P5,P08,B,CSAT,4.0
R261,P5,P08,B,HL,3.0
R261,P5,P08,B,PI,3.0
R262,P1,P04,A,CMP,4.0
R262,P1,P04,A,HL,3.0
R262,P1,P04,A,PI,3.5
R262,P1,P04,B,CMP,3.0
R262,P1,P04,B,HL,5.0
R262,P1,P04,B,PI,4.0
R262,P2,P03,A,HL,5.0
R262,P2,P03,A,PI,5.0
R262,P2,P03,B,HL,4.0
R262,P2,P03,B,PI,5.0
R262,P3,P23,A,CMP,4.0
R262,P3,P23,A,CSAT,2.0
R262,P3,P23,A,PI,4.0
R262,P3,P23,B,CMP,5.0
R262,P3,P23,B,CSAT,3.0
R262,P3,P23,B,PI,3.0
R262,P4,P07,A,CMP,5.0
R262,P4,P07,A,CSAT,5.0
R262,P4,P07,A,PI,4.0
R262,P4,P07,B,CMP,2.0
R262,P4,P07,B,CSAT,5.0
R262,P4,P07,B,PI,4.0
R262,P5,P08,A,CSAT,5.0
R262,P5,P08,A,HL,4.0
R262,P5,P08,A,PI,4.5
R262,P5,P08,B,CSAT,5.0
R262,P5,P08,B,HL,5.0
R262,P5,P08,B,PI,4.0
R263,P1,P04,A,CMP,5.0
R263,P1,P04,A,HL,5.0
R263,P1,P04,A,PI,5.0
R263,P1,P04,B,CMP,4.0
R263,P1,P04,B,HL,3.0
R263,P1,P04,B,PI,3.5
R263,P2,P03,A,HL,5.0
R263,P2,P03,A,PI,3.5
R263,P2,P03,B,HL,4.0
R263,P2,P03,B,PI,3.0
R263,P3,P23,A,CMP,3.0
R263,P3,P23,A,CSAT,4.0
R263,P3,P23,A,PI,4.5
R263,P3,P23,B,CMP,5.0
R263,P3,P23,B,CSAT,3.0
R263,P3,P23,B,PI,3.5
R263,P4,P07,A,CMP,4.0
R263,P4,P07,A,CSAT,3.0
R263,P4,P07,A,PI,4.5
R263,P4,P07,B,CMP,2.0
R263,P4,P07,B,CSAT,3.0
R263,P4,P07,B,PI,4.0
R263,P5,P08,A,CSAT,4.0
R263,P5,P08,A,HL,4.0
R263,P5,P08,A,PI,5.0
R263,P5,P08,B,CSAT,5.0
R263,P5,P08,B,HL,5.0
R263,P5,P08,B,PI,3.5
R264,P1,P04,A,CMP,5.0
R264,P1,P04,A,HL,5.0
R264,P1,P04,A,PI,4.0
R264,P1,P04,B,CMP,5.0
R264,P1,P04,B,HL,4.0
R264,P1,P04,B,PI,4.5
R264,P2,P03,A,HL,5.0
R264,P2,P03,A,PI,4.5
R264,P2,P03,B,HL,3.0
R264,P2,P03,B,PI,4.0
R264,P3,P23,A,CMP,5.0
R264,P3,P23,A,CSAT,3.0
R264,P3,P23,A,PI,5.0
R264,P3,P23,B,CMP,2.0
R264,P3,P23,B,CSAT,3.0
R264,P3,P23,B,PI,4.0
R264,P4,P07,A,CMP,3.0
R264,P4,P07,A,CSAT,5.0
R264,P4,P07,A,PI,3.0
R264,P4,P07,B,CMP,3.0
R264,P4,P07,B,CSAT,5.0
R264,P4,P07,B,PI,3.0
R264,P5,P08,A,CSAT,5.0
R264,P5,P08,A,HL,5.0
R264,P5,P08,A,PI,4.5
R264,P5,P08,B,CSAT,5.0
R264,P5,P08,B,HL,4.0
R264,P5,P08,B,PI,4.0
R265,P1,P04,A,CMP,5.0
R265,P1,P04,A,HL,5.0
R265,P1,P04,A,PI,4.0
R265,P1,P04,B,CMP,3.0
R265,P1,P04,B,HL,3.0
R265,P1,P04,B,PI,3.0
R265,P2,P03,A,HL,4.0
R265,P2,P03,A,PI,4.0
R265,P2,P03,B,HL,3.0
R265,P2,P03,B,PI,4.5
R265,P3,P23,A,CMP,4.0
R265,P3,P23,A,CSAT,1.0
R265,P3,P23,A,PI,4.5
R265,P3,P23,B,CMP,4.0
R265,P3,P23,B,CSAT,5.0
R265,P3,P23,B,PI,4.5
R265,P4,P07,A,CMP,1.0
R265,P4,P07,A,CSAT,2.0
R265,P4,P07,A,PI,5.0
R265,P4,P07,B,CMP,2.0
R265,P4,P07,B,CSAT,2.0
R265,P4,P07,B,PI,4.5
R265,P5,P08,A,CSAT,2.0
R265,P5,P08,A,HL,2.0
R265,P5,P08,A,PI,4.5
R265,P5,P08,B,CSAT,3.0
R265,P5,P08,B,HL,4.0
R265,P5,P08,B,PI,3.5
R266,P1,P04,A,CMP,3.0
R266,P1,P04,A,HL,5.0
R266,P1,P04,A,PI,4.0
R266,P1,P04,B,CMP,4.0
R266,P1,P04,B,HL,4.0
R266,P1,P04,B,PI,4.0
R266,P2,P03,A,HL,3.0
R266,P2,P03,A,PI,4.0
R266,P2,P03,B,HL,4.0
R266,P2,P03,B,PI,5.0
R266,P3,P23,A,CMP,3.0
R266,P3,P23,A,CSAT,3.0
R266,P3,P23,A,PI,4.0
R266,P3,P23,B,CMP,5.0
R266,P3,P23,B,CSAT,5.0
R266,P3,P23,B,PI,4.5
R266,P4,P07,A,CMP,5.0
R266,P4,P07,A,CSAT,2.0
R266,P4,P07,A,PI,4.0
R266,P4,P07,B,CMP,4.0
R266,P4,P07,B,CSAT,5.0
R266,P4,P07,B,PI,3.5
R266,P5,P08,A,CSAT,5.0
R266,P5,P08,A,HL,3.0
R266,P5,P08,A,PI,4.0
R266,P5,P08,B,CSAT,3.0
R266,P5,P08,B,HL,4.0
R266,P5,P08,B,PI,4.0
R267,P1,P04,A,CMP,5.0
R267,P1,P04,A,HL,3.0
R267,P1,P04,A,PI,3.5
R267,P1,P04,B,CMP,3.0
R267,P1,P04,B,HL,5.0
R267,P1,P04,B,PI,4.0
R267,P2,P03,A,HL,5.0
R267,P2,P03,A,PI,4.0
R267,P2,P03,B,HL,4.0
R267,P2,P03,B,PI,5.0
R267,P3,P23,A,CMP,5.0
R267,P3,P23,A,CSAT,4.0
R267,P3,P23,A,PI,5.0
R267,P3,P23,B,CMP,5.0
R267,P3,P23,B,CSAT,3.0
R267,P3,P23,B,PI,4.5
R267,P4,P07,A,CMP,3.0
R267,P4,P07,A,CSAT,4.0
R267,P4,P07,A,PI,3.0
R267,P4,P07,B,CMP,4.0
R267,P4,P07,B,CSAT,5.0
R267,P4,P07,B,PI,3.5
R267,P5,P08,A,CSAT,3.0
R267,P5,P08,A,HL,5.0
R267,P5,P08,A,PI,4.5
R267,P5,P08,B,CSAT,4.0
R267,P5,P08,B,HL,3.0
R267,P5,P08,B,PI,3.5
R268,P1,P04,A,CMP,5.0
R268,P1,P04,A,HL,4.0
R268,P1,P04,A,PI,3.0
R268,P1,P04,B,CMP,3.0
R268,P1,P04,B,HL,5.0
R268,P1,P04,B,PI,4.0
R268,P2,P03,A,HL,3.0
R268,P2,P03,A,PI,4.5
R268,P2,P03,B,HL,4.0
R268,P2,P03,B,PI,5.0
R268,P3,P23,A,CMP,4.0
R268,P3,P23,A,CSAT,5.0
R268,P3,P23,A,PI,4.0
R268,P3,P23,B,CMP,3.0
R268,P3,P23,B,CSAT,3.0
R268,P3,P23,B,PI,3.5
R268,P4,P07,A,CMP,4.0
R268,P4,P07,A,CSAT,5.0
R268,P4,P07,A,PI,5.0
R268,P4,P07,B,CMP,3.0
R268,P4,P07,B,CSAT,3.0
R268,P4,P07,B,PI,5.0
R268,P5,P08,A,CSAT,4.0
R268,P5,P08,A,HL,4.0
R268,P5,P08,A,PI,3.5
R268,P5,P08,B,CSAT,5.0
R268,P5,P08,B,HL,5.0
R268,P5,P08,B,PI,3.0
R269,P1,P04,A,CMP,3.0
R269,P1,P04,A,HL,5.0
R269,P1,P04,A,PI,4.0
R269,P1,P04,B,CMP,5.0
R269,P1,P04,B,HL,5.0
R269,P1,P04,B,PI,2.5
R269,P2,P03,A,HL,5.0
R269,P2,P03,A,PI,4.0
R269,P2,P03,B,HL,1.0
R269,P2,P03,B,PI,4.0
R269,P3,P23,A,CMP,5.0
R269,P3,P23,A,CSAT,5.0
R269,P3,P23,A,PI,3.5
R269,P3,P23,B,CMP,5.0
R269,P3,P23,B,CSAT,5.0
R269,P3,P23,B,PI,5.0
R269,P4,P07,A,CMP,4.0
R269,P4,P07,A,CSAT,4.0
R269,P4,P07,A,PI,4.5
R269,P4,P07,B,CMP,4.0
R269,P4,P07,B,CSAT,5.0
R269,P4,P07,B,PI,2.0
R269,P5,P08,A,CSAT,3.0
R269,P5,P08,A,HL,4.0
R269,P5,P08,A,PI,5.0
R269,P5,P08,B,CSAT,5.0
R269,P5,P08,B,HL,5.0
R269,P5,P08,B,PI,2.5
R270,P1,P04,A,CMP,3.0
R270,P1,P04,A,HL,5.0
R270,P1,P04,A,PI,4.0
R270,P1,P04,B,CMP,5.0
R270,P1,P04,B,HL,5.0
R270,P1,P04,B,PI,3.5
R270,P2,P03,A,HL,3.0
R270,P2,P03,A,PI,4.0
R270,P2,P03,B,HL,5.0
R270,P2,P03,B,PI,5.0
R270,P3,P23,A,CMP,5.0
R270,P3,P23,A,CSAT,5.0
R270,P3,P23,A,PI,4.5
R270,P3,P23,B,CMP,3.0
R270,P3,P23,B,CSAT,3.0
R270,P3,P23,B,PI,4.5
R270,P4,P07,A,CMP,4.0
R270,P4,P07,A,CSAT,4.0
R270,P4,P07,A,PI,4.0
R270,P4,P07,B,CMP,2.0
R270,P4,P07,B,CSAT,5.0
R270,P4,P07,B,PI,4.5
R270,P5,P08,A,CSAT,5.0
R270,P5,P08,A,HL,3.0
R270,P5,P08,A,PI,5.0
R270,P5,P08,B,CSAT,5.0
R270,P5,P08,B,HL,3.0
R270,P5,P08,B,PI,4.0
R271,P1,P04,A,CMP,5.0
R271,P1,P04,A,HL,5.0
R271,P1,P04,A,PI,4.0
R271,P1,P04,B,CMP,5.0
R271,P1,P04,B,HL,3.0
R271,P1,P04,B,PI,5.0
R271,P2,P03,A,HL,4.0
R271,P2,P03,A,PI,5.0
R271,P2,P03,B,HL,5.0
R271,P2,P03,B,PI,5.0
R271,P3,P23,A,CMP,4.0
R271,P3,P23,A,CSAT,3.0
R271,P3,P23,A,PI,5.0
R271,P3,P23,B,CMP,4.0
R271,P3,P23,B,CSAT,3.0
R271,P3,P23,B,PI,4.0
R271,P4,P07,A,CMP,3.0
R271,P4,P07,A,CSAT,5.0
R271,P4,P07,A,PI,5.0
R271,P4,P07,B,CMP,3.0
R271,P4,P07,B,CSAT,4.0
R271,P4,P07,B,PI,4.5
R271,P5,P08,A,CSAT,2.0
R271,P5,P08,A,HL,4.0
R271,P5,P08,A,PI,5.0
R271,P5,P08,B,CSAT,3.0
R271,P5,P08,B,HL,3.0
R271,P5,P08,B,PI,3.0
R272,P1,P04,A,CMP,2.0
R272,P1,P04,A,HL,3.0
R272,P1,P04,A,PI,5.0
R272,P1,P04,B,CMP,4.0
R272,P1,P04,B,HL,3.0
R272,P1,P04,B,PI,3.0
R272,P2,P03,A,HL,3.0
R272,P2,P03,A,PI,4.5
R272,P2,P03,B,HL,4.0
R272,P2,P03,B,PI,4.0
R272,P3,P23,A,CMP,3.0
R272,P3,P23,A,CSAT,4.0
R272,P3,P23,A,PI,4.5
R272,P3,P23,B,CMP,5.0
R272,P3,P23,B,CSAT,3.0
R272,P3,P23,B,PI,4.5
R272,P4,P07,A,CMP,5.0
R272,P4,P07,A,CSAT,5.0
R272,P4,P07,A,PI,4.5
R272,P4,P07,B,CMP,2.0
R272,P4,P07,B,CSAT,3.0
R272,P4,P07,B,PI,3.0
R272,P5,P08,A,CSAT,5.0
R272,P5,P08,A,HL,2.0
R272,P5,P08,A,PI,3.5
R272,P5,P08,B,CSAT,5.0
R272,P5,P08,B,HL,5.0
R272,P5,P08,B,PI,5.0
R273,P1,P04,A,CMP,5.0
R273,P1,P04,A,HL,3.0
R273,P1,P04,A,PI,4.5
R273,P1,P04,B,CMP,2.0
R273,P1,P04,B,HL,4.0
R273,P1,P04,B,PI,3.5
R273,P2,P03,A,HL,2.0
R273,P2,P03,A,PI,5.0
R273,P2,P03,B,HL,4.0
R273,P2,P03,B,PI,3.0
R273,P3,P23,A,CMP,5.0
R273,P3,P23,A,CSAT,3.0
R273,P3,P23,A,PI,3.0
R273,P3,P23,B,CMP,5.0
R273,P3,P23,B,CSAT,3.0
R273,P3,P23,B,PI,5.0
R273,P4,P07,A,CMP,4.0
R273,P4,P07,A,CSAT,4.0
R273,P4,P07,A,PI,4.5
R273,P4,P07,B,CMP,3.0
R273,P4,P07,B,CSAT,4.0
R273,P4,P07,B,PI,4.5
R273,P5,P08,A,CSAT,4.0
R273,P5,P08,A,HL,4.0
R273,P5,P08,A,PI,4.5
R273,P5,P08,B,CSAT,4.0
R273,P5,P08,B,HL,5.0
R273,P5,P08,B,PI,4.0
R274,P1,P04,A,CMP,5.0
R274,P1,P04,A,HL,5.0
R274,P1,P04,A,PI,4.5
R274,P1,P04,B,CMP,5.0
R274,P1,P04,B,HL,4.0
R274,P1,P04,B,PI,4.5
R274,P2,P03,A,HL,4.0
R274,P2,P03,A,PI,3.0
R274,P2,P03,B,HL,5.0
R274,P2,P03,B,PI,5.0
R274,P3,P23,A,CMP,3.0
R274,P3,P23,A,CSAT,5.0
R274,P3,P23,A,PI,4.5
R274,P3,P23,B,CMP,4.0
R274,P3,P23,B,CSAT,5.0
R274,P3,P23,B,PI,4.5
R274,P4,P07,A,CMP,4.0
R274,P4,P07,A,CSAT,3.0
R274,P4,P07,A,PI,4.5
R274,P4,P07,B,CMP,2.0
R274,P4,P07,B,CSAT,5.0
R274,P4,P07,B,PI,4.5
R274,P5,P08,A,CSAT,3.0
R274,P5,P08,A,HL,4.0
R274,P5,P08,A,PI,5.0
R274,P5,P08,B,CSAT,5.0
R274,P5,P08,B,HL,4.0
R274,P5,P08,B,PI,4.5
R275,P1,P04,A,CMP,3.0
R275,P1,P04,A,HL,4.0
R275,P1,P04,A,PI,3.5
R275,P1,P04,B,CMP,4.0
R275,P1,P04,B,HL,5.0
R275,P1,P04,B,PI,3.5
R275,P2,P03,A,HL,4.0
R275,P2,P03,A,PI,4.5
R275,P2,P03,B,HL,5.0
R275,P2,P03,B,PI,4.5
R275,P3,P23,A,CMP,3.0
R275,P3,P23,A,CSAT,5.0
R275,P3,P23,A,PI,3.5
R275,P3,P23,B,CMP,1.0
R275,P3,P23,B,CSAT,4.0
R275,P3,P23,B,PI,4.0
R275,P4,P07,A,CMP,4.0
R275,P4,P07,A,CSAT,5.0
R275,P4,P07,A,PI,4.0
R275,P4,P07,B,CMP,2.0
R275,P4,P07,B,CSAT,5.0
R275,P4,P07,B,PI,4.5
R275,P5,P08,A,CSAT,5.0
R275,P5,P08,A,HL,2.0
R275,P5,P08,A,PI,4.5
R275,P5,P08,B,CSAT,3.0
R275,P5,P08,B,HL,4.0
R275,P5,P08,B,PI,3.5
R276,P1,P04,A,CMP,3.0
R276,P1,P04,A,HL,3.0
R276,P1,P04,A,PI,5.0
R276,P1,P04,B,CMP,4.0
R276,P1,P04,B,HL,3.0
R276,P1,P04,B,PI,4.5
R276,P2,P03,A,HL,4.0
R276,P2,P03,A,PI,4.0
R276,P2,P03,B,HL,4.0
R276,P2,P03,B,PI,3.0
R276,P3,P23,A,CMP,4.0
R276,P3,P23,A,CSAT,3.0
R276,P3,P23,A,PI,3.0
R276,P3,P23,B,CMP,5.0
R276,P3,P23,B,CSAT,5.0
R276,P3,P23,B,PI,4.5
R276,P4,P07,A,CMP,5.0
R276,P4,P07,A,CSAT,4.0
R276,P4,P07,A,PI,5.0
R276,P4,P07,B,CMP,2.0
R276,P4,P07,B,CSAT,5.0
R276,P4,P07,B,PI,4.5
R276,P5,P08,A,CSAT,4.0
R276,P5,P08,A,HL,4.0
R276,P5,P08,A,PI,4.0
R276,P5,P08,B,CSAT,5.0
R276,P5,P08,B,HL,5.0
R276,P5,P08,B,PI,5.0
R277,P1,P04,A,CMP,5.0
R277,P1,P04,A,HL,2.0
R277,P1,P04,A,PI,3.5
R277,P1,P04,B,CMP,4.0
R277,P1,P04,B,HL,4.0
R277,P1,P04,B,PI,5.0
R277,P2,P03,A,HL,3.0
R277,P2,P03,A,PI,4.0
R277,P2,P03,B,HL,5.0
R277,P2,P03,B,PI,4.0
R277,P3,P23,A,CMP,5.0
R277,P3,P23,A,CSAT,4.0
R277,P3,P23,A,PI,3.5
R277,P3,P23,B,CMP,3.0
R277,P3,P23,B,CSAT,4.0
R277,P3,P23,B,PI,4.0
R277,P4,P07,A,CMP,4.0
R277,P4,P07,A,CSAT,4.0
R277,P4,P07,A,PI,4.5
R277,P4,P07,B,CMP,4.0
R277,P4,P07,B,CSAT,5.0
R277,P4,P07,B,PI,3.5
R277,P5,P08,A,CSAT,4.0
R277,P5,P08,A,HL,3.0
R277,P5,P08,A,PI,5.0
R277,P5,P08,B,CSAT,3.0
R277,P5,P08,B,HL,5.0
R277,P5,P08,B,PI,4.0
R278,P1,P04,A,CMP,5.0
R278,P1,P04,A,HL,5.0
R278,P1,P04,A,PI,4.5
R278,P1,P04,B,CMP,4.0
R278,P1,P04,B,HL,4.0
R278,P1,P04,B,PI,2.5
R278,P2,P03,A,HL,4.0
R278,P2,P03,A,PI,4.5
R278,P2,P03,B,HL,1.0
R278,P2,P03,B,PI,4.5
R278,P3,P23,A,CMP,3.0
R278,P3,P23,A,CSAT,3.0
R278,P3,P23,A,PI,4.5
R278,P3,P23,B,CMP,5.0
R278,P3,P23,B,CSAT,4.0
R278,P3,P23,B,PI,3.5
R278,P4,P07,A,CMP,5.0
R278,P4,P07,A,CSAT,5.0
R278,P4,P07,A,PI,4.0
R278,P4,P07,B,CMP,4.0
R278,P4,P07,B,CSAT,5.0
R278,P4,P07,B,PI,4.0
R278,P5,P08,A,CSAT,4.0
R278,P5,P08,A,HL,4.0
R278,P5,P08,A,PI,5.0
R278,P5,P08,B,CSAT,3.0
R278,P5,P08,B,HL,4.0
R278,P5,P08,B,PI,4.5
R279,P1,P04,A,CMP,4.0
R279,P1,P04,A,HL,4.0
R279,P1,P04,A,PI,4.5
R279,P1,P04,B,CMP,4.0
R279,P1,P04,B,HL,4.0
R279,P1,P04,B,PI,5.0
R279,P2,P03,A,HL,4.0
R279,P2,P03,A,PI,3.0
R279,P2,P03,B,HL,3.0
R279,P2,P03,B,PI,4.5
R279,P3,P23,A,CMP,4.0
R279,P3,P23,A,CSAT,5.0
R279,P3,P23,A,PI,3.0
R279,P3,P23,B,CMP,5.0
R279,P3,P23,B,CSAT,5.0
R279,P3,P23,B,PI,4.0
R279,P4,P07,A,CMP,3.0
R279,P4,P07,A,CSAT,4.0
R279,P4,P07,A,PI,4.5
R279,P4,P07,B,CMP,4.0
R279,P4,P07,B,CSAT,5.0
R279,P4,P07,B,PI,5.0
R279,P5,P08,A,CSAT,5.0
R279,P5,P08,A,HL,4.0
R279,P5,P08,A,PI,3.5
R279,P5,P08,B,CSAT,5.0
R279,P5,P08,B,HL,5.0
R279,P5,P08,B,PI,4.0
R280,P1,P04,A,CMP,4.0
R280,P1,P04,A,HL,4.0
R280,P1,P04,A,PI,5.0
R280,P1,P04,B,CMP,5.0
R280,P1,P04,B,HL,5.0
R280,P1,P04,B,PI,2.0
R280,P2,P03,A,HL,2.0
R280,P2,P03,A,PI,5.0
R280,P2,P03,B,HL,4.0
R280,P2,P03,B,PI,4.5
R280,P3,P23,A,CMP,3.0
R280,P3,P23,A,CSAT,4.0
R280,P3,P23,A,PI,4.5
R280,P3,P23,B,CMP,5.0
R280,P3,P23,B,CSAT,3.0
R280,P3,P23,B,PI,4.0
R280,P4,P07,A,CMP,5.0
R280,P4,P07,A,CSAT,4.0
R280,P4,P07,A,PI,3.5
R280,P4,P07,B,CMP,2.0
R280,P4,P07,B,CSAT,3.0
R280,P4,P07,B,PI,3.0
R280,P5,P08,A,CSAT,5.0
R280,P5,P08,A,HL,5.0
R280,P5,P08,A,PI,4.5
R280,P5,P08,B,CSAT,5.0
R280,P5,P08,B,HL,4.0
R280,P5,P08,B,PI,3.0
R281,P1,P04,A,CMP,1.0
R281,P1,P04,A,HL,2.0
R281,P1,P04,A,PI,4.0
R281,P1,P04,B,CMP,4.0
R281,P1,P04,B,HL,5.0
R281,P1,P04,B,PI,3.0
R281,P2,P03,A,HL,5.0
R281,P2,P03,A,PI,4.5
R281,P2,P03,B,HL,5.0
R281,P2,P03,B,PI,2.5
R281,P3,P23,A,CMP,5.0
R281,P3,P23,A,CSAT,4.0
R281,P3,P23,A,PI,3.5
R281,P3,P23,B,CMP,5.0
R281,P3,P23,B,CSAT,3.0
R281,P3,P23,B,PI,4.5
R281,P4,P07,A,CMP,3.0
R281,P4,P07,A,CSAT,3.0
R281,P4,P07,A,PI,5.0
R281,P4,P07,B,CMP,3.0
R281,P4,P07,B,CSAT,5.0
R281,P4,P07,B,PI,3.0
R281,P5,P08,A,CSAT,3.0
R281,P5,P08,A,HL,4.0
R281,P5,P08,A,PI,4.5
R281,P5,P08,B,CSAT,4.0
R281,P5,P08,B,HL,5.0
R281,P5,P08,B,PI,4.0
R282,P1,P04,A,CMP,4.0
R282,P1,P04,A,HL,5.0
R282,P1,P04,A,PI,4.5
R282,P1,P04,B,CMP,4.0
R282,P1,P04,B,HL,5.0
R282,P1,P04,B,PI,3.5
R282,P2,P03,A,HL,4.0
R282,P2,P03,A,PI,4.5
R282,P2,P03,B,HL,5.0
R282,P2,P03,B,PI,5.0
R282,P3,P23,A,CMP,5.0
R282,P3,P23,A,CSAT,5.0
R282,P3,P23,A,PI,4.5
R282,P3,P23,B,CMP,5.0
R282,P3,P23,B,CSAT,5.0
R282,P3,P23,B,PI,4.5
R282,P4,P07,A,CMP,5.0
R282,P4,P07,A,CSAT,5.0
R282,P4,P07,A,PI,4.5
R282,P4,P07,B,CMP,3.0
R282,P4,P07,B,CSAT,5.0
R282,P4,P07,B,PI,4.5
R282,P5,P08,A,CSAT,2.0
R282,P5,P08,A,HL,3.0
R282,P5,P08,A,PI,4.5
R282,P5,P08,B,CSAT,3.0
R282,P5,P08,B,HL,3.0
R282,P5,P08,B,PI,2.5
R283,P1,P04,A,CMP,5.0
R283,P1,P04,A,HL,5.0
R283,P1,P04,A,PI,4.0
R283,P1,P04,B,CMP,3.0
R283,P1,P04,B,HL,3.0
R283,P1,P04,B,PI,4.0
R283,P2,P03,A,HL,4.0
R283,P2,P03,A,PI,4.5
R283,P2,P03,B,HL,5.0
R283,P2,P03,B,PI,4.0
R283,P3,P23,A,CMP,5.0
R283,P3,P23,A,CSAT,4.0
R283,P3,P23,A,PI,4.0
R283,P3,P23,B,CMP,5.0
R283,P3,P23,B,CSAT,4.0
R283,P3,P23,B,PI,3.5
R283,P4,P07,A,CMP,1.0
R283,P4,P07,A,CSAT,3.0
R283,P4,P07,A,PI,4.0
R283,P4,P07,B,CMP,4.0
R283,P4,P07,B,CSAT,4.0
R283,P4,P07,B,PI,3.0
R283,P5,P08,A,CSAT,4.0
R283,P5,P08,A,HL,5.0
R283,P5,P08,A,PI,4.0
R283,P5,P08,B,CSAT,5.0
R283,P5,P08,B,HL,5.0
R283,P5,P08,B,PI,3.5
R284,P1,P04,A,CMP,5.0
R284,P1,P04,A,HL,4.0
R284,P1,P04,A,PI,4.5
R284,P1,P04,B,CMP,5.0
R284,P1,P04,B,HL,5.0
R284,P1,P04,B,PI,3.0
R284,P2,P03,A,HL,5.0
R284,P2,P03,A,PI,4.5
R284,P2,P03,B,HL,4.0
R284,P2,P03,B,PI,4.5
R284,P3,P23,A,CMP,3.0
R284,P3,P23,A,CSAT,3.0
R284,P3,P23,A,PI,3.5
R284,P3,P23,B,CMP,4.0
R284,P3,P23,B,CSAT,3.0
R284,P3,P23,B,PI,4.5
R284,P4,P07,A,CMP,4.0
R284,P4,P07,A,CSAT,4.0
R284,P4,P07,A,PI,4.0
R284,P4,P07,B,CMP,3.0
R284,P4,P07,B,CSAT,5.0
R284,P4,P07,B,PI,4.0
R284,P5,P08,A,CSAT,4.0
R284,P5,P08,A,HL,4.0
R284,P5,P08,A,PI,4.0
R284,P5,P08,B,CSAT,3.0
R284,P5,P08,B,HL,5.0
R284,P5,P08,B,PI,3.5
R285,P1,P04,A,CMP,3.0
R285,P1,P04,A,HL,4.0
R285,P1,P04,A,PI,4.0
R285,P1,P04,B,CMP,5.0
R285,P1,P04,B,HL,5.0
R285,P1,P04,B,PI,5.0
R285,P2,P03,A,HL,5.0
R285,P2,P03,A,PI,4.0
R285,P2,P03,B,HL,5.0
R285,P2,P03,B,PI,4.0
R285,P3,P23,A,CMP,5.0
R285,P3,P23,A,CSAT,4.0
R285,P3,P23,A,PI,4.5
R285,P3,P23,B,CMP,4.0
R285,P3,P23,B,CSAT,4.0
R285,P3,P23,B,PI,4.5
R285,P4,P07,A,CMP,5.0
R285,P4,P07,A,CSAT,5.0
R285,P4,P07,A,PI,4.0
R285,P4,P07,B,CMP,3.0
R285,P4,P07,B,CSAT,4.0
R285,P4,P07,B,PI,3.0
R285,P5,P08,A,CSAT,4.0
R285,P5,P08,A,HL,1.0
R285,P5,P08,A,PI,3.5
R285,P5,P08,B,CSAT,4.0
R285,P5,P08,B,HL,5.0
R285,P5,P08,B,PI,4.0
R286,P1,P04,A,CMP,3.0
R286,P1,P04,A,HL,2.0
R286,P1,P04,A,PI,5.0
R286,P1,P04,B,CMP,5.0
R286,P1,P04,B,HL,5.0
R286,P1,P04,B,PI,4.5
R286,P2,P03,A,HL,3.0
R286,P2,P03,A,PI,5.0
R286,P2,P03,B,HL,3.0
R286,P2,P03,B,PI,3.5
R286,P3,P23,A,CMP,5.0
R286,P3,P23,A,CSAT,4.0
R286,P3,P23,A,PI,4.5
R286,P3,P23,B,CMP,5.0
R286,P3,P23,B,CSAT,3.0
R286,P3,P23,B,PI,4.0
R286,P4,P07,A,CMP,5.0
R286,P4,P07,A,CSAT,4.0
R286,P4,P07,A,PI,4.0
R286,P4,P07,B,CMP,2.0
R286,P4,P07,B,CSAT,5.0
R286,P4,P07,B,PI,4.0
R286,P5,P08,A,CSAT,3.0
R286,P5,P08,A,HL,4.0
R286,P5,P08,A,PI,4.5
R286,P5,P08,B,CSAT,5.0
R286,P5,P08,B,HL,5.0
R286,P5,P08,B,PI,4.5
R287,P1,P04,A,CMP,5.0
R287,P1,P04,A,HL,4.0
R287,P1,P04,A,PI,4.5
R287,P1,P04,B,CMP,5.0
R287,P1,P04,B,HL,4.0
R287,P1,P04,B,PI,3.5
R287,P2,P03,A,HL,4.0
R287,P2,P03,A,PI,3.0
R287,P2,P03,B,HL,5.0
R287,P2,P03,B,PI,5.0
R287,P3,P23,A,CMP,5.0
R287,P3,P23,A,CSAT,4.0
R287,P3,P23,A,PI,4.0
R287,P3,P23,B,CMP,5.0
R287,P3,P23,B,CSAT,3.0
R287,P3,P23,B,PI,5.0
R287,P4,P07,A,CMP,5.0
R287,P4,P07,A,CSAT,3.0
R287,P4,P07,A,PI,4.5
R287,P4,P07,B,CMP,2.0
R287,P4,P07,B,CSAT,5.0
R287,P4,P07,B,PI,4.5
R287,P5,P08,A,CSAT,4.0
R287,P5,P08,A,HL,5.0
R287,P5,P08,A,PI,5.0
R287,P5,P08,B,CSAT,1.0
R287,P5,P08,B,HL,3.0
R287,P5,P08,B,PI,3.0
R288,P1,P04,A,CMP,4.0
R288,P1,P04,A,HL,4.0
R288,P1,P04,A,PI,5.0
R288,P1,P04,B,CMP,4.0
R288,P1,P04,B,HL,5.0
R288,P1,P04,B,PI,4.5
R288,P2,P03,A,HL,5.0
R288,P2,P03,A,PI,3.0
R288,P2,P03,B,HL,3.0
R288,P2,P03,B,PI,4.0
R288,P3,P23,A,CMP,4.0
R288,P3,P23,A,CSAT,5.0
R288,P3,P23,A,PI,4.0
R288,P3,P23,B,CMP,5.0
R288,P3,P23,B,CSAT,5.0
R288,P3,P23,B,PI,3.5
R288,P4,P07,A,CMP,5.0
R288,P4,P07,A,CSAT,4.0
R288,P4,P07,A,PI,4.0
R288,P4,P07,B,CMP,4.0
R288,P4,P07,B,CSAT,5.0
R288,P4,P07,B,PI,5.0
R288,P5,P08,A,CSAT,5.0
R288,P5,P08,A,HL,5.0
R288,P5,P08,A,PI,5.0
R288,P5,P08,B,CSAT,5.0
R288,P5,P08,B,HL,3.0
R288,P5,P08,B,PI,4.0
R289,P1,P04,A,CMP,5.0
R289,P1,P04,A,HL,5.0
R289,P1,P04,A,PI,4.5
R289,P1,P04,B,CMP,4.0
R289,P1,P04,B,HL,5.0
R289,P1,P04,B,PI,4.5
R289,P2,P03,A,HL,1.0
R289,P2,P03,A,PI,4.0
R289,P2,P03,B,HL,3.0
R289,P2,P03,B,PI,3.5
R289,P3,P23,A,CMP,4.0
R289,P3,P23,A,CSAT,4.0
R289,P3,P23,A,PI,5.0
R289,P3,P23,B,CMP,3.0
R289,P3,P23,B,CSAT,3.0
R289,P3,P23,B,PI,5.0
R289,P4,P07,A,CMP,5.0
R289,P4,P07,A,CSAT,4.0
R289,P4,P07,A,PI,4.5
R289,P4,P07,B,CMP,4.0
R289,P4,P07,B,CSAT,5.0
R289,P4,P07,B,PI,5.0
R289,P5,P08,A,CSAT,3.0
R289,P5,P08,A,HL,4.0
R289,P5,P08,A,PI,4.0
R289,P5,P08,B,CSAT,3.0
R289,P5,P08,B,HL,3.0
R289,P5,P08,B,PI,4.5
R290,P1,P04,A,CMP,5.0
R290,P1,P04,A,HL,3.0
R290,P1,P04,A,PI,3.5
R290,P1,P04,B,CMP,5.0
R290,P1,P04,B,HL,4.0
R290,P1,P04,B,PI,4.5
R290,P2,P03,A,HL,3.0
R290,P2,P03,A,PI,5.0
R290,P2,P03,B,HL,4.0
R290,P2,P03,B,PI,4.5
R290,P3,P23,A,CMP,5.0
R290,P3,P23,A,CSAT,5.0
R290,P3,P23,A,PI,4.5
R290,P3,P23,B,CMP,3.0
R290,P3,P23,B,CSAT,4.0
R290,P3,P23,B,PI,4.5
R290,P4,P07,A,CMP,2.0
R290,P4,P07,A,CSAT,4.0
R290,P4,P07,A,PI,4.0
R290,P4,P07,B,CMP,2.0
R290,P4,P07,B,CSAT,2.0
R290,P4,P07,B,PI,2.0
R290,P5,P08,A,CSAT,4.0
R290,P5,P08,A,HL,4.0
R290,P5,P08,A,PI,4.0
R290,P5,P08,B,CSAT,5.0
R290,P5,P08,B,HL,5.0
R290,P5,P08,B,PI,3.5
R291,P1,P04,A,CMP,5.0
R291,P1,P04,A,HL,5.0
R291,P1,P04,A,PI,5.0
R291,P1,P04,B,CMP,4.0
R291,P1,P04,B,HL,4.0
R291,P1,P04,B,PI,3.0
R291,P2,P03,A,HL,5.0
R291,P2,P03,A,PI,5.0
R291,P2,P03,B,HL,4.0
R291,P2,P03,B,PI,4.0
R291,P3,P23,A,CMP,5.0
R291,P3,P23,A,CSAT,5.0
R291,P3,P23,A,PI,4.0
R291,P3,P23,B,CMP,2.0
R291,P3,P23,B,CSAT,3.0
R291,P3,P23,B,PI,3.5
R291,P4,P07,A,CMP,5.0
R291,P4,P07,A,CSAT,3.0
R291,P4,P07,A,PI,4.5
R291,P4,P07,B,CMP,3.0
R291,P4,P07,B,CSAT,5.0
R291,P4,P07,B,PI,4.5
R291,P5,P08,A,CSAT,5.0
R291,P5,P08,A,HL,3.0
R291,P5,P08,A,PI,4.5
R291,P5,P08,B,CSAT,4.0
R291,P5,P08,B,HL,5.0
R291,P5,P08,B,PI,5.0
R292,P1,P04,A,CMP,4.0
R292,P1,P04,A,HL,5.0
R292,P1,P04,A,PI,3.0
R292,P1,P04,B,CMP,5.0
R292,P1,P04,B,HL,2.0
R292,P1,P04,B,PI,3.5
R292,P2,P03,A,HL,5.0
R292,P2,P03,A,PI,5.0
R292,P2,P03,B,HL,4.0
R292,P2,P03,B,PI,5.0
R292,P3,P23,A,CMP,5.0
R292,P3,P23,A,CSAT,4.0
R292,P3,P23,A,PI,5.0
R292,P3,P23,B,CMP,5.0
R292,P3,P23,B,CSAT,4.0
R292,P3,P23,B,PI,4.5
R292,P4,P07,A,CMP,5.0
R292,P4,P07,A,CSAT,3.0
R292,P4,P07,A,PI,4.5
R292,P4,P07,B,CMP,4.0
R292,P4,P07,B,CSAT,5.0
R292,P4,P07,B,PI,4.5
R292,P5,P08,A,CSAT,1.0
R292,P5,P08,A,HL,3.0
R292,P5,P08,A,PI,4.0
R292,P5,P08,B,CSAT,4.0
R292,P5,P08,B,HL,5.0
R292,P5,P08,B,PI,3.5
R293,P1,P04,A,CMP,5.0
R293,P1,P04,A,HL,4.0
R293,P1,P04,A,PI,4.0
R293,P1,P04,B,CMP,5.0
R293,P1,P04,B,HL,3.0
R293,P1,P04,B,PI,3.5
R293,P2,P03,A,HL,5.0
R293,P2,P03,A,PI,4.0
R293,P2,P03,B,HL,4.0
R293,P2,P03,B,PI,3.5
R293,P3,P23,A,CMP,4.0
R293,P3,P23,A,CSAT,4.0
R293,P3,P23,A,PI,3.5
R293,P3,P23,B,CMP,5.0
R293,P3,P23,B,CSAT,3.0
R293,P3,P23,B,PI,4.5
R293,P4,P07,A,CMP,4.0
R293,P4,P07,A,CSAT,5.0
R293,P4,P07,A,PI,3.5
R293,P4,P07,B,CMP,2.0
R293,P4,P07,B,CSAT,5.0
R293,P4,P07,B,PI,3.5
R293,P5,P08,A,CSAT,5.0
R293,P5,P08,A,HL,3.0
R293,P5,P08,A,PI,5.0
R293,P5,P08,B,CSAT,5.0
R293,P5,P08,B,HL,5.0
R293,P5,P08,B,PI,3.0
R294,P1,P04,A,CMP,4.0
R294,P1,P04,A,HL,4.0
R294,P1,P04,A,PI,5.0
R294,P1,P04,B,CMP,3.0
R294,P1,P04,B,HL,4.0
R294,P1,P04,B,PI,3.0
R294,P2,P03,A,HL,3.0
R294,P2,P03,A,PI,4.5
R294,P2,P03,B,HL,3.0
R294,P2,P03,B,PI,4.5
R294,P3,P23,A,CMP,5.0
R294,P3,P23,A,CSAT,5.0
R294,P3,P23,A,PI,4.0
R294,P3,P23,B,CMP,5.0
R294,P3,P23,B,CSAT,3.0
R294,P3,P23,B,PI,4.5
R294,P4,P07,A,CMP,5.0
R294,P4,P07,A,CSAT,4.0
R294,P4,P07,A,PI,4.5
R294,P4,P07,B,CMP,2.0
R294,P4,P07,B,CSAT,2.0
R294,P4,P07,B,PI,4.0
R294,P5,P08,A,CSAT,3.0
R294,P5,P08,A,HL,5.0
R294,P5,P08,A,PI,2.5
R294,P5,P08,B,CSAT,5.0
R294,P5,P08,B,HL,4.0
R294,P5,P08,B,PI,5.0
R295,P1,P04,A,CMP,4.0
R295,P1,P04,A,HL,4.0
R295,P1,P04,A,PI,5.0
R295,P1,P04,B,CMP,5.0
R295,P1,P04,B,HL,4.0
R295,P1,P04,B,PI,4.0
R295,P2,P03,A,HL,4.0
R295,P2,P03,A,PI,3.0
R295,P2,P03,B,HL,5.0
R295,P2,P03,B,PI,4.5
R295,P3,P23,A,CMP,5.0
R295,P3,P23,A,CSAT,5.0
R295,P3,P23,A,PI,4.5
R295,P3,P23,B,CMP,5.0
R295,P3,P23,B,CSAT,3.0
R295,P3,P23,B,PI,4.5
R295,P4,P07,A,CMP,4.0
R295,P4,P07,A,CSAT,3.0
R295,P4,P07,A,PI,4.5
R295,P4,P07,B,CMP,4.0
R295,P4,P07,B,CSAT,5.0
R295,P4,P07,B,PI,4.0
R295,P5,P08,A,CSAT,5.0
R295,P5,P08,A,HL,4.0
R295,P5,P08,A,PI,4.5
R295,P5,P08,B,CSAT,5.0
R295,P5,P08,B,HL,4.0
R295,P5,P08,B,PI,4.0
R296,P1,P04,A,CMP,5.0
R296,P1,P04,A,HL,3.0
R296,P1,P04,A,PI,4.5
R296,P1,P04,B,CMP,5.0
R296,P1,P04,B,HL,2.0
R296,P1,P04,B,PI,4.5
R296,P2,P03,A,HL,5.0
R296,P2,P03,A,PI,4.5
R296,P2,P03,B,HL,5.0
R296,P2,P03,B,PI,5.0
R296,P3,P23,A,CMP,3.0
R296,P3,P23,A,CSAT,3.0
R296,P3,P23,A,PI,3.5
R296,P3,P23,B,CMP,4.0
R296,P3,P23,B,CSAT,5.0
R296,P3,P23,B,PI,4.0
R296,P4,P07,A,CMP,3.0
R296,P4,P07,A,CSAT,3.0
R296,P4,P07,A,PI,5.0
R296,P4,P07,B,CMP,4.0
R296,P4,P07,B,CSAT,5.0
R296,P4,P07,B,PI,3.5
R296,P5,P08,A,CSAT,5.0
R296,P5,P08,A,HL,5.0
R296,P5,P08,A,PI,4.0
R296,P5,P08,B,CSAT,5.0
R296,P5,P08,B,HL,5.0
R296,P5,P08,B,PI,4.5
R297,P1,P04,A,CMP,4.0
R297,P1,P04,A,HL,4.0
R297,P1,P04,A,PI,5.0
R297,P1,P04,B,CMP,5.0
R297,P1,P04,B,HL,5.0
R297,P1,P04,B,PI,2.0
R297,P2,P03,A,HL,4.0
R297,P2,P03,A,PI,4.5
R297,P2,P03,B,HL,3.0
R297,P2,P03,B,PI,3.5
R297,P3,P23,A,CMP,5.0
R297,P3,P23,A,CSAT,5.0
R297,P3,P23,A,PI,4.0
R297,P3,P23,B,CMP,3.0
R297,P3,P23,B,CSAT,3.0
R297,P3,P23,B,PI,4.0
R297,P4,P07,A,CMP,5.0
R297,P4,P07,A,CSAT,5.0
R297,P4,P07,A,PI,3.0
R297,P4,P07,B,CMP,2.0
R297,P4,P07,B,CSAT,5.0
R297,P4,P07,B,PI,4.0
R297,P5,P08,A,CSAT,2.0
R297,P5,P08,A,HL,5.0
R297,P5,P08,A,PI,4.0
R297,P5,P08,B,CSAT,5.0
R297,P5,P08,B,HL,5.0
R297,P5,P08,B,PI,4.5
R298,P1,P04,A,CMP,5.0
R298,P1,P04,A,HL,4.0
R298,P1,P04,A,PI,4.0
R298,P1,P04,B,CMP,3.0
R298,P1,P04,B,HL,5.0
R298,P1,P04,B,PI,5.0
R298,P2,P03,A,HL,5.0
R298,P2,P03,A,PI,3.5
R298,P2,P03,B,HL,4.0
R298,P2,P03,B,PI,3.5
R298,P3,P23,A,CMP,4.0
R298,P3,P23,A,CSAT,4.0
R298,P3,P23,A,PI,4.5
R298,P3,P23,B,CMP,4.0
R298,P3,P23,B,CSAT,2.0
R298,P3,P23,B,PI,4.0
R298,P4,P07,A,CMP,5.0
R298,P4,P07,A,CSAT,5.0
R298,P4,P07,A,PI,3.5
R298,P4,P07,B,CMP,2.0
R298,P4,P07,B,CSAT,5.0
R298,P4,P07,B,PI,4.5
R298,P5,P08,A,CSAT,2.0
R298,P5,P08,A,HL,3.0
R298,P5,P08,A,PI,4.0
R298,P5,P08,B,CSAT,5.0
R298,P5,P08,B,HL,4.0
R298,P5,P08,B,PI,2.5
R299,P1,P04,A,CMP,5.0
R299,P1,P04,A,HL,3.0
R299,P1,P04,A,PI,4.5
R299,P1,P04,B,CMP,5.0
R299,P1,P04,B,HL,3.0
R299,P1,P04,B,PI,5.0
R299,P2,P03,A,HL,2.0
R299,P2,P03,A,PI,5.0
R299,P2,P03,B,HL,3.0
R299,P2,P03,B,PI,3.0
R299,P3,P23,A,CMP,1.0
R299,P3,P23,A,CSAT,5.0
R299,P3,P23,A,PI,5.0
R299,P3,P23,B,CMP,5.0
R299,P3,P23,B,CSAT,3.0
R299,P3,P23,B,PI,3.5
R299,P4,P07,A,CMP,5.0
R299,P4,P07,A,CSAT,3.0
R299,P4,P07,A,PI,4.0
R299,P4,P07,B,CMP,4.0
R299,P4,P07,B,CSAT,5.0
R299,P4,P07,B,PI,3.5
R299,P5,P08,A,CSAT,4.0
R299,P5,P08,A,HL,5.0
R299,P5,P08,A,PI,4.5
R299,P5,P08,B,CSAT,4.0
R299,P5,P08,B,HL,4.0
R299,P5,P08,B,PI,3.0
R300,P1,P04,A,CMP,2.0
R300,P1,P04,A,HL,4.0
R300,P1,P04,A,PI,5.0
R300,P1,P04,B,CMP,3.0
R300,P1,P04,B,HL,5.0
R300,P1,P04,B,PI,4.5
R300,P2,P03,A,HL,4.0
R300,P2,P03,A,PI,4.5
R300,P2,P03,B,HL,4.0
R300,P2,P03,B,PI,4.0
R300,P3,P23,A,CMP,5.0
R300,P3,P23,A,CSAT,3.0
R300,P3,P23,A,PI,4.0
R300,P3,P23,B,CMP,5.0
R300,P3,P23,B,CSAT,3.0
R300,P3,P23,B,PI,3.5
R300,P4,P07,A,CMP,5.0
R300,P4,P07,A,CSAT,3.0
R300,P4,P07,A,PI,3.0
R300,P4,P07,B,CMP,2.0
R300,P4,P07,B,CSAT,4.0
R300,P4,P07,B,PI,5.0
R300,P5,P08,A,CSAT,4.0
R300,P5,P08,A,HL,5.0
R300,P5,P08,A,PI,5.0
R300,P5,P08,B,CSAT,5.0
R300,P5,P08,B,HL,5.0
R300,P5,P08,B,PI,4.0
R301,P1,P04,A,CMP,5.0
R301,P1,P04,A,HL,5.0
R301,P1,P04,A,PI,4.0
R301,P1,P04,B,CMP,5.0
R301,P1,P04,B,HL,3.0
R301,P1,P04,B,PI,5.0
R301,P2,P03,A,HL,5.0
R301,P2,P03,A,PI,3.0
R301,P2,P03,B,HL,5.0
R301,P2,P03,B,PI,4.5
R301,P3,P23,A,CMP,4.0
R301,P3,P23,A,CSAT,4.0
R301,P3,P23,A,PI,4.5
R301,P3,P23,B,CMP,3.0
R301,P3,P23,B,CSAT,3.0
R301,P3,P23,B,PI,4.0
R301,P4,P07,A,CMP,5.0
R301,P4,P07,A,CSAT,4.0
R301,P4,P07,A,PI,4.5
R301,P4,P07,B,CMP,4.0
R301,P4,P07,B,CSAT,4.0
R301,P4,P07,B,PI,4.0
R301,P5,P08,A,CSAT,5.0
R301,P5,P08,A,HL,5.0
R301,P5,P08,A,PI,4.5
R301,P5,P08,B,CSAT,5.0
R301,P5,P08,B,HL,3.0
R301,P5,P08,B,PI,4.0
R302,P1,P04,A,CMP,3.0
R302,P1,P04,A,HL,4.0
R302,P1,P04,A,PI,3.5
R302,P1,P04,B,CMP,5.0
R302,P1,P04,B,HL,5.0
R302,P1,P04,B,PI,3.5
R302,P2,P03,A,HL,3.0
R302,P2,P03,A,PI,4.0
R302,P2,P03,B,HL,3.0
R302,P2,P03,B,PI,4.0
R302,P3,P23,A,CMP,5.0
R302,P3,P23,A,CSAT,5.0
R302,P3,P23,A,PI,4.5
R302,P3,P23,B,CMP,5.0
R302,P3,P23,B,CSAT,4.0
R302,P3,P23,B,PI,4.0
R302,P4,P07,A,CMP,4.0
R302,P4,P07,A,CSAT,4.0
R302,P4,P07,A,PI,4.0
R302,P4,P07,B,CMP,2.0
R302,P4,P07,B,CSAT,4.0
R302,P4,P07,B,PI,5.0
R302,P5,P08,A,CSAT,5.0
R302,P5,P08,A,HL,4.0
R302,P5,P08,A,PI,4.0
R302,P5,P08,B,CSAT,4.0
R302,P5,P08,B,HL,3.0
R302,P5,P08,B,PI,3.5
R303,P1,P04,A,CMP,4.0
R303,P1,P04,A,HL,5.0
R303,P1,P04,A,PI,4.5
R303,P1,P04,B,CMP,5.0
R303,P1,P04,B,HL,5.0
R303,P1,P04,B,PI,2.5
R303,P2,P03,A,HL,4.0
R303,P2,P03,A,PI,5.0
R303,P2,P03,B,HL,5.0
R303,P2,P03,B,PI,3.0
R303,P3,P23,A,CMP,5.0
R303,P3,P23,A,CSAT,4.0
R303,P3,P23,A,PI,5.0
R303,P3,P23,B,CMP,3.0
R303,P3,P23,B,CSAT,5.0
R303,P3,P23,B,PI,4.0
R303,P4,P07,A,CMP,3.0
R303,P4,P07,A,CSAT,5.0
R303,P4,P07,A,PI,4.0
R303,P4,P07,B,CMP,4.0
R303,P4,P07,B,CSAT,4.0
R303,P4,P07,B,PI,4.5
R303,P5,P08,A,CSAT,5.0
R303,P5,P08,A,HL,2.0
R303,P5,P08,A,PI,4.0
R303,P5,P08,B,CSAT,5.0
R303,P5,P08,B,HL,4.0
R303,P5,P08,B,PI,2.5
R304,P1,P04,A,CMP,5.0
R304,P1,P04,A,HL,4.0
R304,P1,P04,A,PI,3.0
R304,P1,P04,B,CMP,4.0
R304,P1,P04,B,HL,3.0
R304,P1,P04,B,PI,4.5
R304,P2,P03,A,HL,5.0
R304,P2,P03,A,PI,4.0
R304,P2,P03,B,HL,1.0
R304,P2,P03,B,PI,4.5
R304,P3,P23,A,CMP,4.0
R304,P3,P23,A,CSAT,3.0
R304,P3,P23,A,PI,3.5
R304,P3,P23,B,CMP,2.0
R304,P3,P23,B,CSAT,4.0
R304,P3,P23,B,PI,3.5
R304,P4,P07,A,CMP,5.0
R304,P4,P07,A,CSAT,3.0
R304,P4,P07,A,PI,4.5
R304,P4,P07,B,CMP,2.0
R304,P4,P07,B,CSAT,3.0
R304,P4,P07,B,PI,4.0
R304,P5,P08,A,CSAT,5.0
R304,P5,P08,A,HL,4.0
R304,P5,P08,A,PI,5.0
R304,P5,P08,B,CSAT,5.0
R304,P5,P08,B,HL,3.0
R304,P5,P08,B,PI,3.5
R305,P1,P04,A,CMP,5.0
R305,P1,P04,A,HL,5.0
R305,P1,P04,A,PI,5.0
R305,P1,P04,B,CMP,3.0
R305,P1,P04,B,HL,5.0
R305,P1,P04,B,PI,3.5
R305,P2,P03,A,HL,5.0
R305,P2,P03,A,PI,4.0
R305,P2,P03,B,HL,5.0
R305,P2,P03,B,PI,5.0
R305,P3,P23,A,CMP,3.0
R305,P3,P23,A,CSAT,5.0
R305,P3,P23,A,PI,3.5
R305,P3,P23,B,CMP,5.0
R305,P3,P23,B,CSAT,5.0
R305,P3,P23,B,PI,4.0
R305,P4,P07,A,CMP,5.0
R305,P4,P07,A,CSAT,5.0
R305,P4,P07,A,PI,5.0
R305,P4,P07,B,CMP,3.0
R305,P4,P07,B,CSAT,3.0
R305,P4,P07,B,PI,4.0
R305,P5,P08,A,CSAT,5.0
R305,P5,P08,A,HL,4.0
R305,P5,P08,A,PI,3.0
R305,P5,P08,B,CSAT,5.0
R305,P5,P08,B,HL,4.0
R305,P5,P08,B,PI,4.5
R306,P1,P04,A,CMP,4.0
R306,P1,P04,A,HL,4.0
R306,P1,P04,A,PI,4.5
R306,P1,P04,B,CMP,5.0
R306,P1,P04,B,HL,5.0
R306,P1,P04,B,PI,4.0
R306,P2,P03,A,HL,3.0
R306,P2,P03,A,PI,5.0
R306,P2,P03,B,HL,4.0
R306,P2,P03,B,PI,4.0
R306,P3,P23,A,CMP,4.0
R306,P3,P23,A,CSAT,5.0
R306,P3,P23,A,PI,3.5
R306,P3,P23,B,CMP,5.0
R306,P3,P23,B,CSAT,3.0
R306,P3,P23,B,PI,4.0
R306,P4,P07,A,CMP,3.0
R306,P4,P07,A,CSAT,1.0
R306,P4,P07,A,PI,5.0
R306,P4,P07,B,CMP,5.0
R306,P4,P07,B,CSAT,4.0
R306,P4,P07,B,PI,3.5
R306,P5,P08,A,CSAT,3.0
R306,P5,P08,A,HL,4.0
R306,P5,P08,A,PI,2.5
R306,P5,P08,B,CSAT,5.0
R306,P5,P08,B,HL,4.0
R306,P5,P08,B,PI,2.5
R307,P1,P04,A,CMP,4.0
R307,P1,P04,A,HL,1.0
R307,P1,P04,A,PI,3.0
R307,P1,P04,B,CMP,2.0
R307,P1,P04,B,HL,5.0
R307,P1,P04,B,PI,4.5
R307,P2,P03,A,HL,5.0
R307,P2,P03,A,PI,4.5
R307,P2,P03,B,HL,3.0
R307,P2,P03,B,PI,3.5
R307,P3,P23,A,CMP,4.0
R307,P3,P23,A,CSAT,5.0
R307,P3,P23,A,PI,4.0
R307,P3,P23,B,CMP,4.0
R307,P3,P23,B,CSAT,3.0
R307,P3,P23,B,PI,3.5
R307,P4,P07,A,CMP,4.0
R307,P4,P07,A,CSAT,4.0
R307,P4,P07,A,PI,4.0
R307,P4,P07,B,CMP,2.0
R307,P4,P07,B,CSAT,5.0
R307,P4,P07,B,PI,4.5
R307,P5,P08,A,CSAT,3.0
R307,P5,P08,A,HL,4.0
R307,P5,P08,A,PI,4.0
R307,P5,P08,B,CSAT,5.0
R307,P5,P08,B,HL,5.0
R307,P5,P08,B,PI,4.0
R308,P1,P04,A,CMP,5.0
R308,P1,P04,A,HL,4.0
R308,P1,P04,A,PI,5.0
R308,P1,P04,B,CMP,4.0
R308,P1,P04,B,HL,5.0
R308,P1,P04,B,PI,1.0
R308,P2,P03,A,HL,4.0
R308,P2,P03,A,PI,5.0
R308,P2,P03,B,HL,5.0
R308,P2,P03,B,PI,4.5
R308,P3,P23,A,CMP,4.0
R308,P3,P23,A,CSAT,3.0
R308,P3,P23,A,PI,2.5
R308,P3,P23,B,CMP,3.0
R308,P3,P23,B,CSAT,4.0
R308,P3,P23,B,PI,3.0
R308,P4,P07,A,CMP,5.0
R308,P4,P07,A,CSAT,5.0
R308,P4,P07,A,PI,3.0
R308,P4,P07,B,CMP,4.0
R308,P4,P07,B,CSAT,3.0
R308,P4,P07,B,PI,2.5
R308,P5,P08,A,CSAT,4.0
R308,P5,P08,A,HL,2.0
R308,P5,P08,A,PI,3.0
R308,P5,P08,B,CSAT,5.0
R308,P5,P08,B,HL,4.0
R308,P5,P08,B,PI,5.0
R309,P1,P04,A,CMP,5.0
R309,P1,P04,A,HL,4.0
R309,P1,P04,A,PI,4.5
R309,P1,P04,B,CMP,5.0
R309,P1,P04,B,HL,5.0
R309,P1,P04,B,PI,5.0
R309,P2,P03,A,HL,5.0
R309,P2,P03,A,PI,5.0
R309,P2,P03,B,HL,4.0
R309,P2,P03,B,PI,4.5
R309,P3,P23,A,CMP,4.0
R309,P3,P23,A,CSAT,4.0
R309,P3,P23,A,PI,5.0
R309,P3,P23,B,CMP,3.0
R309,P3,P23,B,CSAT,3.0
R309,P3,P23,B,PI,4.0
R309,P4,P07,A,CMP,3.0
R309,P4,P07,A,CSAT,3.0
R309,P4,P07,A,PI,3.5
R309,P4,P07,B,CMP,4.0
R309,P4,P07,B,CSAT,5.0
R309,P4,P07,B,PI,4.0
R309,P5,P08,A,CSAT,5.0
R309,P5,P08,A,HL,3.0
R309,P5,P08,A,PI,3.5
R309,P5,P08,B,CSAT,5.0
R309,P5,P08,B,HL,4.0
R309,P5,P08,B,PI,3.0
R310,P1,P04,A,CMP,5.0
R310,P1,P04,A,HL,5.0
R310,P1,P04,A,PI,4.0
R310,P1,P04,B,CMP,5.0
R310,P1,P04,B,HL,5.0
R310,P1,P04,B,PI,4.5
R310,P2,P03,A,HL,4.0
R310,P2,P03,A,PI,4.5
R310,P2,P03,B,HL,5.0
R310,P2,P03,B,PI,4.0
R310,P3,P23,A,CMP,5.0
R310,P3,P23,A,CSAT,4.0
R310,P3,P23,A,PI,4.5
R310,P3,P23,B,CMP,4.0
R310,P3,P23,B,CSAT,4.0
R310,P3,P23,B,PI,4.0
R310,P4,P07,A,CMP,3.0
R310,P4,P07,A,CSAT,3.0
R310,P4,P07,A,PI,5.0
R310,P4,P07,B,CMP,4.0
R310,P4,P07,B,CSAT,5.0
R310,P4,P07,B,PI,3.5
R310,P5,P08,A,CSAT,4.0
R310,P5,P08,A,HL,5.0
R310,P5,P08,A,PI,4.0
R310,P5,P08,B,CSAT,4.0
R310,P5,P08,B,HL,5.0
R310,P5,P08,B,PI,3.0
R311,P1,P04,A,CMP,3.0
R311,P1,P04,A,HL,4.0
R311,P1,P04,A,PI,3.5
R311,P1,P04,B,CMP,4.0
R311,P1,P04,B,HL,4.0
R311,P1,P04,B,PI,4.5
R311,P2,P03,A,HL,4.0
R311,P2,P03,A,PI,4.0
R311,P2,P03,B,HL,4.0
R311,P2,P03,B,PI,4.0
R311,P3,P23,A,CMP,5.0
R311,P3,P23,A,CSAT,3.0
R311,P3,P23,A,PI,5.0
R311,P3,P23,B,CMP,5.0
R311,P3,P23,B,CSAT,3.0
R311,P3,P23,B,PI,4.5
R311,P4,P07,A,CMP,3.0
R311,P4,P07,A,CSAT,4.0
R311,P4,P07,A,PI,4.5
R311,P4,P07,B,CMP,4.0
R311,P4,P07,B,CSAT,5.0
R311,P4,P07,B,PI,4.0
R311,P5,P08,A,CSAT,4.0
R311,P5,P08,A,HL,5.0
R311,P5,P08,A,PI,4.5
R311,P5,P08,B,CSAT,5.0
R311,P5,P08,B,HL,4.0
R311,P5,P08,B,PI,4.0
R312,P1,P04,A,CMP,5.0
R312,P1,P04,A,HL,5.0
R312,P1,P04,A,PI,4.5
R312,P1,P04,B,CMP,5.0
R312,P1,P04,B,HL,4.0
R312,P1,P04,B,PI,3.0
R312,P2,P03,A,HL,5.0
R312,P2,P03,A,PI,4.0
R312,P2,P03,B,HL,3.0
R312,P2,P03,B,PI,4.5
R312,P3,P23,A,CMP,5.0
R312,P3,P23,A,CSAT,4.0
R312,P3,P23,A,PI,4.5
R312,P3,P23,B,CMP,5.0
R312,P3,P23,B,CSAT,3.0
R312,P3,P23,B,PI,4.5
R312,P4,P07,A,CMP,5.0
R312,P4,P07,A,CSAT,3.0
R312,P4,P07,A,PI,3.5
R312,P4,P07,B,CMP,5.0
R312,P4,P07,B,CSAT,4.0
R312,P4,P07,B,PI,4.0
R312,P5,P08,A,CSAT,2.0
R312,P5,P08,A,HL,5.0
R312,P5,P08,A,PI,4.0
R312,P5,P08,B,CSAT,4.0
R312,P5,P08,B,HL,3.0
R312,P5,P08,B,PI,3.0
R313,P1,P04,A,CMP,5.0
R313,P1,P04,A,HL,5.0
R313,P1,P04,A,PI,4.0
R313,P1,P04,B,CMP,4.0
R313,P1,P04,B,HL,3.0
R313,P1,P04,B,PI,4.0
R313,P2,P03,A,HL,5.0
R313,P2,P03,A,PI,3.0
R313,P2,P03,B,HL,3.0
R313,P2,P03,B,PI,3.5
R313,P3,P23,A,CMP,4.0
R313,P3,P23,A,CSAT,4.0
R313,P3,P23,A,PI,5.0
R313,P3,P23,B,CMP,5.0
R313,P3,P23,B,CSAT,5.0
R313,P3,P23,B,PI,2.5
R313,P4,P07,A,CMP,3.0
R313,P4,P07,A,CSAT,2.0
R313,P4,P07,A,PI,4.5
R313,P4,P07,B,CMP,3.0
R313,P4,P07,B,CSAT,5.0
R313,P4,P07,B,PI,3.5
R313,P5,P08,A,CSAT,2.0
R313,P5,P08,A,HL,4.0
R313,P5,P08,A,PI,4.0
R313,P5,P08,B,CSAT,5.0
R313,P5,P08,B,HL,5.0
R313,P5,P08,B,PI,4.0
R314,P1,P04,A,CMP,4.0
R314,P1,P04,A,HL,3.0
R314,P1,P04,A,PI,4.0
R314,P1,P04,B,CMP,5.0
R314,P1,P04,B,HL,4.0
R314,P1,P04,B,PI,4.5
R314,P2,P03,A,HL,4.0
R314,P2,P03,A,PI,2.5
R314,P2,P03,B,HL,4.0
R314,P2,P03,B,PI,4.0
R314,P3,P23,A,CMP,3.0
R314,P3,P23,A,CSAT,4.0
R314,P3,P23,A,PI,3.5
R314,P3,P23,B,CMP,5.0
R314,P3,P23,B,CSAT,5.0
R314,P3,P23,B,PI,5.0
R314,P4,P07,A,CMP,2.0
R314,P4,P07,A,CSAT,5.0
R314,P4,P07,A,PI,5.0
R314,P4,P07,B,CMP,2.0
R314,P4,P07,B,CSAT,4.0
R314,P4,P07,B,PI,4.0
R314,P5,P08,A,CSAT,5.0
R314,P5,P08,A,HL,2.0
R314,P5,P08,A,PI,4.0
R314,P5,P08,B,CSAT,3.0
R314,P5,P08,B,HL,5.0
R314,P5,P08,B,PI,3.5
R315,P1,P04,A,CMP,5.0
R315,P1,P04,A,HL,5.0
R315,P1,P04,A,PI,3.5
R315,P1,P04,B,CMP,4.0
R315,P1,P04,B,HL,4.0
R315,P1,P04,B,PI,3.0
R315,P2,P03,A,HL,4.0
R315,P2,P03,A,PI,3.5
R315,P2,P03,B,HL,5.0
R315,P2,P03,B,PI,5.0
R315,P3,P23,A,CMP,3.0
R315,P3,P23,A,CSAT,5.0
R315,P3,P23,A,PI,5.0
R315,P3,P23,B,CMP,5.0
R315,P3,P23,B,CSAT,5.0
R315,P3,P23,B,PI,4.0
R315,P4,P07,A,CMP,3.0
R315,P4,P07,A,CSAT,2.0
R315,P4,P07,A,PI,3.5
R315,P4,P07,B,CMP,2.0
R315,P4,P07,B,CSAT,4.0
R315,P4,P07,B,PI,3.0
R315,P5,P08,A,CSAT,2.0
R315,P5,P08,A,HL,4.0
R315,P5,P08,A,PI,4.5
R315,P5,P08,B,CSAT,4.0
R315,P5,P08,B,HL,4.0
R315,P5,P08,B,PI,3.5
R316,P1,P04,A,CMP,3.0
R316,P1,P04,A,HL,5.0
R316,P1,P04,A,PI,3.5
R316,P1,P04,B,CMP,2.0
R316,P1,P04,B,HL,5.0
R316,P1,P04,B,PI,3.0
R316,P2,P03,A,HL,5.0
R316,P2,P03,A,PI,4.5
R316,P2,P03,B,HL,4.0
R316,P2,P03,B,PI,4.5
R316,P3,P23,A,CMP,5.0
R316,P3,P23,A,CSAT,4.0
R316,P3,P23,A,PI,4.5
R316,P3,P23,B,CMP,5.0
R316,P3,P23,B,CSAT,5.0
R316,P3,P23,B,PI,3.5
R316,P4,P07,A,CMP,5.0
R316,P4,P07,A,CSAT,3.0
R316,P4,P07,A,PI,5.0
R316,P4,P07,B,CMP,4.0
R316,P4,P07,B,CSAT,5.0
R316,P4,P07,B,PI,4.5
R316,P5,P08,A,CSAT,5.0
R316,P5,P08,A,HL,4.0
R316,P5,P08,A,PI,3.5
R316,P5,P08,B,CSAT,3.0
R316,P5,P08,B,HL,4.0
R316,P5,P08,B,PI,4.0
R317,P1,P04,A,CMP,5.0
R317,P1,P04,A,HL,5.0
R317,P1,P04,A,PI,5.0
R317,P1,P04,B,CMP,4.0
R317,P1,P04,B,HL,4.0
R317,P1,P04,B,PI,5.0
R317,P2,P03,A,HL,5.0
R317,P2,P03,A,PI,4.0
R317,P2,P03,B,HL,4.0
R317,P2,P03,B,PI,4.0
R317,P3,P23,A,CMP,2.0
R317,P3,P23,A,CSAT,5.0
R317,P3,P23,A,PI,4.0
R317,P3,P23,B,CMP,5.0
R317,P3,P23,B,CSAT,4.0
R317,P3,P23,B,PI,5.0
R317,P4,P07,A,CMP,5.0
R317,P4,P07,A,CSAT,5.0
R317,P4,P07,A,PI,4.0
R317,P4,P07,B,CMP,5.0
R317,P4,P07,B,CSAT,3.0
R317,P4,P07,B,PI,4.0
R317,P5,P08,A,CSAT,3.0
R317,P5,P08,A,HL,5.0
R317,P5,P08,A,PI,4.5
R317,P5,P08,B,CSAT,5.0
R317,P5,P08,B,HL,5.0
R317,P5,P08,B,PI,4.5
R318,P1,P04,A,CMP,4.0
R318,P1,P04,A,HL,4.0
R318,P1,P04,A,PI,4.0
R318,P1,P04,B,CMP,5.0
R318,P1,P04,B,HL,5.0
R318,P1,P04,B,PI,2.5
R318,P2,P03,A,HL,5.0
R318,P2,P03,A,PI,3.5
R318,P2,P03,B,HL,3.0
R318,P2,P03,B,PI,4.5
R318,P3,P23,A,CMP,5.0
R318,P3,P23,A,CSAT,1.0
R318,P3,P23,A,PI,4.0
R318,P3,P23,B,CMP,5.0
R318,P3,P23,B,CSAT,3.0
R318,P3,P23,B,PI,4.5
R318,P4,P07,A,CMP,4.0
R318,P4,P07,A,CSAT,5.0
R318,P4,P07,A,PI,5.0
R318,P4,P07,B,CMP,2.0
R318,P4,P07,B,CSAT,4.0
R318,P4,P07,B,PI,4.5
R318,P5,P08,A,CSAT,3.0
R318,P5,P08,A,HL,4.0
R318,P5,P08,A,PI,4.5
R318,P5,P08,B,CSAT,4.0
R318,P5,P08,B,HL,4.0
R318,P5,P08,B,PI,3.0
R319,P1,P04,A,CMP,3.0
R319,P1,P04,A,HL,5.0
R319,P1,P04,A,PI,5.0
R319,P1,P04,B,CMP,5.0
R319,P1,P04,B,HL,3.0
R319,P1,P04,B,PI,4.5
R319,P2,P03,A,HL,5.0
R319,P2,P03,A,PI,4.0
R319,P2,P03,B,HL,5.0
R319,P2,P03,B,PI,2.5
R319,P3,P23,A,CMP,4.0
R319,P3,P23,A,CSAT,5.0
R319,P3,P23,A,PI,4.0
R319,P3,P23,B,CMP,5.0
R319,P3,P23,B,CSAT,3.0
R319,P3,P23,B,PI,3.5
R319,P4,P07,A,CMP,5.0
R319,P4,P07,A,CSAT,4.0
R319,P4,P07,A,PI,4.5
R319,P4,P07,B,CMP,4.0
R319,P4,P07,B,CSAT,5.0
R319,P4,P07,B,PI,2.0
R319,P5,P08,A,CSAT,4.0
R319,P5,P08,A,HL,4.0
R319,P5,P08,A,PI,5.0
R319,P5,P08,B,CSAT,4.0
R319,P5,P08,B,HL,5.0
R319,P5,P08,B,PI,4.0
R320,P1,P04,A,CMP,5.0
R320,P1,P04,A,HL,3.0
R320,P1,P04,A,PI,3.5
R320,P1,P04,B,CMP,3.0
R320,P1,P04,B,HL,4.0
R320,P1,P04,B,PI,2.5
R320,P2,P03,A,HL,5.0
R320,P2,P03,A,PI,4.0
R320,P2,P03,B,HL,1.0
R320,P2,P03,B,PI,4.5
R320,P3,P23,A,CMP,5.0
R320,P3,P23,A,CSAT,3.0
R320,P3,P23,A,PI,4.5
R320,P3,P23,B,CMP,5.0
R320,P3,P23,B,CSAT,2.0
R320,P3,P23,B,PI,4.0
R320,P4,P07,A,CMP,5.0
R320,P4,P07,A,CSAT,5.0
R320,P4,P07,A,PI,3.5
R320,P4,P07,B,CMP,5.0
R320,P4,P07,B,CSAT,4.0
R320,P4,P07,B,PI,3.5
R320,P5,P08,A,CSAT,5.0
R320,P5,P08,A,HL,1.0
R320,P5,P08,A,PI,4.5
R320,P5,P08,B,CSAT,2.0
R320,P5,P08,B,HL,5.0
R320,P5,P08,B,PI,3.5
R321,P1,P04,A,CMP,5.0
R321,P1,P04,A,HL,5.0
R321,P1,P04,A,PI,5.0
R321,P1,P04,B,CMP,4.0
R321,P1,P04,B,HL,5.0
R321,P1,P04,B,PI,5.0
R321,P2,P03,A,HL,5.0
R321,P2,P03,A,PI,4.5
R321,P2,P03,B,HL,1.0
R321,P2,P03,B,PI,4.5
R321,P3,P23,A,CMP,5.0
R321,P3,P23,A,CSAT,4.0
R321,P3,P23,A,PI,3.5
R321,P3,P23,B,CMP,3.0
R321,P3,P23,B,CSAT,3.0
R321,P3,P23,B,PI,3.5
R321,P4,P07,A,CMP,3.0
R321,P4,P07,A,CSAT,5.0
R321,P4,P07,A,PI,4.0
R321,P4,P07,B,CMP,4.0
R321,P4,P07,B,CSAT,3.0
R321,P4,P07,B,PI,3.5
R321,P5,P08,A,CSAT,4.0
R321,P5,P08,A,HL,3.0
R321,P5,P08,A,PI,5.0
R321,P5,P08,B,CSAT,4.0
R321,P5,P08,B,HL,4.0
R321,P5,P08,B,PI,3.5
R322,P1,P04,A,CMP,3.0
R322,P1,P04,A,HL,3.0
R322,P1,P04,A,PI,3.5
R322,P1,P04,B,CMP,5.0
R322,P1,P04,B,HL,5.0
R322,P1,P04,B,PI,4.0
R322,P2,P03,A,HL,4.0
R322,P2,P03,A,PI,4.5
R322,P2,P03,B,HL,5.0
R322,P2,P03,B,PI,5.0
R322,P3,P23,A,CMP,4.0
R322,P3,P23,A,CSAT,5.0
R322,P3,P23,A,PI,4.0
R322,P3,P23,B,CMP,3.0
R322,P3,P23,B,CSAT,3.0
R322,P3,P23,B,PI,4.5
R322,P4,P07,A,CMP,5.0
R322,P4,P07,A,CSAT,4.0
R322,P4,P07,A,PI,4.5
R322,P4,P07,B,CMP,2.0
R322,P4,P07,B,CSAT,5.0
R322,P4,P07,B,PI,5.0
R322,P5,P08,A,CSAT,4.0
R322,P5,P08,A,HL,5.0
R322,P5,P08,A,PI,4.5
R322,P5,P08,B,CSAT,5.0
R322,P5,P08,B,HL,5.0
R322,P5,P08,B,PI,4.5
R323,P1,P04,A,CMP,5.0
R323,P1,P04,A,HL,3.0
R323,P1,P04,A,PI,4.0
R323,P1,P04,B,CMP,3.0
R323,P1,P04,B,HL,3.0
R323,P1,P04,B,PI,4.5
R323,P2,P03,A,HL,5.0
R323,P2,P03,A,PI,4.5
R323,P2,P03,B,HL,3.0
R323,P2,P03,B,PI,4.5
R323,P3,P23,A,CMP,5.0
R323,P3,P23,A,CSAT,4.0
R323,P3,P23,A,PI,4.0
R323,P3,P23,B,CMP,3.0
R323,P3,P23,B,CSAT,3.0
R323,P3,P23,B,PI,3.5
R323,P4,P07,A,CMP,4.0
R323,P4,P07,A,CSAT,5.0
R323,P4,P07,A,PI,4.5
R323,P4,P07,B,CMP,4.0
R323,P4,P07,B,CSAT,4.0
R323,P4,P07,B,PI,3.0
R323,P5,P08,A,CSAT,4.0
R323,P5,P08,A,HL,3.0
R323,P5,P08,A,PI,3.5
R323,P5,P08,B,CSAT,5.0
R323,P5,P08,B,HL,5.0
R323,P5,P08,B,PI,4.5
R324,P1,P04,A,CMP,4.0
R324,P1,P04,A,HL,5.0
R324,P1,P04,A,PI,4.5
R324,P1,P04,B,CMP,5.0
R324,P1,P04,B,HL,5.0
R324,P1,P04,B,PI,5.0
R324,P2,P03,A,HL,5.0
R324,P2,P03,A,PI,4.5
R324,P2,P03,B,HL,4.0
R324,P2,P03,B,PI,3.0
R324,P3,P23,A,CMP,3.0
R324,P3,P23,A,CSAT,4.0
R324,P3,P23,A,PI,4.5
R324,P3,P23,B,CMP,5.0
R324,P3,P23,B,CSAT,4.0
R324,P3,P23,B,PI,5.0
R324,P4,P07,A,CMP,4.0
R324,P4,P07,A,CSAT,5.0
R324,P4,P07,A,PI,2.5
R324,P4,P07,B,CMP,4.0
R324,P4,P07,B,CSAT,5.0
R324,P4,P07,B,PI,4.5
R324,P5,P08,A,CSAT,5.0
R324,P5,P08,A,HL,2.0
R324,P5,P08,A,PI,3.0
R324,P5,P08,B,CSAT,4.0
R324,P5,P08,B,HL,5.0
R324,P5,P08,B,PI,4.5
R325,P1,P04,A,CMP,4.0
R325,P1,P04,A,HL,4.0
R325,P1,P04,A,PI,5.0
R325,P1,P04,B,CMP,3.0
R325,P1,P04,B,HL,5.0
R325,P1,P04,B,PI,4.5
R325,P2,P03,A,HL,2.0
R325,P2,P03,A,PI,5.0
R325,P2,P03,B,HL,5.0
R325,P2,P03,B,PI,3.5
R325,P3,P23,A,CMP,5.0
R325,P3,P23,A,CSAT,4.0
R325,P3,P23,A,PI,3.5
R325,P3,P23,B,CMP,1.0
R325,P3,P23,B,CSAT,4.0
R325,P3,P23,B,PI,5.0
R325,P4,P07,A,CMP,5.0
R325,P4,P07,A,CSAT,2.0
R325,P4,P07,A,PI,2.5
R325,P4,P07,B,CMP,2.0
R325,P4,P07,B,CSAT,3.0
R325,P4,P07,B,PI,3.0
R325,P5,P08,A,CSAT,5.0
R325,P5,P08,A,HL,5.0
R325,P5,P08,A,PI,4.5
R325,P5,P08,B,CSAT,2.0
R325,P5,P08,B,HL,5.0
R325,P5,P08,B,PI,2.5
R326,P1,P04,A,CMP,5.0
R326,P1,P04,A,HL,3.0
R326,P1,P04,A,PI,5.0
R326,P1,P04,B,CMP,5.0
R326,P1,P04,B,HL,4.0
R326,P1,P04,B,PI,2.5
R326,P2,P03,A,HL,3.0
R326,P2,P03,A,PI,5.0
R326,P2,P03,B,HL,4.0
R326,P2,P03,B,PI,3.5
R326,P3,P23,A,CMP,4.0
R326,P3,P23,A,CSAT,4.0
R326,P3,P23,A,PI,4.5
R326,P3,P23,B,CMP,1.0
R326,P3,P23,B,CSAT,3.0
R326,P3,P23,B,PI,4.5
R326,P4,P07,A,CMP,4.0
R326,P4,P07,A,CSAT,4.0
R326,P4,P07,A,PI,4.0
R326,P4,P07,B,CMP,2.0
R326,P4,P07,B,CSAT,3.0
R326,P4,P07,B,PI,3.5
R326,P5,P08,A,CSAT,4.0
R326,P5,P08,A,HL,4.0
R326,P5,P08,A,PI,5.0
R326,P5,P08,B,CSAT,5.0
R326,P5,P08,B,HL,4.0
R326,P5,P08,B,PI,3.5
R327,P1,P04,A,CMP,2.0
R327,P1,P04,A,HL,5.0
R327,P1,P04,A,PI,5.0
R327,P1,P04,B,CMP,5.0
R327,P1,P04,B,HL,5.0
R327,P1,P04,B,PI,4.5
R327,P2,P03,A,HL,3.0
R327,P2,P03,A,PI,4.0
R327,P2,P03,B,HL,4.0
R327,P2,P03,B,PI,4.0
R327,P3,P23,A,CMP,3.0
R327,P3,P23,A,CSAT,5.0
R327,P3,P23,A,PI,4.5
R327,P3,P23,B,CMP,5.0
R327,P3,P23,B,CSAT,5.0
R327,P3,P23,B,PI,4.0
R327,P4,P07,A,CMP,3.0
R327,P4,P07,A,CSAT,3.0
R327,P4,P07,A,PI,5.0
R327,P4,P07,B,CMP,2.0
R327,P4,P07,B,CSAT,5.0
R327,P4,P07,B,PI,4.5
R327,P5,P08,A,CSAT,3.0
R327,P5,P08,A,HL,5.0
R327,P5,P08,A,PI,4.5
R327,P5,P08,B,CSAT,5.0
R327,P5,P08,B,HL,5.0
R327,P5,P08,B,PI,4.0
R328,P1,P04,A,CMP,3.0
R328,P1,P04,A,HL,5.0
R328,P1,P04,A,PI,4.0
R328,P1,P04,B,CMP,4.0
R328,P1,P04,B,HL,4.0
R328,P1,P04,B,PI,3.5
R328,P2,P03,A,HL,5.0
R328,P2,P03,A,PI,4.0
R328,P2,P03,B,HL,3.0
R328,P2,P03,B,PI,4.5
R328,P3,P23,A,CMP,5.0
R328,P3,P23,A,CSAT,5.0
R328,P3,P23,A,PI,5.0
R328,P3,P23,B,CMP,4.0
R328,P3,P23,B,CSAT,3.0
R328,P3,P23,B,PI,3.5
R328,P4,P07,A,CMP,5.0
R328,P4,P07,A,CSAT,4.0
R328,P4,P07,A,PI,4.5
R328,P4,P07,B,CMP,2.0
R328,P4,P07,B,CSAT,3.0
R328,P4,P07,B,PI,4.5
R328,P5,P08,A,CSAT,2.0
R328,P5,P08,A,HL,5.0
R328,P5,P08,A,PI,4.0
R328,P5,P08,B,CSAT,1.0
R328,P5,P08,B,HL,5.0
R328,P5,P08,B,PI,3.0
R329,P1,P04,A,CMP,5.0
R329,P1,P04,A,HL,4.0
R329,P1,P04,A,PI,4.5
R329,P1,P04,B,CMP,3.0
R329,P1,P04,B,HL,4.0
R329,P1,P04,B,PI,4.0
R329,P2,P03,A,HL,4.0
R329,P2,P03,A,PI,3.5
R329,P2,P03,B,HL,4.0
R329,P2,P03,B,PI,4.5
R329,P3,P23,A,CMP,5.0
R329,P3,P23,A,CSAT,3.0
R329,P3,P23,A,PI,4.5
R329,P3,P23,B,CMP,5.0
R329,P3,P23,B,CSAT,4.0
R329,P3,P23,B,PI,3.5
R329,P4,P07,A,CMP,4.0
R329,P4,P07,A,CSAT,5.0
R329,P4,P07,A,PI,5.0
R329,P4,P07,B,CMP,3.0
R329,P4,P07,B,CSAT,5.0
R329,P4,P07,B,PI,3.5
R329,P5,P08,A,CSAT,5.0
R329,P5,P08,A,HL,4.0
R329,P5,P08,A,PI,5.0
R329,P5,P08,B,CSAT,4.0
R329,P5,P08,B,HL,5.0
R329,P5,P08,B,PI,4.5
R330,P1,P04,A,CMP,3.0
R330,P1,P04,A,HL,5.0
R330,P1,P04,A,PI,3.5
R330,P1,P04,B,CMP,3.0
R330,P1,P04,B,HL,4.0
R330,P1,P04,B,PI,3.0
R330,P2,P03,A,HL,4.0
R330,P2,P03,A,PI,4.0
R330,P2,P03,B,HL,4.0
R330,P2,P03,B,PI,4.5
R330,P3,P23,A,CMP,4.0
R330,P3,P23,A,CSAT,5.0
R330,P3,P23,A,PI,5.0
R330,P3,P23,B,CMP,4.0
R330,P3,P23,B,CSAT,3.0
R330,P3,P23,B,PI,3.5
R330,P4,P07,A,CMP,4.0
R330,P4,P07,A,CSAT,4.0
R330,P4,P07,A,PI,4.5
R330,P4,P07,B,CMP,3.0
R330,P4,P07,B,CSAT,3.0
R330,P4,P07,B,PI,4.0
R330,P5,P08,A,CSAT,5.0
R330,P5,P08,A,HL,3.0
R330,P5,P08,A,PI,4.5
R330,P5,P08,B,CSAT,5.0
R330,P5,P08,B,HL,5.0
R330,P5,P08,B,PI,2.5
R331,P1,P04,A,CMP,4.0
R331,P1,P04,A,HL,5.0
R331,P1,P04,A,PI,4.0
R331,P1,P04,B,CMP,4.0
R331,P1,P04,B,HL,4.0
R331,P1,P04,B,PI,4.5
R331,P2,P03,A,HL,4.0
R331,P2,P03,A,PI,4.5
R331,P2,P03,B,HL,5.0
R331,P2,P03,B,PI,5.0
R331,P3,P23,A,CMP,4.0
R331,P3,P23,A,CSAT,4.0
R331,P3,P23,A,PI,3.5
R331,P3,P23,B,CMP,4.0
R331,P3,P23,B,CSAT,4.0
R331,P3,P23,B,PI,3.5
R331,P4,P07,A,CMP,3.0
R331,P4,P07,A,CSAT,4.0
R331,P4,P07,A,PI,4.5
R331,P4,P07,B,CMP,3.0
R331,P4,P07,B,CSAT,3.0
R331,P4,P07,B,PI,3.5
R331,P5,P08,A,CSAT,4.0
R331,P5,P08,A,HL,5.0
R331,P5,P08,A,PI,4.5
R331,P5,P08,B,CSAT,4.0
R331,P5,P08,B,HL,5.0
R331,P5,P08,B,PI,2.5
R332,P1,P04,A,CMP,4.0
R332,P1,P04,A,HL,5.0
R332,P1,P04,A,PI,4.5
R332,P1,P04,B,CMP,3.0
R332,P1,P04,B,HL,4.0
R332,P1,P04,B,PI,4.5
R332,P2,P03,A,HL,3.0
R332,P2,P03,A,PI,4.5
R332,P2,P03,B,HL,3.0
R332,P2,P03,B,PI,4.0
R332,P3,P23,A,CMP,5.0
R332,P3,P23,A,CSAT,2.0
R332,P3,P23,A,PI,3.0
R332,P3,P23,B,CMP,4.0
R332,P3,P23,B,CSAT,4.0
R332,P3,P23,B,PI,4.0
R332,P4,P07,A,CMP,4.0
R332,P4,P07,A,CSAT,5.0
R332,P4,P07,A,PI,4.5
R332,P4,P07,B,CMP,4.0
R332,P4,P07,B,CSAT,3.0
R332,P4,P07,B,PI,2.5
R332,P5,P08,A,CSAT,3.0
R332,P5,P08,A,HL,3.0
R332,P5,P08,A,PI,4.0
R332,P5,P08,B,CSAT,4.0
R332,P5,P08,B,HL,5.0
R332,P5,P08,B,PI,3.5
R333,P1,P04,A,CMP,4.0
R333,P1,P04,A,HL,5.0
R333,P1,P04,A,PI,4.5
R333,P1,P04,B,CMP,5.0
R333,P1,P04,B,HL,5.0
R333,P1,P04,B,PI,4.5
R333,P2,P03,A,HL,4.0
R333,P2,P03,A,PI,5.0
R333,P2,P03,B,HL,4.0
R333,P2,P03,B,PI,3.0
R333,P3,P23,A,CMP,5.0
R333,P3,P23,A,CSAT,4.0
R333,P3,P23,A,PI,4.5
R333,P3,P23,B,CMP,4.0
R333,P3,P23,B,CSAT,5.0
R333,P3,P23,B,PI,3.5
R333,P4,P07,A,CMP,4.0
R333,P4,P07,A,CSAT,5.0
R333,P4,P07,A,PI,3.5
R333,P4,P07,B,CMP,3.0
R333,P4,P07,B,CSAT,5.0
R333,P4,P07,B,PI,3.0
R333,P5,P08,A,CSAT,4.0
R333,P5,P08,A,HL,4.0
R333,P5,P08,A,PI,5.0
R333,P5,P08,B,CSAT,5.0
R333,P5,P08,B,HL,5.0
R333,P5,P08,B,PI,4.0
R334,P1,P04,A,CMP,4.0
R334,P1,P04,A,HL,5.0
R334,P1,P04,A,PI,4.0
R334,P1,P04,B,CMP,5.0
R334,P1,P04,B,HL,4.0
R334,P1,P04,B,PI,4.0
R334,P2,P03,A,HL,3.0
R334,P2,P03,A,PI,4.0
R334,P2,P03,B,HL,4.0
R334,P2,P03,B,PI,5.0
R334,P3,P23,A,CMP,3.0
R334,P3,P23,A,CSAT,2.0
R334,P3,P23,A,PI,4.5
R334,P3,P23,B,CMP,5.0
R334,P3,P23,B,CSAT,4.0
R334,P3,P23,B,PI,3.5
R334,P4,P07,A,CMP,4.0
R334,P4,P07,A,CSAT,4.0
R334,P4,P07,A,PI,4.5
R334,P4,P07,B,CMP,2.0
R334,P4,P07,B,CSAT,3.0
R334,P4,P07,B,PI,4.5
R334,P5,P08,A,CSAT,3.0
R334,P5,P08,A,HL,1.0
R334,P5,P08,A,PI,4.0
R334,P5,P08,B,CSAT,2.0
R334,P5,P08,B,HL,5.0
R334,P5,P08,B,PI,3.5
R335,P1,P04,A,CMP,5.0
R335,P1,P04,A,HL,4.0
R335,P1,P04,A,PI,4.0
R335,P1,P04,B,CMP,5.0
R335,P1,P04,B,HL,5.0
R335,P1,P04,B,PI,4.0
R335,P2,P03,A,HL,2.0
R335,P2,P03,A,PI,4.0
R335,P2,P03,B,HL,4.0
R335,P2,P03,B,PI,3.5
R335,P3,P23,A,CMP,4.0
R335,P3,P23,A,CSAT,4.0
R335,P3,P23,A,PI,5.0
R335,P3,P23,B,CMP,4.0
R335,P3,P23,B,CSAT,3.0
R335,P3,P23,B,PI,3.5
R335,P4,P07,A,CMP,5.0
R335,P4,P07,A,CSAT,4.0
R335,P4,P07,A,PI,4.0
R335,P4,P07,B,CMP,3.0
R335,P4,P07,B,CSAT,4.0
R335,P4,P07,B,PI,4.0
R335,P5,P08,A,CSAT,3.0
R335,P5,P08,A,HL,2.0
R335,P5,P08,A,PI,4.5
R335,P5,P08,B,CSAT,5.0
R335,P5,P08,B,HL,4.0
R335,P5,P08,B,PI,3.0
R336,P1,P04,A,CMP,5.0
R336,P1,P04,A,HL,5.0
R336,P1,P04,A,PI,4.0
R336,P1,P04,B,CMP,5.0
R336,P1,P04,B,HL,5.0
R336,P1,P04,B,PI,3.0
R336,P2,P03,A,HL,4.0
R336,P2,P03,A,PI,4.0
R336,P2,P03,B,HL,4.0
R336,P2,P03,B,PI,3.5
R336,P3,P23,A,CMP,4.0
R336,P3,P23,A,CSAT,1.0
R336,P3,P23,A,PI,3.5
R336,P3,P23,B,CMP,5.0
R336,P3,P23,B,CSAT,4.0
R336,P3,P23,B,PI,4.0
R336,P4,P07,A,CMP,4.0
R336,P4,P07,A,CSAT,3.0
R336,P4,P07,A,PI,4.5
R336,P4,P07,B,CMP,4.0
R336,P4,P07,B,CSAT,4.0
R336,P4,P07,B,PI,4.5
R336,P5,P08,A,CSAT,5.0
R336,P5,P08,A,HL,5.0
R336,P5,P08,A,PI,3.5
R336,P5,P08,B,CSAT,5.0
R336,P5,P08,B,HL,5.0
R336,P5,P08,B,PI,4.0
R337,P1,P04,A,CMP,5.0
R337,P1,P04,A,HL,4.0
R337,P1,P04,A,PI,4.5
R337,P1,P04,B,CMP,5.0
R337,P1,P04,B,HL,5.0
R337,P1,P04,B,PI,3.0
R337,P2,P03,A,HL,5.0
R337,P2,P03,A,PI,3.5
R337,P2,P03,B,HL,4.0
R337,P2,P03,B,PI,5.0
R337,P3,P23,A,CMP,2.0
R337,P3,P23,A,CSAT,3.0
R337,P3,P23,A,PI,5.0
R337,P3,P23,B,CMP,3.0
R337,P3,P23,B,CSAT,3.0
R337,P3,P23,B,PI,3.5
R337,P4,P07,A,CMP,4.0
R337,P4,P07,A,CSAT,4.0
R337,P4,P07,A,PI,4.0
R337,P4,P07,B,CMP,2.0
R337,P4,P07,B,CSAT,4.0
R337,P4,P07,B,PI,3.5
R337,P5,P08,A,CSAT,2.0
R337,P5,P08,A,HL,4.0
R337,P5,P08,A,PI,4.5
R337,P5,P08,B,CSAT,3.0
R337,P5,P08,B,HL,5.0
R337,P5,P08,B,PI,3.0
R338,P1,P04,A,CMP,5.0
R338,P1,P04,A,HL,3.0
R338,P1,P04,A,PI,4.0
R338,P1,P04,B,CMP,5.0
R338,P1,P04,B,HL,5.0
R338,P1,P04,B,PI,4.0
R338,P2,P03,A,HL,5.0
R338,P2,P03,A,PI,3.5
R338,P2,P03,B,HL,5.0
R338,P2,P03,B,PI,5.0
R338,P3,P23,A,CMP,5.0
R338,P3,P23,A,CSAT,5.0
R338,P3,P23,A,PI,4.5
R338,P3,P23,B,CMP,5.0
R338,P3,P23,B,CSAT,4.0
R338,P3,P23,B,PI,4.5
R338,P4,P07,A,CMP,5.0
R338,P4,P07,A,CSAT,4.0
R338,P4,P07,A,PI,5.0
R338,P4,P07,B,CMP,4.0
R338,P4,P07,B,CSAT,5.0
R338,P4,P07,B,PI,4.0
R338,P5,P08,A,CSAT,3.0
R338,P5,P08,A,HL,4.0
R338,P5,P08,A,PI,4.5
R338,P5,P08,B,CSAT,5.0
R338,P5,P08,B,HL,5.0
R338,P5,P08,B,PI,3.5
R339,P1,P04,A,CMP,4.0
R339,P1,P04,A,HL,5.0
R339,P1,P04,A,PI,4.0
R339,P1,P04,B,CMP,2.0
R339,P1,P04,B,HL,5.0
R339,P1,P04,B,PI,4.0
R339,P2,P03,A,HL,4.0
R339,P2,P03,A,PI,5.0
R339,P2,P03,B,HL,5.0
R339,P2,P03,B,PI,3.0
R339,P3,P23,A,CMP,5.0
R339,P3,P23,A,CSAT,4.0
R339,P3,P23,A,PI,3.5
R339,P3,P23,B,CMP,5.0
R339,P3,P23,B,CSAT,4.0
R339,P3,P23,B,PI,5.0
R339,P4,P07,A,CMP,4.0
R339,P4,P07,A,CSAT,4.0
R339,P4,P07,A,PI,5.0
R339,P4,P07,B,CMP,4.0
R339,P4,P07,B,CSAT,5.0
R339,P4,P07,B,PI,3.5
R339,P5,P08,A,CSAT,4.0
R339,P5,P08,A,HL,4.0
R339,P5,P08,A,PI,4.5
R339,P5,P08,B,CSAT,4.0
R339,P5,P08,B,HL,3.0
R339,P5,P08,B,PI,2.5
R340,P1,P04,A,CMP,4.0
R340,P1,P04,A,HL,5.0
R340,P1,P04,A,PI,3.0
R340,P1,P04,B,CMP,5.0
R340,P1,P04,B,HL,4.0
R340,P1,P04,B,PI,4.0
R340,P2,P03,A,HL,4.0
R340,P2,P03,A,PI,4.0
R340,P2,P03,B,HL,2.0
R340,P2,P03,B,PI,4.0
R340,P3,P23,A,CMP,5.0
R340,P3,P23,A,CSAT,4.0
R340,P3,P23,A,PI,3.0
R340,P3,P23,B,CMP,5.0
R340,P3,P23,B,CSAT,3.0
R340,P3,P23,B,PI,4.0
R340,P4,P07,A,CMP,5.0
R340,P4,P07,A,CSAT,5.0
R340,P4,P07,A,PI,3.5
R340,P4,P07,B,CMP,2.0
R340,P4,P07,B,CSAT,3.0
R340,P4,P07,B,PI,3.0
R340,P5,P08,A,CSAT,3.0
R340,P5,P08,A,HL,4.0
R340,P5,P08,A,PI,4.5
R340,P5,P08,B,CSAT,2.0
R340,P5,P08,B,HL,3.0
R340,P5,P08,B,PI,4.5
R341,P1,P04,A,CMP,5.0
R341,P1,P04,A,HL,4.0
R341,P1,P04,A,PI,5.0
R341,P1,P04,B,CMP,5.0
R341,P1,P04,B,HL,4.0
R341,P1,P04,B,PI,4.0
R341,P2,P03,A,HL,5.0
R341,P2,P03,A,PI,4.5
R341,P2,P03,B,HL,3.0
R341,P2,P03,B,PI,4.0
R341,P3,P23,A,CMP,5.0
R341,P3,P23,A,CSAT,4.0
R341,P3,P23,A,PI,4.0
R341,P3,P23,B,CMP,5.0
R341,P3,P23,B,CSAT,3.0
R341,P3,P23,B,PI,4.0
R341,P4,P07,A,CMP,5.0
R341,P4,P07,A,CSAT,4.0
R341,P4,P07,A,PI,4.0
R341,P4,P07,B,CMP,3.0
R341,P4,P07,B,CSAT,5.0
R341,P4,P07,B,PI,3.5
R341,P5,P08,A,CSAT,4.0
R341,P5,P08,A,HL,3.0
R341,P5,P08,A,PI,4.5
R341,P5,P08,B,CSAT,3.0
R341,P5,P08,B,HL,5.0
R341,P5,P08,B,PI,4.5
R342,P1,P04,A,CMP,5.0
R342,P1,P04,A,HL,4.0
R342,P1,P04,A,PI,3.5
R342,P1,P04,B,CMP,3.0
R342,P1,P04,B,HL,3.0
R342,P1,P04,B,PI,3.0
R342,P2,P03,A,HL,5.0
R342,P2,P03,A,PI,4.0
R342,P2,P03,B,HL,1.0
R342,P2,P03,B,PI,4.0
R342,P3,P23,A,CMP,4.0
R342,P3,P23,A,CSAT,4.0
R342,P3,P23,A,PI,4.0
R342,P3,P23,B,CMP,5.0
R342,P3,P23,B,CSAT,4.0
R342,P3,P23,B,PI,4.0
R342,P4,P07,A,CMP,5.0
R342,P4,P07,A,CSAT,5.0
R342,P4,P07,A,PI,5.0
R342,P4,P07,B,CMP,4.0
R342,P4,P07,B,CSAT,5.0
R342,P4,P07,B,PI,4.5
R342,P5,P08,A,CSAT,3.0
R342,P5,P08,A,HL,4.0
R342,P5,P08,A,PI,4.5
R342,P5,P08,B,CSAT,4.0
R342,P5,P08,B,HL,3.0
R342,P5,P08,B,PI,4.0
R343,P1,P04,A,CMP,5.0
R343,P1,P04,A,HL,2.0
R343,P1,P04,A,PI,4.0
R343,P1,P04,B,CMP,5.0
R343,P1,P04,B,HL,5.0
R343,P1,P04,B,PI,4.5
R343,P2,P03,A,HL,5.0
R343,P2,P03,A,PI,4.5
R343,P2,P03,B,HL,4.0
R343,P2,P03,B,PI,4.0
R343,P3,P23,A,CMP,4.0
R343,P3,P23,A,CSAT,5.0
R343,P3,P23,A,PI,4.0
R343,P3,P23,B,CMP,3.0
R343,P3,P23,B,CSAT,3.0
R343,P3,P23,B,PI,4.0
R343,P4,P07,A,CMP,5.0
R343,P4,P07,A,CSAT,4.0
R343,P4,P07,A,PI,4.0
R343,P4,P07,B,CMP,2.0
R343,P4,P07,B,CSAT,5.0
R343,P4,P07,B,PI,4.0
R343,P5,P08,A,CSAT,5.0
R343,P5,P08,A,HL,5.0
R343,P5,P08,A,PI,4.5
R343,P5,P08,B,CSAT,5.0
R343,P5,P08,B,HL,5.0
R343,P5,P08,B,PI,4.0
R344,P1,P04,A,CMP,4.0
R344,P1,P04,A,HL,5.0
R344,P1,P04,A,PI,4.5
R344,P1,P04,B,CMP,5.0
R344,P1,P04,B,HL,4.0
R344,P1,P04,B,PI,3.5
R344,P2,P03,A,HL,4.0
R344,P2,P03,A,PI,3.5
R344,P2,P03,B,HL,4.0
R344,P2,P03,B,PI,4.5
R344,P3,P23,A,CMP,5.0
R344,P3,P23,A,CSAT,5.0
R344,P3,P23,A,PI,4.0
R344,P3,P23,B,CMP,4.0
R344,P3,P23,B,CSAT,3.0
R344,P3,P23,B,PI,4.5
R344,P4,P07,A,CMP,4.0
R344,P4,P07,A,CSAT,3.0
R344,P4,P07,A,PI,4.5
R344,P4,P07,B,CMP,2.0
R344,P4,P07,B,CSAT,5.0
R344,P4,P07,B,PI,2.5
R344,P5,P08,A,CSAT,3.0
R344,P5,P08,A,HL,5.0
R344,P5,P08,A,PI,5.0
R344,P5,P08,B,CSAT,5.0
R344,P5,P08,B,HL,3.0
R344,P5,P08,B,PI,4.5
R345,P1,P04,A,CMP,4.0
R345,P1,P04,A,HL,5.0
R345,P1,P04,A,PI,4.0
R345,P1,P04,B,CMP,2.0
R345,P1,P04,B,HL,3.0
R345,P1,P04,B,PI,5.0
R345,P2,P03,A,HL,4.0
R345,P2,P03,A,PI,4.5
R345,P2,P03,B,HL,1.0
R345,P2,P03,B,PI,4.5
R345,P3,P23,A,CMP,3.0
R345,P3,P23,A,CSAT,4.0
R345,P3,P23,A,PI,4.5
R345,P3,P23,B,CMP,2.0
R345,P3,P23,B,CSAT,4.0
R345,P3,P23,B,PI,4.0
R345,P4,P07,A,CMP,5.0
R345,P4,P07,A,CSAT,5.0
R345,P4,P07,A,PI,4.5
R345,P4,P07,B,CMP,3.0
R345,P4,P07,B,CSAT,2.0
R345,P4,P07,B,PI,5.0
R345,P5,P08,A,CSAT,4.0
R345,P5,P08,A,HL,5.0
R345,P5,P08,A,PI,4.5
R345,P5,P08,B,CSAT,4.0
R345,P5,P08,B,HL,5.0
R345,P5,P08,B,PI,5.0
R346,P1,P04,A,CMP,3.0
R346,P1,P04,A,HL,4.0
R346,P1,P04,A,PI,4.0
R346,P1,P04,B,CMP,4.0
R346,P1,P04,B,HL,4.0
R346,P1,P04,B,PI,4.5
R346,P2,P03,A,HL,5.0
R346,P2,P03,A,PI,4.0
R346,P2,P03,B,HL,4.0
R346,P2,P03,B,PI,2.5
R346,P3,P23,A,CMP,5.0
R346,P3,P23,A,CSAT,5.0
R346,P3,P23,A,PI,4.0
R346,P3,P23,B,CMP,5.0
R346,P3,P23,B,CSAT,4.0
R346,P3,P23,B,PI,3.5
R346,P4,P07,A,CMP,5.0
R346,P4,P07,A,CSAT,4.0
R346,P4,P07,A,PI,2.5
R346,P4,P07,B,CMP,3.0
R346,P4,P07,B,CSAT,3.0
R346,P4,P07,B,PI,3.0
R346,P5,P08,A,CSAT,5.0
R346,P5,P08,A,HL,4.0
R346,P5,P08,A,PI,3.5
R346,P5,P08,B,CSAT,4.0
R346,P5,P08,B,HL,4.0
R346,P5,P08,B,PI,4.5
R347,P1,P04,A,CMP,4.0
R347,P1,P04,A,HL,3.0
R347,P1,P04,A,PI,4.5
R347,P1,P04,B,CMP,1.0
R347,P1,P04,B,HL,4.0
R347,P1,P04,B,PI,4.0
R347,P2,P03,A,HL,3.0
R347,P2,P03,A,PI,4.5
R347,P2,P03,B,HL,5.0
R347,P2,P03,B,PI,4.5
R347,P3,P23,A,CMP,4.0
R347,P3,P23,A,CSAT,4.0
R347,P3,P23,A,PI,4.0
R347,P3,P23,B,CMP,3.0
R347,P3,P23,B,CSAT,5.0
R347,P3,P23,B,PI,4.5
R347,P4,P07,A,CMP,4.0
R347,P4,P07,A,CSAT,3.0
R347,P4,P07,A,PI,3.5
R347,P4,P07,B,CMP,4.0
R347,P4,P07,B,CSAT,4.0
R347,P4,P07,B,PI,4.0
R347,P5,P08,A,CSAT,5.0
R347,P5,P08,A,HL,2.0
R347,P5,P08,A,PI,3.5
R347,P5,P08,B,CSAT,4.0
R347,P5,P08,B,HL,5.0
R347,P5,P08,B,PI,4.0
R348,P1,P04,A,CMP,4.0
R348,P1,P04,A,HL,5.0
R348,P1,P04,A,PI,3.5
R348,P1,P04,B,CMP,4.0
R348,P1,P04,B,HL,3.0
R348,P1,P04,B,PI,4.5
R348,P2,P03,A,HL,1.0
R348,P2,P03,A,PI,3.5
R348,P2,P03,B,HL,4.0
R348,P2,P03,B,PI,3.0
R348,P3,P23,A,CMP,5.0
R348,P3,P23,A,CSAT,5.0
R348,P3,P23,A,PI,4.0
R348,P3,P23,B,CMP,4.0
R348,P3,P23,B,CSAT,4.0
R348,P3,P23,B,PI,3.5
R348,P4,P07,A,CMP,4.0
R348,P4,P07,A,CSAT,4.0
R348,P4,P07,A,PI,5.0
R348,P4,P07,B,CMP,2.0
R348,P4,P07,B,CSAT,3.0
R348,P4,P07,B,PI,5.0
R348,P5,P08,A,CSAT,4.0
R348,P5,P08,A,HL,4.0
R348,P5,P08,A,PI,4.0
R348,P5,P08,B,CSAT,3.0
R348,P5,P08,B,HL,5.0
R348,P5,P08,B,PI,4.5
R349,P1,P04,A,CMP,2.0
R349,P1,P04,A,HL,4.0
R349,P1,P04,A,PI,4.0
R349,P1,P04,B,CMP,5.0
R349,P1,P04,B,HL,3.0
R349,P1,P04,B,PI,5.0
R349,P2,P03,A,HL,3.0
R349,P2,P03,A,PI,3.0
R349,P2,P03,B,HL,5.0
R349,P2,P03,B,PI,4.5
R349,P3,P23,A,CMP,5.0
R349,P3,P23,A,CSAT,4.0
R349,P3,P23,A,PI,3.0
R349,P3,P23,B,CMP,4.0
R349,P3,P23,B,CSAT,4.0
R349,P3,P23,B,PI,3.5
R349,P4,P07,A,CMP,5.0
R349,P4,P07,A,CSAT,4.0
R349,P4,P07,A,PI,3.5
R349,P4,P07,B,CMP,2.0
R349,P4,P07,B,CSAT,4.0
R349,P4,P07,B,PI,3.0
R349,P5,P08,A,CSAT,5.0
R349,P5,P08,A,HL,4.0
R349,P5,P08,A,PI,4.0
R349,P5,P08,B,CSAT,5.0
R349,P5,P08,B,HL,5.0
R349,P5,P08,B,PI,3.0
R350,P1,P04,A,CMP,4.0
R350,P1,P04,A,HL,1.0
R350,P1,P04,A,PI,4.0
R350,P1,P04,B,CMP,3.0
R350,P1,P04,B,HL,5.0
R350,P1,P04,B,PI,3.0
R350,P2,P03,A,HL,3.0
R350,P2,P03,A,PI,5.0
R350,P2,P03,B,HL,4.0
R350,P2,P03,B,PI,3.0
R350,P3,P23,A,CMP,3.0
R350,P3,P23,A,CSAT,1.0
R350,P3,P23,A,PI,4.5
R350,P3,P23,B,CMP,3.0
R350,P3,P23,B,CSAT,5.0
R350,P3,P23,B,PI,4.0
R350,P4,P07,A,CMP,3.0
R350,P4,P07,A,CSAT,5.0
R350,P4,P07,A,PI,2.0
R350,P4,P07,B,CMP,1.0
R350,P4,P07,B,CSAT,3.0
R350,P4,P07,B,PI,3.5
R350,P5,P08,A,CSAT,5.0
R350,P5,P08,A,HL,4.0
R350,P5,P08,A,PI,3.5
R350,P5,P08,B,CSAT,2.0
R350,P5,P08,B,HL,5.0
R350,P5,P08,B,PI,1.5
